
Gurobi 12.0.0 (mac64[arm], gurobi_cl) logging started Fri Jan 24 13:46:45 2025

Set parameter WLSAccessID
Set parameter WLSSecret
Set parameter LicenseID to value 2596424
Set parameter LogFile to value "gurobi.log"
Using license file /Users/yunglong/Downloads/gurobi.lic
Academic license 2596424 - for non-commercial use only - registered to yu___@chalmers.se

Gurobi 12.0.0 (mac64[arm], gurobi_cl) logging started Fri Jan 24 13:58:29 2025

Set parameter WLSAccessID
Set parameter WLSSecret
Set parameter LicenseID to value 2596424
Set parameter LogFile to value "gurobi.log"
Using license file /Users/yunglong/Downloads/gurobi.lic
Academic license 2596424 - for non-commercial use only - registered to yu___@chalmers.se

Gurobi 12.0.0 (mac64[arm], gurobi_cl) logging started Fri Jan 24 13:58:29 2025


Gurobi 12.0.0 (mac64[arm], gurobi_cl) logging started Fri Jan 24 13:58:29 2025


Gurobi 12.0.0 (mac64[arm], gurobi_cl) logging started Fri Jan 24 13:58:29 2025

Set parameter WLSAccessID
Set parameter WLSAccessID
Set parameter WLSSecret
Set parameter WLSSecret
Set parameter LicenseID to value 2596424
Set parameter LicenseID to value 2596424
Set parameter WLSAccessID
Set parameter LogFile to value "gurobi.log"
Set parameter WLSSecret
Set parameter LogFile to value "gurobi.log"
Using license file /Users/yunglong/Downloads/gurobi.lic
Set parameter LicenseID to value 2596424
Using license file /Users/yunglong/Downloads/gurobi.lic
Set parameter LogFile to value "gurobi.log"
Using license file /Users/yunglong/Downloads/gurobi.lic
Academic license 2596424 - for non-commercial use only - registered to yu___@chalmers.se
Academic license 2596424 - for non-commercial use only - registered to yu___@chalmers.se
Academic license 2596424 - for non-commercial use only - registered to yu___@chalmers.se

Gurobi 12.0.0 (mac64[arm], gurobi_cl) logging started Fri Jan 24 13:58:29 2025

Set parameter WLSAccessID
Set parameter WLSSecret
Set parameter LicenseID to value 2596424
Set parameter LogFile to value "gurobi.log"
Using license file /Users/yunglong/Downloads/gurobi.lic
Academic license 2596424 - for non-commercial use only - registered to yu___@chalmers.se

Gurobi 12.0.0 (mac64[arm], gurobi_cl) logging started Fri Jan 24 13:58:29 2025


Gurobi 12.0.0 (mac64[arm], gurobi_cl) logging started Fri Jan 24 13:58:29 2025

Set parameter WLSAccessID
Set parameter WLSSecret
Set parameter WLSAccessID
Set parameter LicenseID to value 2596424
Set parameter WLSSecret
Set parameter LicenseID to value 2596424
Set parameter LogFile to value "gurobi.log"
Using license file /Users/yunglong/Downloads/gurobi.lic
Set parameter LogFile to value "gurobi.log"
Using license file /Users/yunglong/Downloads/gurobi.lic
Academic license 2596424 - for non-commercial use only - registered to yu___@chalmers.se
Academic license 2596424 - for non-commercial use only - registered to yu___@chalmers.se

Gurobi 12.0.0 (mac64[arm], gurobi_cl) logging started Fri Jan 24 13:58:29 2025

Set parameter WLSAccessID
Set parameter WLSSecret
Set parameter LicenseID to value 2596424
Set parameter LogFile to value "gurobi.log"
Using license file /Users/yunglong/Downloads/gurobi.lic
Academic license 2596424 - for non-commercial use only - registered to yu___@chalmers.se

Gurobi 12.0.0 (mac64[arm], gurobi_cl) logging started Fri Jan 24 13:58:29 2025

Set parameter WLSAccessID
Set parameter WLSSecret
Set parameter LicenseID to value 2596424
Set parameter LogFile to value "gurobi.log"
Using license file /Users/yunglong/Downloads/gurobi.lic
Academic license 2596424 - for non-commercial use only - registered to yu___@chalmers.se

Gurobi 12.0.0 (mac64[arm], gurobi_cl) logging started Fri Jan 24 13:58:30 2025

Set parameter WLSAccessID
Set parameter WLSSecret
Set parameter LicenseID to value 2596424
Set parameter LogFile to value "gurobi.log"
Using license file /Users/yunglong/Downloads/gurobi.lic
Academic license 2596424 - for non-commercial use only - registered to yu___@chalmers.se

Gurobi 12.0.0 (mac64[arm], gurobi_cl) logging started Fri Jan 24 13:58:36 2025

Set parameter WLSAccessID
Set parameter WLSSecret
Set parameter LicenseID to value 2596424
Set parameter LogFile to value "gurobi.log"
Using license file /Users/yunglong/Downloads/gurobi.lic
Academic license 2596424 - for non-commercial use only - registered to yu___@chalmers.se

Gurobi 12.0.0 (mac64[arm], gurobi_cl) logging started Fri Jan 24 13:58:37 2025

Set parameter WLSAccessID
Set parameter WLSSecret
Set parameter LicenseID to value 2596424
Set parameter LogFile to value "gurobi.log"
Using license file /Users/yunglong/Downloads/gurobi.lic
Academic license 2596424 - for non-commercial use only - registered to yu___@chalmers.se

Gurobi 12.0.0 (mac64[arm], gurobi_cl) logging started Fri Jan 24 13:58:38 2025

Set parameter WLSAccessID
Set parameter WLSSecret
Set parameter LicenseID to value 2596424
Set parameter LogFile to value "gurobi.log"
Using license file /Users/yunglong/Downloads/gurobi.lic
Academic license 2596424 - for non-commercial use only - registered to yu___@chalmers.se

Gurobi 12.0.0 (mac64[arm], gurobi_cl) logging started Fri Jan 24 14:10:52 2025

Set parameter WLSAccessID
Set parameter WLSSecret
Set parameter LicenseID to value 2596424
Set parameter LogFile to value "gurobi.log"
Using license file /Users/yunglong/Downloads/gurobi.lic
Academic license 2596424 - for non-commercial use only - registered to yu___@chalmers.se

Gurobi 12.0.0 (mac64[arm], gurobi_cl) logging started Fri Jan 24 15:22:42 2025

Set parameter WLSAccessID
Set parameter WLSSecret
Set parameter LicenseID to value 2596424
Set parameter LogFile to value "gurobi.log"
Using license file /Users/yunglong/Downloads/gurobi.lic
Academic license 2596424 - for non-commercial use only - registered to yu___@chalmers.se

Gurobi 12.0.0 (mac64[arm], gurobi_cl) logging started Fri Jan 24 15:32:14 2025

Set parameter WLSAccessID
Set parameter WLSSecret
Set parameter LicenseID to value 2596424
Set parameter LogFile to value "gurobi.log"
Using license file /Users/yunglong/Downloads/gurobi.lic
Academic license 2596424 - for non-commercial use only - registered to yu___@chalmers.se

Gurobi 12.0.0 (mac64[arm], gurobi_cl) logging started Fri Jan 24 15:38:05 2025

Set parameter WLSAccessID
Set parameter WLSSecret
Set parameter LicenseID to value 2596424
Set parameter LogFile to value "gurobi.log"
Using license file /Users/yunglong/Downloads/gurobi.lic
Academic license 2596424 - for non-commercial use only - registered to yu___@chalmers.se

Gurobi 12.0.0 (mac64[arm], gurobi_cl) logging started Fri Jan 24 15:45:16 2025

Set parameter WLSAccessID
Set parameter WLSSecret
Set parameter LicenseID to value 2596424
Set parameter LogFile to value "gurobi.log"
Using license file /Users/yunglong/Downloads/gurobi.lic
Academic license 2596424 - for non-commercial use only - registered to yu___@chalmers.se

Gurobi 12.0.0 (mac64[arm], gurobi_cl) logging started Thu Jan 30 09:53:30 2025

Set parameter WLSAccessID
Set parameter WLSSecret
Set parameter LicenseID to value 2596424
Set parameter LogFile to value "gurobi.log"
Using license file /Users/yunglong/Downloads/gurobi.lic
Academic license 2596424 - for non-commercial use only - registered to yu___@chalmers.se

Gurobi 12.0.0 (mac64[arm], gurobi_cl) logging started Thu Jan 30 10:12:59 2025

Set parameter WLSAccessID
Set parameter WLSSecret
Set parameter LicenseID to value 2596424
Set parameter LogFile to value "gurobi.log"
Using license file /Users/yunglong/Downloads/gurobi.lic
Academic license 2596424 - for non-commercial use only - registered to yu___@chalmers.se

Gurobi 12.0.0 (mac64[arm], gurobi_cl) logging started Thu Jan 30 10:17:13 2025

Set parameter WLSAccessID
Set parameter WLSSecret
Set parameter LicenseID to value 2596424
Set parameter LogFile to value "gurobi.log"
Using license file /Users/yunglong/Downloads/gurobi.lic
Academic license 2596424 - for non-commercial use only - registered to yu___@chalmers.se

Gurobi 12.0.0 (mac64[arm], gurobi_cl) logging started Thu Jan 30 10:18:45 2025

Set parameter WLSAccessID
Set parameter WLSSecret
Set parameter LicenseID to value 2596424
Set parameter LogFile to value "gurobi.log"
Using license file /Users/yunglong/Downloads/gurobi.lic
Academic license 2596424 - for non-commercial use only - registered to yu___@chalmers.se

Gurobi 12.0.0 (mac64[arm], gurobi_cl) logging started Thu Jan 30 11:33:26 2025

Set parameter WLSAccessID
Set parameter WLSSecret
Set parameter LicenseID to value 2596424
Set parameter LogFile to value "gurobi.log"
Using license file /Users/yunglong/Downloads/gurobi.lic
Academic license 2596424 - for non-commercial use only - registered to yu___@chalmers.se

Gurobi 12.0.0 (mac64[arm], gurobi_cl) logging started Thu Jan 30 11:34:07 2025

Set parameter WLSAccessID
Set parameter WLSSecret
Set parameter LicenseID to value 2596424
Set parameter LogFile to value "gurobi.log"
Using license file /Users/yunglong/Downloads/gurobi.lic
Academic license 2596424 - for non-commercial use only - registered to yu___@chalmers.se

Gurobi 12.0.0 (mac64[arm], gurobi_cl) logging started Thu Jan 30 11:38:58 2025

Set parameter WLSAccessID
Set parameter WLSSecret
Set parameter LicenseID to value 2596424
Set parameter LogFile to value "gurobi.log"
Using license file /Users/yunglong/Downloads/gurobi.lic
Academic license 2596424 - for non-commercial use only - registered to yu___@chalmers.se

Gurobi 12.0.0 (mac64[arm], gurobi_cl) logging started Thu Jan 30 11:39:22 2025

Set parameter WLSAccessID
Set parameter WLSSecret
Set parameter LicenseID to value 2596424
Set parameter LogFile to value "gurobi.log"
Using license file /Users/yunglong/Downloads/gurobi.lic
Academic license 2596424 - for non-commercial use only - registered to yu___@chalmers.se

Gurobi 12.0.0 (mac64[arm], gurobi_cl) logging started Thu Jan 30 11:56:43 2025

Set parameter WLSAccessID
Set parameter WLSSecret
Set parameter LicenseID to value 2596424
Set parameter LogFile to value "gurobi.log"
Using license file /Users/yunglong/Downloads/gurobi.lic
Academic license 2596424 - for non-commercial use only - registered to yu___@chalmers.se

Gurobi 12.0.0 (mac64[arm], gurobi_cl) logging started Thu Jan 30 11:57:07 2025

Set parameter WLSAccessID
Set parameter WLSSecret
Set parameter LicenseID to value 2596424
Set parameter LogFile to value "gurobi.log"
Using license file /Users/yunglong/Downloads/gurobi.lic
Academic license 2596424 - for non-commercial use only - registered to yu___@chalmers.se

Gurobi 12.0.0 (mac64[arm], gurobi_cl) logging started Thu Jan 30 12:02:09 2025

Set parameter WLSAccessID
Set parameter WLSSecret
Set parameter LicenseID to value 2596424
Set parameter LogFile to value "gurobi.log"
Using license file /Users/yunglong/Downloads/gurobi.lic
Academic license 2596424 - for non-commercial use only - registered to yu___@chalmers.se

Gurobi 12.0.0 (mac64[arm], gurobi_cl) logging started Thu Jan 30 12:02:30 2025

Set parameter WLSAccessID
Set parameter WLSSecret
Set parameter LicenseID to value 2596424
Set parameter LogFile to value "gurobi.log"
Using license file /Users/yunglong/Downloads/gurobi.lic
Academic license 2596424 - for non-commercial use only - registered to yu___@chalmers.se

Gurobi 12.0.0 (mac64[arm], gurobi_cl) logging started Thu Jan 30 12:04:52 2025

Set parameter WLSAccessID
Set parameter WLSSecret
Set parameter LicenseID to value 2596424
Set parameter LogFile to value "gurobi.log"
Using license file /Users/yunglong/Downloads/gurobi.lic
Academic license 2596424 - for non-commercial use only - registered to yu___@chalmers.se

Gurobi 12.0.0 (mac64[arm], gurobi_cl) logging started Thu Jan 30 12:05:14 2025

Set parameter WLSAccessID
Set parameter WLSSecret
Set parameter LicenseID to value 2596424
Set parameter LogFile to value "gurobi.log"
Using license file /Users/yunglong/Downloads/gurobi.lic
Academic license 2596424 - for non-commercial use only - registered to yu___@chalmers.se

Gurobi 12.0.0 (mac64[arm], gurobi_cl) logging started Thu Jan 30 12:06:24 2025

Set parameter WLSAccessID
Set parameter WLSSecret
Set parameter LicenseID to value 2596424
Set parameter LogFile to value "gurobi.log"
Using license file /Users/yunglong/Downloads/gurobi.lic
Academic license 2596424 - for non-commercial use only - registered to yu___@chalmers.se

Gurobi 12.0.0 (mac64[arm], gurobi_cl) logging started Thu Jan 30 12:06:46 2025

Set parameter WLSAccessID
Set parameter WLSSecret
Set parameter LicenseID to value 2596424
Set parameter LogFile to value "gurobi.log"
Using license file /Users/yunglong/Downloads/gurobi.lic
Academic license 2596424 - for non-commercial use only - registered to yu___@chalmers.se

Gurobi 12.0.0 (mac64[arm], gurobi_cl) logging started Thu Jan 30 12:19:46 2025

Set parameter WLSAccessID
Set parameter WLSSecret
Set parameter LicenseID to value 2596424
Set parameter LogFile to value "gurobi.log"
Using license file /Users/yunglong/Downloads/gurobi.lic
Academic license 2596424 - for non-commercial use only - registered to yu___@chalmers.se

Gurobi 12.0.0 (mac64[arm], gurobi_cl) logging started Thu Jan 30 12:21:39 2025

Set parameter WLSAccessID
Set parameter WLSSecret
Set parameter LicenseID to value 2596424
Set parameter LogFile to value "gurobi.log"
Using license file /Users/yunglong/Downloads/gurobi.lic
Academic license 2596424 - for non-commercial use only - registered to yu___@chalmers.se

Gurobi 12.0.0 (mac64[arm], gurobi_cl) logging started Thu Jan 30 14:43:45 2025

Set parameter WLSAccessID
Set parameter WLSSecret
Set parameter LicenseID to value 2596424
Set parameter LogFile to value "gurobi.log"
Using license file /Users/yunglong/Downloads/gurobi.lic
Academic license 2596424 - for non-commercial use only - registered to yu___@chalmers.se

Gurobi 12.0.0 (mac64[arm], gurobi_cl) logging started Thu Jan 30 14:47:08 2025

Set parameter WLSAccessID
Set parameter WLSSecret
Set parameter LicenseID to value 2596424
Set parameter LogFile to value "gurobi.log"
Using license file /Users/yunglong/Downloads/gurobi.lic
Academic license 2596424 - for non-commercial use only - registered to yu___@chalmers.se

Gurobi 12.0.0 (mac64[arm], gurobi_cl) logging started Thu Jan 30 14:47:42 2025

Set parameter WLSAccessID
Set parameter WLSSecret
Set parameter LicenseID to value 2596424
Set parameter LogFile to value "gurobi.log"
Using license file /Users/yunglong/Downloads/gurobi.lic
Academic license 2596424 - for non-commercial use only - registered to yu___@chalmers.se

Gurobi 12.0.0 (mac64[arm], gurobi_cl) logging started Thu Jan 30 14:51:16 2025

Set parameter WLSAccessID
Set parameter WLSSecret
Set parameter LicenseID to value 2596424
Set parameter LogFile to value "gurobi.log"
Using license file /Users/yunglong/Downloads/gurobi.lic
Academic license 2596424 - for non-commercial use only - registered to yu___@chalmers.se

Gurobi 12.0.0 (mac64[arm], gurobi_cl) logging started Thu Jan 30 14:53:25 2025

Set parameter WLSAccessID
Set parameter WLSSecret
Set parameter LicenseID to value 2596424
Set parameter LogFile to value "gurobi.log"
Using license file /Users/yunglong/Downloads/gurobi.lic
Academic license 2596424 - for non-commercial use only - registered to yu___@chalmers.se

Gurobi 12.0.0 (mac64[arm], gurobi_cl) logging started Thu Jan 30 14:58:37 2025

Set parameter WLSAccessID
Set parameter WLSSecret
Set parameter LicenseID to value 2596424
Set parameter LogFile to value "gurobi.log"
Using license file /Users/yunglong/Downloads/gurobi.lic
Academic license 2596424 - for non-commercial use only - registered to yu___@chalmers.se

Gurobi 12.0.0 (mac64[arm], gurobi_cl) logging started Thu Jan 30 14:58:49 2025

Set parameter WLSAccessID
Set parameter WLSSecret
Set parameter LicenseID to value 2596424
Set parameter LogFile to value "gurobi.log"
Using license file /Users/yunglong/Downloads/gurobi.lic
Academic license 2596424 - for non-commercial use only - registered to yu___@chalmers.se

Gurobi 12.0.0 (mac64[arm], gurobi_cl) logging started Thu Jan 30 15:00:40 2025

Set parameter WLSAccessID
Set parameter WLSSecret
Set parameter LicenseID to value 2596424
Set parameter LogFile to value "gurobi.log"
Using license file /Users/yunglong/Downloads/gurobi.lic
Academic license 2596424 - for non-commercial use only - registered to yu___@chalmers.se

Gurobi 12.0.0 (mac64[arm], gurobi_cl) logging started Thu Jan 30 15:00:51 2025

Set parameter WLSAccessID
Set parameter WLSSecret
Set parameter LicenseID to value 2596424
Set parameter LogFile to value "gurobi.log"
Using license file /Users/yunglong/Downloads/gurobi.lic
Academic license 2596424 - for non-commercial use only - registered to yu___@chalmers.se

Gurobi 12.0.0 (mac64[arm], gurobi_cl) logging started Thu Jan 30 15:05:03 2025

Set parameter WLSAccessID
Set parameter WLSSecret
Set parameter LicenseID to value 2596424
Set parameter LogFile to value "gurobi.log"
Using license file /Users/yunglong/Downloads/gurobi.lic
Academic license 2596424 - for non-commercial use only - registered to yu___@chalmers.se

Gurobi 12.0.0 (mac64[arm], gurobi_cl) logging started Thu Jan 30 15:09:51 2025

Set parameter WLSAccessID
Set parameter WLSSecret
Set parameter LicenseID to value 2596424
Set parameter LogFile to value "gurobi.log"
Using license file /Users/yunglong/Downloads/gurobi.lic
Academic license 2596424 - for non-commercial use only - registered to yu___@chalmers.se

Gurobi 12.0.0 (mac64[arm], gurobi_cl) logging started Thu Jan 30 15:10:07 2025

Set parameter WLSAccessID
Set parameter WLSSecret
Set parameter LicenseID to value 2596424
Set parameter LogFile to value "gurobi.log"
Using license file /Users/yunglong/Downloads/gurobi.lic
Academic license 2596424 - for non-commercial use only - registered to yu___@chalmers.se

Gurobi 12.0.0 (mac64[arm], gurobi_cl) logging started Thu Jan 30 15:10:12 2025

Set parameter WLSAccessID
Set parameter WLSSecret
Set parameter LicenseID to value 2596424
Set parameter LogFile to value "gurobi.log"
Using license file /Users/yunglong/Downloads/gurobi.lic
Academic license 2596424 - for non-commercial use only - registered to yu___@chalmers.se

Gurobi 12.0.0 (mac64[arm], gurobi_cl) logging started Thu Jan 30 15:13:19 2025

Set parameter WLSAccessID
Set parameter WLSSecret
Set parameter LicenseID to value 2596424
Set parameter LogFile to value "gurobi.log"
Using license file /Users/yunglong/Downloads/gurobi.lic
Academic license 2596424 - for non-commercial use only - registered to yu___@chalmers.se

Gurobi 12.0.0 (mac64[arm], gurobi_cl) logging started Thu Jan 30 15:15:23 2025

Set parameter WLSAccessID
Set parameter WLSSecret
Set parameter LicenseID to value 2596424
Set parameter LogFile to value "gurobi.log"
Using license file /Users/yunglong/Downloads/gurobi.lic
Academic license 2596424 - for non-commercial use only - registered to yu___@chalmers.se

Gurobi 12.0.0 (mac64[arm], gurobi_cl) logging started Thu Jan 30 15:25:35 2025

Set parameter WLSAccessID
Set parameter WLSSecret
Set parameter LicenseID to value 2596424
Set parameter LogFile to value "gurobi.log"
Using license file /Users/yunglong/Downloads/gurobi.lic
Academic license 2596424 - for non-commercial use only - registered to yu___@chalmers.se

Gurobi 12.0.0 (mac64[arm], gurobi_cl) logging started Thu Jan 30 15:41:34 2025

Set parameter WLSAccessID
Set parameter WLSSecret
Set parameter LicenseID to value 2596424
Set parameter LogFile to value "gurobi.log"
Using license file /Users/yunglong/Downloads/gurobi.lic
Academic license 2596424 - for non-commercial use only - registered to yu___@chalmers.se

Gurobi 12.0.0 (mac64[arm], gurobi_cl) logging started Thu Jan 30 15:45:20 2025

Set parameter WLSAccessID
Set parameter WLSSecret
Set parameter LicenseID to value 2596424
Set parameter LogFile to value "gurobi.log"
Using license file /Users/yunglong/Downloads/gurobi.lic
Academic license 2596424 - for non-commercial use only - registered to yu___@chalmers.se

Gurobi 12.0.0 (mac64[arm], gurobi_cl) logging started Thu Jan 30 15:46:18 2025

Set parameter WLSAccessID
Set parameter WLSSecret
Set parameter LicenseID to value 2596424
Set parameter LogFile to value "gurobi.log"
Using license file /Users/yunglong/Downloads/gurobi.lic
Academic license 2596424 - for non-commercial use only - registered to yu___@chalmers.se

Gurobi 12.0.0 (mac64[arm], gurobi_cl) logging started Thu Jan 30 15:46:45 2025

Set parameter WLSAccessID
Set parameter WLSSecret
Set parameter LicenseID to value 2596424
Set parameter LogFile to value "gurobi.log"
Using license file /Users/yunglong/Downloads/gurobi.lic
Academic license 2596424 - for non-commercial use only - registered to yu___@chalmers.se

Gurobi 12.0.0 (mac64[arm], gurobi_cl) logging started Thu Jan 30 15:48:34 2025

Set parameter WLSAccessID
Set parameter WLSSecret
Set parameter LicenseID to value 2596424
Set parameter LogFile to value "gurobi.log"
Using license file /Users/yunglong/Downloads/gurobi.lic
Academic license 2596424 - for non-commercial use only - registered to yu___@chalmers.se

Gurobi 12.0.0 (mac64[arm], gurobi_cl) logging started Thu Jan 30 15:49:15 2025

Set parameter WLSAccessID
Set parameter WLSSecret
Set parameter LicenseID to value 2596424
Set parameter LogFile to value "gurobi.log"
Using license file /Users/yunglong/Downloads/gurobi.lic
Academic license 2596424 - for non-commercial use only - registered to yu___@chalmers.se

Gurobi 12.0.0 (mac64[arm], gurobi_cl) logging started Thu Jan 30 15:49:32 2025

Set parameter WLSAccessID
Set parameter WLSSecret
Set parameter LicenseID to value 2596424
Set parameter LogFile to value "gurobi.log"
Using license file /Users/yunglong/Downloads/gurobi.lic
Academic license 2596424 - for non-commercial use only - registered to yu___@chalmers.se

Gurobi 12.0.0 (mac64[arm], gurobi_cl) logging started Thu Jan 30 15:49:43 2025

Set parameter WLSAccessID
Set parameter WLSSecret
Set parameter LicenseID to value 2596424
Set parameter LogFile to value "gurobi.log"
Using license file /Users/yunglong/Downloads/gurobi.lic
Academic license 2596424 - for non-commercial use only - registered to yu___@chalmers.se

Gurobi 12.0.0 (mac64[arm], gurobi_cl) logging started Thu Jan 30 15:50:26 2025

Set parameter WLSAccessID
Set parameter WLSSecret
Set parameter LicenseID to value 2596424
Set parameter LogFile to value "gurobi.log"
Using license file /Users/yunglong/Downloads/gurobi.lic
Academic license 2596424 - for non-commercial use only - registered to yu___@chalmers.se

Gurobi 12.0.0 (mac64[arm], gurobi_cl) logging started Thu Jan 30 16:00:18 2025

Set parameter WLSAccessID
Set parameter WLSSecret
Set parameter LicenseID to value 2596424
Set parameter LogFile to value "gurobi.log"
Using license file /Users/yunglong/Downloads/gurobi.lic
Academic license 2596424 - for non-commercial use only - registered to yu___@chalmers.se

Gurobi 12.0.0 (mac64[arm], gurobi_cl) logging started Fri Jan 31 10:44:45 2025

Set parameter WLSAccessID
Set parameter WLSSecret
Set parameter LicenseID to value 2596424
Set parameter LogFile to value "gurobi.log"
Using license file /Users/yunglong/Downloads/gurobi.lic
Academic license 2596424 - for non-commercial use only - registered to yu___@chalmers.se

Gurobi 12.0.0 (mac64[arm], gurobi_cl) logging started Fri Jan 31 10:45:25 2025

Set parameter WLSAccessID
Set parameter WLSSecret
Set parameter LicenseID to value 2596424
Set parameter LogFile to value "gurobi.log"
Using license file /Users/yunglong/Downloads/gurobi.lic
Academic license 2596424 - for non-commercial use only - registered to yu___@chalmers.se

Gurobi 12.0.0 (mac64[arm], gurobi_cl) logging started Fri Jan 31 10:47:46 2025

Set parameter WLSAccessID
Set parameter WLSSecret
Set parameter LicenseID to value 2596424
Set parameter LogFile to value "gurobi.log"
Using license file /Users/yunglong/Downloads/gurobi.lic
Academic license 2596424 - for non-commercial use only - registered to yu___@chalmers.se

Gurobi 12.0.0 (mac64[arm], gurobi_cl) logging started Fri Jan 31 10:47:51 2025

Set parameter WLSAccessID
Set parameter WLSSecret
Set parameter LicenseID to value 2596424
Set parameter LogFile to value "gurobi.log"
Using license file /Users/yunglong/Downloads/gurobi.lic
Academic license 2596424 - for non-commercial use only - registered to yu___@chalmers.se

Gurobi 12.0.0 (mac64[arm], gurobi_cl) logging started Fri Jan 31 10:52:00 2025

Set parameter WLSAccessID
Set parameter WLSSecret
Set parameter LicenseID to value 2596424
Set parameter LogFile to value "gurobi.log"
Using license file /Users/yunglong/Downloads/gurobi.lic
Academic license 2596424 - for non-commercial use only - registered to yu___@chalmers.se

Gurobi 12.0.0 (mac64[arm], gurobi_cl) logging started Fri Jan 31 11:01:43 2025

Set parameter WLSAccessID
Set parameter WLSSecret
Set parameter LicenseID to value 2596424
Set parameter LogFile to value "gurobi.log"
Using license file /Users/yunglong/Downloads/gurobi.lic
Academic license 2596424 - for non-commercial use only - registered to yu___@chalmers.se

Gurobi 12.0.0 (mac64[arm], gurobi_cl) logging started Fri Jan 31 11:22:52 2025

Set parameter WLSAccessID
Set parameter WLSSecret
Set parameter LicenseID to value 2596424
Set parameter LogFile to value "gurobi.log"
Using license file /Users/yunglong/Downloads/gurobi.lic
Academic license 2596424 - for non-commercial use only - registered to yu___@chalmers.se

Gurobi 12.0.0 (mac64[arm], gurobi_cl) logging started Fri Jan 31 11:23:55 2025

Set parameter WLSAccessID
Set parameter WLSSecret
Set parameter LicenseID to value 2596424
Set parameter LogFile to value "gurobi.log"
Using license file /Users/yunglong/Downloads/gurobi.lic
Academic license 2596424 - for non-commercial use only - registered to yu___@chalmers.se

Gurobi 12.0.0 (mac64[arm], gurobi_cl) logging started Fri Jan 31 11:24:09 2025

Set parameter WLSAccessID
Set parameter WLSSecret
Set parameter LicenseID to value 2596424
Set parameter LogFile to value "gurobi.log"
Using license file /Users/yunglong/Downloads/gurobi.lic
Academic license 2596424 - for non-commercial use only - registered to yu___@chalmers.se

Gurobi 12.0.0 (mac64[arm], gurobi_cl) logging started Fri Jan 31 11:49:17 2025

Set parameter WLSAccessID
Set parameter WLSSecret
Set parameter LicenseID to value 2596424
Set parameter LogFile to value "gurobi.log"
Using license file /Users/yunglong/Downloads/gurobi.lic
Academic license 2596424 - for non-commercial use only - registered to yu___@chalmers.se

Gurobi 12.0.0 (mac64[arm], gurobi_cl) logging started Fri Jan 31 11:49:48 2025

Set parameter WLSAccessID
Set parameter WLSSecret
Set parameter LicenseID to value 2596424
Set parameter LogFile to value "gurobi.log"
Using license file /Users/yunglong/Downloads/gurobi.lic
Academic license 2596424 - for non-commercial use only - registered to yu___@chalmers.se

Gurobi 12.0.0 (mac64[arm], gurobi_cl) logging started Fri Jan 31 11:55:41 2025

Set parameter WLSAccessID
Set parameter WLSSecret
Set parameter LicenseID to value 2596424
Set parameter LogFile to value "gurobi.log"
Using license file /Users/yunglong/Downloads/gurobi.lic
Academic license 2596424 - for non-commercial use only - registered to yu___@chalmers.se

Gurobi 12.0.0 (mac64[arm], gurobi_cl) logging started Fri Jan 31 11:55:54 2025

Set parameter WLSAccessID
Set parameter WLSSecret
Set parameter LicenseID to value 2596424
Set parameter LogFile to value "gurobi.log"
Using license file /Users/yunglong/Downloads/gurobi.lic
Academic license 2596424 - for non-commercial use only - registered to yu___@chalmers.se

Gurobi 12.0.0 (mac64[arm], gurobi_cl) logging started Fri Jan 31 12:10:37 2025

Set parameter WLSAccessID
Set parameter WLSSecret
Set parameter LicenseID to value 2596424
Set parameter LogFile to value "gurobi.log"
Using license file /Users/yunglong/Downloads/gurobi.lic
Academic license 2596424 - for non-commercial use only - registered to yu___@chalmers.se

Gurobi 12.0.0 (mac64[arm], gurobi_cl) logging started Fri Jan 31 12:10:57 2025

Set parameter WLSAccessID
Set parameter WLSSecret
Set parameter LicenseID to value 2596424
Set parameter LogFile to value "gurobi.log"
Using license file /Users/yunglong/Downloads/gurobi.lic
Academic license 2596424 - for non-commercial use only - registered to yu___@chalmers.se

Gurobi 12.0.0 (mac64[arm], gurobi_cl) logging started Mon Feb  3 14:35:30 2025

Set parameter WLSAccessID
Set parameter WLSSecret
Set parameter LicenseID to value 2596424
Set parameter LogFile to value "gurobi.log"
Using license file /Users/yunglong/Downloads/gurobi.lic
Academic license 2596424 - for non-commercial use only - registered to yu___@chalmers.se

Gurobi 12.0.0 (mac64[arm], gurobi_cl) logging started Mon Feb  3 14:36:36 2025

Set parameter WLSAccessID
Set parameter WLSSecret
Set parameter LicenseID to value 2596424
Set parameter LogFile to value "gurobi.log"
Using license file /Users/yunglong/Downloads/gurobi.lic
Academic license 2596424 - for non-commercial use only - registered to yu___@chalmers.se

Gurobi 12.0.0 (mac64[arm], gurobi_cl) logging started Mon Feb  3 14:39:36 2025

Set parameter WLSAccessID
Set parameter WLSSecret
Set parameter LicenseID to value 2596424
Set parameter LogFile to value "gurobi.log"
Using license file /Users/yunglong/Downloads/gurobi.lic
Academic license 2596424 - for non-commercial use only - registered to yu___@chalmers.se

Gurobi 12.0.0 (mac64[arm], gurobi_cl) logging started Mon Feb  3 14:44:13 2025

Set parameter WLSAccessID
Set parameter WLSSecret
Set parameter LicenseID to value 2596424
Set parameter LogFile to value "gurobi.log"
Using license file /Users/yunglong/Downloads/gurobi.lic
Academic license 2596424 - for non-commercial use only - registered to yu___@chalmers.se

Gurobi 12.0.0 (mac64[arm], gurobi_cl) logging started Tue Feb  4 23:26:13 2025

Set parameter WLSAccessID
Set parameter WLSSecret
Set parameter LicenseID to value 2596424
Set parameter LogFile to value "gurobi.log"
Using license file /Users/yunglong/Downloads/gurobi.lic
Academic license 2596424 - for non-commercial use only - registered to yu___@chalmers.se

Gurobi 12.0.0 (mac64[arm], gurobi_cl) logging started Tue Feb  4 23:26:58 2025

Set parameter WLSAccessID
Set parameter WLSSecret
Set parameter LicenseID to value 2596424
Set parameter LogFile to value "gurobi.log"
Using license file /Users/yunglong/Downloads/gurobi.lic
Academic license 2596424 - for non-commercial use only - registered to yu___@chalmers.se

Gurobi 12.0.0 (mac64[arm], gurobi_cl) logging started Tue Feb  4 23:29:23 2025

Set parameter WLSAccessID
Set parameter WLSSecret
Set parameter LicenseID to value 2596424
Set parameter LogFile to value "gurobi.log"
Using license file /Users/yunglong/Downloads/gurobi.lic
Academic license 2596424 - for non-commercial use only - registered to yu___@chalmers.se

Gurobi 12.0.0 (mac64[arm], gurobi_cl) logging started Tue Feb  4 23:29:36 2025

Set parameter WLSAccessID
Set parameter WLSSecret
Set parameter LicenseID to value 2596424
Set parameter LogFile to value "gurobi.log"
Using license file /Users/yunglong/Downloads/gurobi.lic
Academic license 2596424 - for non-commercial use only - registered to yu___@chalmers.se

Gurobi 12.0.0 (mac64[arm], gurobi_cl) logging started Wed Feb  5 00:01:39 2025

Set parameter WLSAccessID
Set parameter WLSSecret
Set parameter LicenseID to value 2596424
Set parameter LogFile to value "gurobi.log"
Using license file /Users/yunglong/Downloads/gurobi.lic
Academic license 2596424 - for non-commercial use only - registered to yu___@chalmers.se

Gurobi 12.0.0 (mac64[arm], gurobi_cl) logging started Wed Feb  5 00:02:17 2025

Set parameter WLSAccessID
Set parameter WLSSecret
Set parameter LicenseID to value 2596424
Set parameter LogFile to value "gurobi.log"
Using license file /Users/yunglong/Downloads/gurobi.lic
Academic license 2596424 - for non-commercial use only - registered to yu___@chalmers.se

Gurobi 12.0.0 (mac64[arm], gurobi_cl) logging started Wed Feb  5 00:03:59 2025

Set parameter WLSAccessID
Set parameter WLSSecret
Set parameter LicenseID to value 2596424
Set parameter LogFile to value "gurobi.log"
Using license file /Users/yunglong/Downloads/gurobi.lic
Academic license 2596424 - for non-commercial use only - registered to yu___@chalmers.se

Gurobi 12.0.0 (mac64[arm], gurobi_cl) logging started Wed Feb  5 00:04:12 2025

Set parameter WLSAccessID
Set parameter WLSSecret
Set parameter LicenseID to value 2596424
Set parameter LogFile to value "gurobi.log"
Using license file /Users/yunglong/Downloads/gurobi.lic
Academic license 2596424 - for non-commercial use only - registered to yu___@chalmers.se

Gurobi 12.0.0 (mac64[arm], gurobi_cl) logging started Wed Feb  5 00:09:44 2025

Set parameter WLSAccessID
Set parameter WLSSecret
Set parameter LicenseID to value 2596424
Set parameter LogFile to value "gurobi.log"
Using license file /Users/yunglong/Downloads/gurobi.lic
Academic license 2596424 - for non-commercial use only - registered to yu___@chalmers.se

Gurobi 12.0.0 (mac64[arm], gurobi_cl) logging started Wed Feb  5 00:09:56 2025

Set parameter WLSAccessID
Set parameter WLSSecret
Set parameter LicenseID to value 2596424
Set parameter LogFile to value "gurobi.log"
Using license file /Users/yunglong/Downloads/gurobi.lic
Academic license 2596424 - for non-commercial use only - registered to yu___@chalmers.se

Gurobi 12.0.0 (mac64[arm], gurobi_cl) logging started Wed Feb  5 00:10:05 2025

Set parameter WLSAccessID
Set parameter WLSSecret
Set parameter LicenseID to value 2596424
Set parameter LogFile to value "gurobi.log"
Using license file /Users/yunglong/Downloads/gurobi.lic
Academic license 2596424 - for non-commercial use only - registered to yu___@chalmers.se

Gurobi 12.0.0 (mac64[arm], gurobi_cl) logging started Wed Feb  5 00:10:15 2025

Set parameter WLSAccessID
Set parameter WLSSecret
Set parameter LicenseID to value 2596424
Set parameter LogFile to value "gurobi.log"
Using license file /Users/yunglong/Downloads/gurobi.lic
Academic license 2596424 - for non-commercial use only - registered to yu___@chalmers.se

Gurobi 12.0.0 (mac64[arm], gurobi_cl) logging started Wed Feb  5 00:10:25 2025

Set parameter WLSAccessID
Set parameter WLSSecret
Set parameter LicenseID to value 2596424
Set parameter LogFile to value "gurobi.log"
Using license file /Users/yunglong/Downloads/gurobi.lic
Academic license 2596424 - for non-commercial use only - registered to yu___@chalmers.se

Gurobi 12.0.0 (mac64[arm], gurobi_cl) logging started Wed Feb  5 00:10:35 2025

Set parameter WLSAccessID
Set parameter WLSSecret
Set parameter LicenseID to value 2596424
Set parameter LogFile to value "gurobi.log"
Using license file /Users/yunglong/Downloads/gurobi.lic
Academic license 2596424 - for non-commercial use only - registered to yu___@chalmers.se

Gurobi 12.0.0 (mac64[arm], gurobi_cl) logging started Wed Feb  5 00:14:48 2025

Set parameter WLSAccessID
Set parameter WLSSecret
Set parameter LicenseID to value 2596424
Set parameter LogFile to value "gurobi.log"
Using license file /Users/yunglong/Downloads/gurobi.lic
Academic license 2596424 - for non-commercial use only - registered to yu___@chalmers.se

Gurobi 12.0.0 (mac64[arm], gurobi_cl) logging started Wed Feb  5 00:15:00 2025

Set parameter WLSAccessID
Set parameter WLSSecret
Set parameter LicenseID to value 2596424
Set parameter LogFile to value "gurobi.log"
Using license file /Users/yunglong/Downloads/gurobi.lic
Academic license 2596424 - for non-commercial use only - registered to yu___@chalmers.se

Gurobi 12.0.0 (mac64[arm], gurobi_cl) logging started Wed Feb  5 00:15:10 2025

Set parameter WLSAccessID
Set parameter WLSSecret
Set parameter LicenseID to value 2596424
Set parameter LogFile to value "gurobi.log"
Using license file /Users/yunglong/Downloads/gurobi.lic
Academic license 2596424 - for non-commercial use only - registered to yu___@chalmers.se

Gurobi 12.0.0 (mac64[arm], gurobi_cl) logging started Wed Feb  5 00:15:20 2025

Set parameter WLSAccessID
Set parameter WLSSecret
Set parameter LicenseID to value 2596424
Set parameter LogFile to value "gurobi.log"
Using license file /Users/yunglong/Downloads/gurobi.lic
Academic license 2596424 - for non-commercial use only - registered to yu___@chalmers.se

Gurobi 12.0.0 (mac64[arm], gurobi_cl) logging started Wed Feb  5 00:15:30 2025

Set parameter WLSAccessID
Set parameter WLSSecret
Set parameter LicenseID to value 2596424
Set parameter LogFile to value "gurobi.log"
Using license file /Users/yunglong/Downloads/gurobi.lic
Academic license 2596424 - for non-commercial use only - registered to yu___@chalmers.se

Gurobi 12.0.0 (mac64[arm], gurobi_cl) logging started Wed Feb  5 00:15:40 2025

Set parameter WLSAccessID
Set parameter WLSSecret
Set parameter LicenseID to value 2596424
Set parameter LogFile to value "gurobi.log"
Using license file /Users/yunglong/Downloads/gurobi.lic
Academic license 2596424 - for non-commercial use only - registered to yu___@chalmers.se

Gurobi 12.0.0 (mac64[arm], gurobi_cl) logging started Wed Feb  5 00:18:50 2025

Set parameter WLSAccessID
Set parameter WLSSecret
Set parameter LicenseID to value 2596424
Set parameter LogFile to value "gurobi.log"
Using license file /Users/yunglong/Downloads/gurobi.lic
Academic license 2596424 - for non-commercial use only - registered to yu___@chalmers.se

Gurobi 12.0.0 (mac64[arm], gurobi_cl) logging started Wed Feb  5 00:19:02 2025

Set parameter WLSAccessID
Set parameter WLSSecret
Set parameter LicenseID to value 2596424
Set parameter LogFile to value "gurobi.log"
Using license file /Users/yunglong/Downloads/gurobi.lic
Academic license 2596424 - for non-commercial use only - registered to yu___@chalmers.se

Gurobi 12.0.0 (mac64[arm], gurobi_cl) logging started Wed Feb  5 00:19:11 2025

Set parameter WLSAccessID
Set parameter WLSSecret
Set parameter LicenseID to value 2596424
Set parameter LogFile to value "gurobi.log"
Using license file /Users/yunglong/Downloads/gurobi.lic
Academic license 2596424 - for non-commercial use only - registered to yu___@chalmers.se

Gurobi 12.0.0 (mac64[arm], gurobi_cl) logging started Wed Feb  5 00:19:21 2025

Set parameter WLSAccessID
Set parameter WLSSecret
Set parameter LicenseID to value 2596424
Set parameter LogFile to value "gurobi.log"
Using license file /Users/yunglong/Downloads/gurobi.lic
Academic license 2596424 - for non-commercial use only - registered to yu___@chalmers.se

Gurobi 12.0.0 (mac64[arm], gurobi_cl) logging started Wed Feb  5 00:19:31 2025

Set parameter WLSAccessID
Set parameter WLSSecret
Set parameter LicenseID to value 2596424
Set parameter LogFile to value "gurobi.log"
Using license file /Users/yunglong/Downloads/gurobi.lic
Academic license 2596424 - for non-commercial use only - registered to yu___@chalmers.se

Gurobi 12.0.0 (mac64[arm], gurobi_cl) logging started Wed Feb  5 00:19:41 2025

Set parameter WLSAccessID
Set parameter WLSSecret
Set parameter LicenseID to value 2596424
Set parameter LogFile to value "gurobi.log"
Using license file /Users/yunglong/Downloads/gurobi.lic
Academic license 2596424 - for non-commercial use only - registered to yu___@chalmers.se

Gurobi 12.0.0 (mac64[arm], gurobi_cl) logging started Wed Feb  5 00:30:06 2025

Set parameter WLSAccessID
Set parameter WLSSecret
Set parameter LicenseID to value 2596424
Set parameter LogFile to value "gurobi.log"
Using license file /Users/yunglong/Downloads/gurobi.lic
Academic license 2596424 - for non-commercial use only - registered to yu___@chalmers.se

Gurobi 12.0.0 (mac64[arm], gurobi_cl) logging started Wed Feb  5 00:34:42 2025

Set parameter WLSAccessID
Set parameter WLSSecret
Set parameter LicenseID to value 2596424
Set parameter LogFile to value "gurobi.log"
Using license file /Users/yunglong/Downloads/gurobi.lic
Academic license 2596424 - for non-commercial use only - registered to yu___@chalmers.se

Gurobi 12.0.0 (mac64[arm], gurobi_cl) logging started Thu Feb 13 16:58:46 2025

Set parameter WLSAccessID
Set parameter WLSSecret
Set parameter LicenseID to value 2596424
Set parameter LogFile to value "gurobi.log"
Using license file /Users/yunglong/Downloads/gurobi.lic
Academic license 2596424 - for non-commercial use only - registered to yu___@chalmers.se

Gurobi 12.0.0 (mac64[arm], gurobi_cl) logging started Thu Feb 13 17:44:55 2025

Set parameter WLSAccessID
Set parameter WLSSecret
Set parameter LicenseID to value 2596424
Set parameter LogFile to value "gurobi.log"
Using license file /Users/yunglong/Downloads/gurobi.lic
Academic license 2596424 - for non-commercial use only - registered to yu___@chalmers.se

Gurobi 12.0.0 (mac64[arm], gurobi_cl) logging started Thu Feb 13 17:52:32 2025

Set parameter WLSAccessID
Set parameter WLSSecret
Set parameter LicenseID to value 2596424
Set parameter LogFile to value "gurobi.log"
Using license file /Users/yunglong/Downloads/gurobi.lic
Academic license 2596424 - for non-commercial use only - registered to yu___@chalmers.se

Gurobi 12.0.0 (mac64[arm], gurobi_cl) logging started Thu Feb 13 17:54:00 2025

Set parameter WLSAccessID
Set parameter WLSSecret
Set parameter LicenseID to value 2596424
Set parameter LogFile to value "gurobi.log"
Using license file /Users/yunglong/Downloads/gurobi.lic
Academic license 2596424 - for non-commercial use only - registered to yu___@chalmers.se

Gurobi 12.0.0 (mac64[arm], gurobi_cl) logging started Thu Feb 13 17:56:00 2025

Set parameter WLSAccessID
Set parameter WLSSecret
Set parameter LicenseID to value 2596424
Set parameter LogFile to value "gurobi.log"
Using license file /Users/yunglong/Downloads/gurobi.lic
Academic license 2596424 - for non-commercial use only - registered to yu___@chalmers.se

Gurobi 12.0.0 (mac64[arm], gurobi_cl) logging started Thu Feb 13 17:56:13 2025

Set parameter WLSAccessID
Set parameter WLSSecret
Set parameter LicenseID to value 2596424
Set parameter LogFile to value "gurobi.log"
Using license file /Users/yunglong/Downloads/gurobi.lic
Academic license 2596424 - for non-commercial use only - registered to yu___@chalmers.se

Gurobi 12.0.0 (mac64[arm], gurobi_cl) logging started Thu Feb 13 17:56:57 2025

Set parameter WLSAccessID
Set parameter WLSSecret
Set parameter LicenseID to value 2596424
Set parameter LogFile to value "gurobi.log"
Using license file /Users/yunglong/Downloads/gurobi.lic
Academic license 2596424 - for non-commercial use only - registered to yu___@chalmers.se

Gurobi 12.0.0 (mac64[arm], gurobi_cl) logging started Thu Feb 13 18:00:33 2025

Set parameter WLSAccessID
Set parameter WLSSecret
Set parameter LicenseID to value 2596424
Set parameter LogFile to value "gurobi.log"
Using license file /Users/yunglong/Downloads/gurobi.lic
Academic license 2596424 - for non-commercial use only - registered to yu___@chalmers.se

Gurobi 12.0.0 (mac64[arm], gurobi_cl) logging started Thu Feb 13 18:00:44 2025

Set parameter WLSAccessID
Set parameter WLSSecret
Set parameter LicenseID to value 2596424
Set parameter LogFile to value "gurobi.log"
Using license file /Users/yunglong/Downloads/gurobi.lic
Academic license 2596424 - for non-commercial use only - registered to yu___@chalmers.se

Gurobi 12.0.0 (mac64[arm], gurobi_cl) logging started Thu Feb 13 18:34:17 2025

Set parameter WLSAccessID
Set parameter WLSSecret
Set parameter LicenseID to value 2596424
Set parameter LogFile to value "gurobi.log"
Using license file /Users/yunglong/Downloads/gurobi.lic
Academic license 2596424 - for non-commercial use only - registered to yu___@chalmers.se

Gurobi 12.0.0 (mac64[arm], gurobi_cl) logging started Thu Feb 13 18:34:51 2025

Set parameter WLSAccessID
Set parameter WLSSecret
Set parameter LicenseID to value 2596424
Set parameter LogFile to value "gurobi.log"
Using license file /Users/yunglong/Downloads/gurobi.lic
Academic license 2596424 - for non-commercial use only - registered to yu___@chalmers.se

Gurobi 12.0.0 (mac64[arm], gurobi_cl) logging started Thu Feb 13 19:06:55 2025

Set parameter WLSAccessID
Set parameter WLSSecret
Set parameter LicenseID to value 2596424
Set parameter LogFile to value "gurobi.log"
Using license file /Users/yunglong/Downloads/gurobi.lic
Academic license 2596424 - for non-commercial use only - registered to yu___@chalmers.se

Gurobi 12.0.0 (mac64[arm], gurobi_cl) logging started Thu Feb 13 19:16:00 2025

Set parameter WLSAccessID
Set parameter WLSSecret
Set parameter LicenseID to value 2596424
Set parameter LogFile to value "gurobi.log"
Using license file /Users/yunglong/Downloads/gurobi.lic
Academic license 2596424 - for non-commercial use only - registered to yu___@chalmers.se

Gurobi 12.0.0 (mac64[arm], gurobi_cl) logging started Thu Feb 13 21:21:57 2025

Set parameter WLSAccessID
Set parameter WLSSecret
Set parameter LicenseID to value 2596424
Set parameter LogFile to value "gurobi.log"
Using license file /Users/yunglong/Downloads/gurobi.lic
Academic license 2596424 - for non-commercial use only - registered to yu___@chalmers.se

Gurobi 12.0.0 (mac64[arm], gurobi_cl) logging started Thu Feb 13 21:23:37 2025

Set parameter WLSAccessID
Set parameter WLSSecret
Set parameter LicenseID to value 2596424
Set parameter LogFile to value "gurobi.log"
Using license file /Users/yunglong/Downloads/gurobi.lic
Academic license 2596424 - for non-commercial use only - registered to yu___@chalmers.se

Gurobi 12.0.0 (mac64[arm], gurobi_cl) logging started Thu Feb 13 21:24:42 2025

Set parameter WLSAccessID
Set parameter WLSSecret
Set parameter LicenseID to value 2596424
Set parameter LogFile to value "gurobi.log"
Using license file /Users/yunglong/Downloads/gurobi.lic
Academic license 2596424 - for non-commercial use only - registered to yu___@chalmers.se

Gurobi 12.0.0 (mac64[arm], gurobi_cl) logging started Thu Feb 13 21:29:28 2025

Set parameter WLSAccessID
Set parameter WLSSecret
Set parameter LicenseID to value 2596424
Set parameter LogFile to value "gurobi.log"
Using license file /Users/yunglong/Downloads/gurobi.lic
Academic license 2596424 - for non-commercial use only - registered to yu___@chalmers.se

Gurobi 12.0.0 (mac64[arm], gurobi_cl) logging started Thu Feb 13 21:32:41 2025

Set parameter WLSAccessID
Set parameter WLSSecret
Set parameter LicenseID to value 2596424
Set parameter LogFile to value "gurobi.log"
Using license file /Users/yunglong/Downloads/gurobi.lic
Academic license 2596424 - for non-commercial use only - registered to yu___@chalmers.se

Gurobi 12.0.0 (mac64[arm], gurobi_cl) logging started Thu Feb 13 22:07:50 2025

Set parameter WLSAccessID
Set parameter WLSSecret
Set parameter LicenseID to value 2596424
Set parameter LogFile to value "gurobi.log"
Using license file /Users/yunglong/Downloads/gurobi.lic
Academic license 2596424 - for non-commercial use only - registered to yu___@chalmers.se

Gurobi 12.0.0 (mac64[arm], gurobi_cl) logging started Thu Feb 13 22:10:30 2025

Set parameter WLSAccessID
Set parameter WLSSecret
Set parameter LicenseID to value 2596424
Set parameter LogFile to value "gurobi.log"
Using license file /Users/yunglong/Downloads/gurobi.lic
Academic license 2596424 - for non-commercial use only - registered to yu___@chalmers.se

Gurobi 12.0.0 (mac64[arm], gurobi_cl) logging started Thu Feb 13 22:11:33 2025

Set parameter WLSAccessID
Set parameter WLSSecret
Set parameter LicenseID to value 2596424
Set parameter LogFile to value "gurobi.log"
Using license file /Users/yunglong/Downloads/gurobi.lic
Academic license 2596424 - for non-commercial use only - registered to yu___@chalmers.se

Gurobi 12.0.0 (mac64[arm], gurobi_cl) logging started Thu Feb 13 22:18:01 2025

Set parameter WLSAccessID
Set parameter WLSSecret
Set parameter LicenseID to value 2596424
Set parameter LogFile to value "gurobi.log"
Using license file /Users/yunglong/Downloads/gurobi.lic
Academic license 2596424 - for non-commercial use only - registered to yu___@chalmers.se

Gurobi 12.0.0 (mac64[arm], gurobi_cl) logging started Thu Feb 13 22:24:15 2025

Set parameter WLSAccessID
Set parameter WLSSecret
Set parameter LicenseID to value 2596424
Set parameter LogFile to value "gurobi.log"
Using license file /Users/yunglong/Downloads/gurobi.lic
Academic license 2596424 - for non-commercial use only - registered to yu___@chalmers.se

Gurobi 12.0.0 (mac64[arm], gurobi_cl) logging started Thu Feb 13 22:24:59 2025

Set parameter WLSAccessID
Set parameter WLSSecret
Set parameter LicenseID to value 2596424
Set parameter LogFile to value "gurobi.log"
Using license file /Users/yunglong/Downloads/gurobi.lic
Academic license 2596424 - for non-commercial use only - registered to yu___@chalmers.se

Gurobi 12.0.0 (mac64[arm], gurobi_cl) logging started Thu Feb 13 22:25:21 2025

Set parameter WLSAccessID
Set parameter WLSSecret
Set parameter LicenseID to value 2596424
Set parameter LogFile to value "gurobi.log"
Using license file /Users/yunglong/Downloads/gurobi.lic
Academic license 2596424 - for non-commercial use only - registered to yu___@chalmers.se

Gurobi 12.0.0 (mac64[arm], gurobi_cl) logging started Thu Feb 13 22:26:27 2025

Set parameter WLSAccessID
Set parameter WLSSecret
Set parameter LicenseID to value 2596424
Set parameter LogFile to value "gurobi.log"
Using license file /Users/yunglong/Downloads/gurobi.lic
Academic license 2596424 - for non-commercial use only - registered to yu___@chalmers.se

Gurobi 12.0.0 (mac64[arm], gurobi_cl) logging started Thu Feb 13 22:26:42 2025

Set parameter WLSAccessID
Set parameter WLSSecret
Set parameter LicenseID to value 2596424
Set parameter LogFile to value "gurobi.log"
Using license file /Users/yunglong/Downloads/gurobi.lic
Academic license 2596424 - for non-commercial use only - registered to yu___@chalmers.se

Gurobi 12.0.0 (mac64[arm], gurobi_cl) logging started Thu Feb 13 22:34:35 2025

Set parameter WLSAccessID
Set parameter WLSSecret
Set parameter LicenseID to value 2596424
Set parameter LogFile to value "gurobi.log"
Using license file /Users/yunglong/Downloads/gurobi.lic
Academic license 2596424 - for non-commercial use only - registered to yu___@chalmers.se

Gurobi 12.0.0 (mac64[arm], gurobi_cl) logging started Thu Feb 13 22:34:53 2025

Set parameter WLSAccessID
Set parameter WLSSecret
Set parameter LicenseID to value 2596424
Set parameter LogFile to value "gurobi.log"
Using license file /Users/yunglong/Downloads/gurobi.lic
Academic license 2596424 - for non-commercial use only - registered to yu___@chalmers.se

Gurobi 12.0.0 (mac64[arm], gurobi_cl) logging started Thu Feb 13 23:12:06 2025

Set parameter WLSAccessID
Set parameter WLSSecret
Set parameter LicenseID to value 2596424
Set parameter LogFile to value "gurobi.log"
Using license file /Users/yunglong/Downloads/gurobi.lic
Academic license 2596424 - for non-commercial use only - registered to yu___@chalmers.se

Gurobi 12.0.0 (mac64[arm], gurobi_cl) logging started Thu Feb 13 23:12:44 2025

Set parameter WLSAccessID
Set parameter WLSSecret
Set parameter LicenseID to value 2596424
Set parameter LogFile to value "gurobi.log"
Using license file /Users/yunglong/Downloads/gurobi.lic
Academic license 2596424 - for non-commercial use only - registered to yu___@chalmers.se

Gurobi 12.0.0 (mac64[arm], gurobi_cl) logging started Mon Feb 17 21:05:14 2025

Set parameter WLSAccessID
Set parameter WLSSecret
Set parameter LicenseID to value 2596424
Set parameter LogFile to value "gurobi.log"
Using license file /Users/yunglong/Downloads/gurobi.lic
Academic license 2596424 - for non-commercial use only - registered to yu___@chalmers.se

Gurobi 12.0.0 (mac64[arm], gurobi_cl) logging started Mon Feb 17 21:12:13 2025

Set parameter WLSAccessID
Set parameter WLSSecret
Set parameter LicenseID to value 2596424
Set parameter LogFile to value "gurobi.log"
Using license file /Users/yunglong/Downloads/gurobi.lic
Academic license 2596424 - for non-commercial use only - registered to yu___@chalmers.se

Gurobi 12.0.0 (mac64[arm], gurobi_cl) logging started Mon Feb 17 21:14:12 2025

Set parameter WLSAccessID
Set parameter WLSSecret
Set parameter LicenseID to value 2596424
Set parameter LogFile to value "gurobi.log"
Using license file /Users/yunglong/Downloads/gurobi.lic
Academic license 2596424 - for non-commercial use only - registered to yu___@chalmers.se

Gurobi 12.0.0 (mac64[arm], gurobi_cl) logging started Mon Feb 17 21:14:50 2025

Set parameter WLSAccessID
Set parameter WLSSecret
Set parameter LicenseID to value 2596424
Set parameter LogFile to value "gurobi.log"
Using license file /Users/yunglong/Downloads/gurobi.lic
Academic license 2596424 - for non-commercial use only - registered to yu___@chalmers.se

Gurobi 12.0.0 (mac64[arm], gurobi_cl) logging started Mon Feb 17 21:15:10 2025

Set parameter WLSAccessID
Set parameter WLSSecret
Set parameter LicenseID to value 2596424
Set parameter LogFile to value "gurobi.log"
Using license file /Users/yunglong/Downloads/gurobi.lic
Academic license 2596424 - for non-commercial use only - registered to yu___@chalmers.se

Gurobi 12.0.0 (mac64[arm], gurobi_cl) logging started Mon Feb 17 21:16:07 2025

Set parameter WLSAccessID
Set parameter WLSSecret
Set parameter LicenseID to value 2596424
Set parameter LogFile to value "gurobi.log"
Using license file /Users/yunglong/Downloads/gurobi.lic
Academic license 2596424 - for non-commercial use only - registered to yu___@chalmers.se

Gurobi 12.0.0 (mac64[arm], gurobi_cl) logging started Mon Feb 17 22:02:51 2025

Set parameter WLSAccessID
Set parameter WLSSecret
Set parameter LicenseID to value 2596424
Set parameter LogFile to value "gurobi.log"
Using license file /Users/yunglong/Downloads/gurobi.lic
Academic license 2596424 - for non-commercial use only - registered to yu___@chalmers.se

Gurobi 12.0.0 (mac64[arm], gurobi_cl) logging started Mon Feb 17 22:06:41 2025

Set parameter WLSAccessID
Set parameter WLSSecret
Set parameter LicenseID to value 2596424
Set parameter LogFile to value "gurobi.log"
Using license file /Users/yunglong/Downloads/gurobi.lic
Academic license 2596424 - for non-commercial use only - registered to yu___@chalmers.se

Gurobi 12.0.0 (mac64[arm], gurobi_cl) logging started Mon Feb 17 22:08:14 2025

Set parameter WLSAccessID
Set parameter WLSSecret
Set parameter LicenseID to value 2596424
Set parameter LogFile to value "gurobi.log"
Using license file /Users/yunglong/Downloads/gurobi.lic
Academic license 2596424 - for non-commercial use only - registered to yu___@chalmers.se

Gurobi 12.0.0 (mac64[arm], gurobi_cl) logging started Mon Feb 17 22:17:55 2025

Set parameter WLSAccessID
Set parameter WLSSecret
Set parameter LicenseID to value 2596424
Set parameter LogFile to value "gurobi.log"
Using license file /Users/yunglong/Downloads/gurobi.lic
Academic license 2596424 - for non-commercial use only - registered to yu___@chalmers.se

Gurobi 12.0.0 (mac64[arm], gurobi_cl) logging started Tue Feb 18 07:22:18 2025

Set parameter WLSAccessID
Set parameter WLSSecret
Set parameter LicenseID to value 2596424
Set parameter LogFile to value "gurobi.log"
Using license file /Users/yunglong/Downloads/gurobi.lic
Academic license 2596424 - for non-commercial use only - registered to yu___@chalmers.se

Gurobi 12.0.0 (mac64[arm], gurobi_cl) logging started Tue Feb 18 07:23:01 2025

Set parameter WLSAccessID
Set parameter WLSSecret
Set parameter LicenseID to value 2596424
Set parameter LogFile to value "gurobi.log"
Using license file /Users/yunglong/Downloads/gurobi.lic
Academic license 2596424 - for non-commercial use only - registered to yu___@chalmers.se

Gurobi 12.0.0 (mac64[arm], gurobi_cl) logging started Tue Feb 18 13:58:51 2025

Set parameter WLSAccessID
Set parameter WLSSecret
Set parameter LicenseID to value 2596424
Set parameter LogFile to value "gurobi.log"
Using license file /Users/yunglong/Downloads/gurobi.lic
Academic license 2596424 - for non-commercial use only - registered to yu___@chalmers.se

Gurobi 12.0.0 (mac64[arm], gurobi_cl) logging started Tue Feb 18 13:59:37 2025

Set parameter WLSAccessID
Set parameter WLSSecret
Set parameter LicenseID to value 2596424
Set parameter LogFile to value "gurobi.log"
Using license file /Users/yunglong/Downloads/gurobi.lic
Academic license 2596424 - for non-commercial use only - registered to yu___@chalmers.se

Gurobi 12.0.0 (mac64[arm], gurobi_cl) logging started Tue Feb 18 13:59:49 2025

Set parameter WLSAccessID
Set parameter WLSSecret
Set parameter LicenseID to value 2596424
Set parameter LogFile to value "gurobi.log"
Using license file /Users/yunglong/Downloads/gurobi.lic
Academic license 2596424 - for non-commercial use only - registered to yu___@chalmers.se

Gurobi 12.0.0 (mac64[arm], gurobi_cl) logging started Tue Feb 18 14:00:01 2025

Set parameter WLSAccessID
Set parameter WLSSecret
Set parameter LicenseID to value 2596424
Set parameter LogFile to value "gurobi.log"
Using license file /Users/yunglong/Downloads/gurobi.lic
Academic license 2596424 - for non-commercial use only - registered to yu___@chalmers.se

Gurobi 12.0.0 (mac64[arm], gurobi_cl) logging started Tue Feb 18 14:00:55 2025

Set parameter WLSAccessID
Set parameter WLSSecret
Set parameter LicenseID to value 2596424
Set parameter LogFile to value "gurobi.log"
Using license file /Users/yunglong/Downloads/gurobi.lic
Academic license 2596424 - for non-commercial use only - registered to yu___@chalmers.se

Gurobi 12.0.0 (mac64[arm], gurobi_cl) logging started Tue Feb 18 14:01:09 2025

Set parameter WLSAccessID
Set parameter WLSSecret
Set parameter LicenseID to value 2596424
Set parameter LogFile to value "gurobi.log"
Using license file /Users/yunglong/Downloads/gurobi.lic
Academic license 2596424 - for non-commercial use only - registered to yu___@chalmers.se

Gurobi 12.0.0 (mac64[arm], gurobi_cl) logging started Tue Feb 18 14:03:14 2025

Set parameter WLSAccessID
Set parameter WLSSecret
Set parameter LicenseID to value 2596424
Set parameter LogFile to value "gurobi.log"
Using license file /Users/yunglong/Downloads/gurobi.lic
Academic license 2596424 - for non-commercial use only - registered to yu___@chalmers.se

Gurobi 12.0.0 (mac64[arm], gurobi_cl) logging started Tue Feb 18 14:03:26 2025

Set parameter WLSAccessID
Set parameter WLSSecret
Set parameter LicenseID to value 2596424
Set parameter LogFile to value "gurobi.log"
Using license file /Users/yunglong/Downloads/gurobi.lic
Academic license 2596424 - for non-commercial use only - registered to yu___@chalmers.se

Gurobi 12.0.0 (mac64[arm], gurobi_cl) logging started Tue Feb 18 14:19:49 2025

Set parameter WLSAccessID
Set parameter WLSSecret
Set parameter LicenseID to value 2596424
Set parameter LogFile to value "gurobi.log"
Using license file /Users/yunglong/Downloads/gurobi.lic
Academic license 2596424 - for non-commercial use only - registered to yu___@chalmers.se

Gurobi 12.0.0 (mac64[arm], gurobi_cl) logging started Tue Feb 18 14:20:27 2025

Set parameter WLSAccessID
Set parameter WLSSecret
Set parameter LicenseID to value 2596424
Set parameter LogFile to value "gurobi.log"
Using license file /Users/yunglong/Downloads/gurobi.lic
Academic license 2596424 - for non-commercial use only - registered to yu___@chalmers.se

Gurobi 12.0.0 (mac64[arm], gurobi_cl) logging started Tue Feb 18 14:20:40 2025

Set parameter WLSAccessID
Set parameter WLSSecret
Set parameter LicenseID to value 2596424
Set parameter LogFile to value "gurobi.log"
Using license file /Users/yunglong/Downloads/gurobi.lic
Academic license 2596424 - for non-commercial use only - registered to yu___@chalmers.se

Gurobi 12.0.0 (mac64[arm], gurobi_cl) logging started Tue Feb 18 14:20:51 2025

Set parameter WLSAccessID
Set parameter WLSSecret
Set parameter LicenseID to value 2596424
Set parameter LogFile to value "gurobi.log"
Using license file /Users/yunglong/Downloads/gurobi.lic
Academic license 2596424 - for non-commercial use only - registered to yu___@chalmers.se

Gurobi 12.0.0 (mac64[arm], gurobi_cl) logging started Tue Feb 18 14:27:32 2025

Set parameter WLSAccessID
Set parameter WLSSecret
Set parameter LicenseID to value 2596424
Set parameter LogFile to value "gurobi.log"
Using license file /Users/yunglong/Downloads/gurobi.lic
Academic license 2596424 - for non-commercial use only - registered to yu___@chalmers.se

Gurobi 12.0.0 (mac64[arm], gurobi_cl) logging started Tue Feb 18 14:27:57 2025

Set parameter WLSAccessID
Set parameter WLSSecret
Set parameter LicenseID to value 2596424
Set parameter LogFile to value "gurobi.log"
Using license file /Users/yunglong/Downloads/gurobi.lic
Academic license 2596424 - for non-commercial use only - registered to yu___@chalmers.se

Gurobi 12.0.0 (mac64[arm], gurobi_cl) logging started Tue Feb 18 14:28:31 2025

Set parameter WLSAccessID
Set parameter WLSSecret
Set parameter LicenseID to value 2596424
Set parameter LogFile to value "gurobi.log"
Using license file /Users/yunglong/Downloads/gurobi.lic
Academic license 2596424 - for non-commercial use only - registered to yu___@chalmers.se

Gurobi 12.0.0 (mac64[arm], gurobi_cl) logging started Tue Feb 18 14:28:48 2025

Set parameter WLSAccessID
Set parameter WLSSecret
Set parameter LicenseID to value 2596424
Set parameter LogFile to value "gurobi.log"
Using license file /Users/yunglong/Downloads/gurobi.lic
Academic license 2596424 - for non-commercial use only - registered to yu___@chalmers.se

Gurobi 12.0.0 (mac64[arm], gurobi_cl) logging started Tue Feb 18 14:29:01 2025

Set parameter WLSAccessID
Set parameter WLSSecret
Set parameter LicenseID to value 2596424
Set parameter LogFile to value "gurobi.log"
Using license file /Users/yunglong/Downloads/gurobi.lic
Academic license 2596424 - for non-commercial use only - registered to yu___@chalmers.se

Gurobi 12.0.0 (mac64[arm], gurobi_cl) logging started Tue Feb 18 14:37:56 2025

Set parameter WLSAccessID
Set parameter WLSSecret
Set parameter LicenseID to value 2596424
Set parameter LogFile to value "gurobi.log"
Using license file /Users/yunglong/Downloads/gurobi.lic
Academic license 2596424 - for non-commercial use only - registered to yu___@chalmers.se

Gurobi 12.0.0 (mac64[arm], gurobi_cl) logging started Tue Feb 18 14:38:30 2025

Set parameter WLSAccessID
Set parameter WLSSecret
Set parameter LicenseID to value 2596424
Set parameter LogFile to value "gurobi.log"
Using license file /Users/yunglong/Downloads/gurobi.lic
Academic license 2596424 - for non-commercial use only - registered to yu___@chalmers.se

Gurobi 12.0.0 (mac64[arm], gurobi_cl) logging started Tue Feb 18 14:38:42 2025

Set parameter WLSAccessID
Set parameter WLSSecret
Set parameter LicenseID to value 2596424
Set parameter LogFile to value "gurobi.log"
Using license file /Users/yunglong/Downloads/gurobi.lic
Academic license 2596424 - for non-commercial use only - registered to yu___@chalmers.se

Gurobi 12.0.0 (mac64[arm], gurobi_cl) logging started Tue Feb 18 14:38:53 2025

Set parameter WLSAccessID
Set parameter WLSSecret
Set parameter LicenseID to value 2596424
Set parameter LogFile to value "gurobi.log"
Using license file /Users/yunglong/Downloads/gurobi.lic
Academic license 2596424 - for non-commercial use only - registered to yu___@chalmers.se

Gurobi 12.0.0 (mac64[arm], gurobi_cl) logging started Tue Feb 18 15:00:12 2025

Set parameter WLSAccessID
Set parameter WLSSecret
Set parameter LicenseID to value 2596424
Set parameter LogFile to value "gurobi.log"
Using license file /Users/yunglong/Downloads/gurobi.lic
Academic license 2596424 - for non-commercial use only - registered to yu___@chalmers.se

Gurobi 12.0.0 (mac64[arm], gurobi_cl) logging started Tue Feb 18 15:00:33 2025

Set parameter WLSAccessID
Set parameter WLSSecret
Set parameter LicenseID to value 2596424
Set parameter LogFile to value "gurobi.log"
Using license file /Users/yunglong/Downloads/gurobi.lic
Academic license 2596424 - for non-commercial use only - registered to yu___@chalmers.se

Gurobi 12.0.0 (mac64[arm], gurobi_cl) logging started Tue Feb 18 15:01:43 2025

Set parameter WLSAccessID
Set parameter WLSSecret
Set parameter LicenseID to value 2596424
Set parameter LogFile to value "gurobi.log"
Using license file /Users/yunglong/Downloads/gurobi.lic
Academic license 2596424 - for non-commercial use only - registered to yu___@chalmers.se

Gurobi 12.0.0 (mac64[arm], gurobi_cl) logging started Tue Feb 18 15:02:16 2025

Set parameter WLSAccessID
Set parameter WLSSecret
Set parameter LicenseID to value 2596424
Set parameter LogFile to value "gurobi.log"
Using license file /Users/yunglong/Downloads/gurobi.lic
Academic license 2596424 - for non-commercial use only - registered to yu___@chalmers.se

Gurobi 12.0.0 (mac64[arm], gurobi_cl) logging started Tue Feb 18 15:04:14 2025

Set parameter WLSAccessID
Set parameter WLSSecret
Set parameter LicenseID to value 2596424
Set parameter LogFile to value "gurobi.log"
Using license file /Users/yunglong/Downloads/gurobi.lic
Academic license 2596424 - for non-commercial use only - registered to yu___@chalmers.se

Gurobi 12.0.0 (mac64[arm], gurobi_cl) logging started Tue Feb 18 15:04:46 2025

Set parameter WLSAccessID
Set parameter WLSSecret
Set parameter LicenseID to value 2596424
Set parameter LogFile to value "gurobi.log"
Using license file /Users/yunglong/Downloads/gurobi.lic
Academic license 2596424 - for non-commercial use only - registered to yu___@chalmers.se

Gurobi 12.0.0 (mac64[arm], gurobi_cl) logging started Tue Feb 18 15:08:21 2025

Set parameter WLSAccessID
Set parameter WLSSecret
Set parameter LicenseID to value 2596424
Set parameter LogFile to value "gurobi.log"
Using license file /Users/yunglong/Downloads/gurobi.lic
Academic license 2596424 - for non-commercial use only - registered to yu___@chalmers.se

Gurobi 12.0.0 (mac64[arm], gurobi_cl) logging started Tue Feb 18 15:08:53 2025

Set parameter WLSAccessID
Set parameter WLSSecret
Set parameter LicenseID to value 2596424
Set parameter LogFile to value "gurobi.log"
Using license file /Users/yunglong/Downloads/gurobi.lic
Academic license 2596424 - for non-commercial use only - registered to yu___@chalmers.se

Gurobi 12.0.0 (mac64[arm], gurobi_cl) logging started Tue Feb 18 15:11:06 2025

Set parameter WLSAccessID
Set parameter WLSSecret
Set parameter LicenseID to value 2596424
Set parameter LogFile to value "gurobi.log"
Using license file /Users/yunglong/Downloads/gurobi.lic
Academic license 2596424 - for non-commercial use only - registered to yu___@chalmers.se

Gurobi 12.0.0 (mac64[arm], gurobi_cl) logging started Tue Feb 18 15:11:38 2025

Set parameter WLSAccessID
Set parameter WLSSecret
Set parameter LicenseID to value 2596424
Set parameter LogFile to value "gurobi.log"
Using license file /Users/yunglong/Downloads/gurobi.lic
Academic license 2596424 - for non-commercial use only - registered to yu___@chalmers.se

Gurobi 12.0.0 (mac64[arm], gurobi_cl) logging started Tue Feb 18 15:25:41 2025

Set parameter WLSAccessID
Set parameter WLSSecret
Set parameter LicenseID to value 2596424
Set parameter LogFile to value "gurobi.log"
Using license file /Users/yunglong/Downloads/gurobi.lic
Academic license 2596424 - for non-commercial use only - registered to yu___@chalmers.se

Gurobi 12.0.0 (mac64[arm], gurobi_cl) logging started Tue Feb 18 15:25:53 2025

Set parameter WLSAccessID
Set parameter WLSSecret
Set parameter LicenseID to value 2596424
Set parameter LogFile to value "gurobi.log"
Using license file /Users/yunglong/Downloads/gurobi.lic
Academic license 2596424 - for non-commercial use only - registered to yu___@chalmers.se

Gurobi 12.0.0 (mac64[arm], gurobi_cl) logging started Tue Feb 18 15:26:05 2025

Set parameter WLSAccessID
Set parameter WLSSecret
Set parameter LicenseID to value 2596424
Set parameter LogFile to value "gurobi.log"
Using license file /Users/yunglong/Downloads/gurobi.lic
Academic license 2596424 - for non-commercial use only - registered to yu___@chalmers.se

Gurobi 12.0.0 (mac64[arm], gurobi_cl) logging started Tue Feb 18 15:51:48 2025

Set parameter WLSAccessID
Set parameter WLSSecret
Set parameter LicenseID to value 2596424
Set parameter LogFile to value "gurobi.log"
Using license file /Users/yunglong/Downloads/gurobi.lic
Academic license 2596424 - for non-commercial use only - registered to yu___@chalmers.se

Gurobi 12.0.0 (mac64[arm], gurobi_cl) logging started Tue Feb 18 15:52:32 2025

Set parameter WLSAccessID
Set parameter WLSSecret
Set parameter LicenseID to value 2596424
Set parameter LogFile to value "gurobi.log"
Using license file /Users/yunglong/Downloads/gurobi.lic
Academic license 2596424 - for non-commercial use only - registered to yu___@chalmers.se

Gurobi 12.0.0 (mac64[arm], gurobi_cl) logging started Tue Feb 18 15:52:43 2025

Set parameter WLSAccessID
Set parameter WLSSecret
Set parameter LicenseID to value 2596424
Set parameter LogFile to value "gurobi.log"
Using license file /Users/yunglong/Downloads/gurobi.lic
Academic license 2596424 - for non-commercial use only - registered to yu___@chalmers.se

Gurobi 12.0.0 (mac64[arm], gurobi_cl) logging started Tue Feb 18 15:52:55 2025

Set parameter WLSAccessID
Set parameter WLSSecret
Set parameter LicenseID to value 2596424
Set parameter LogFile to value "gurobi.log"
Using license file /Users/yunglong/Downloads/gurobi.lic
Academic license 2596424 - for non-commercial use only - registered to yu___@chalmers.se

Gurobi 12.0.0 (mac64[arm], gurobi_cl) logging started Tue Feb 18 16:00:03 2025

Set parameter WLSAccessID
Set parameter WLSSecret
Set parameter LicenseID to value 2596424
Set parameter LogFile to value "gurobi.log"
Using license file /Users/yunglong/Downloads/gurobi.lic
Academic license 2596424 - for non-commercial use only - registered to yu___@chalmers.se

Gurobi 12.0.0 (mac64[arm], gurobi_cl) logging started Tue Feb 18 16:00:41 2025

Set parameter WLSAccessID
Set parameter WLSSecret
Set parameter LicenseID to value 2596424
Set parameter LogFile to value "gurobi.log"
Using license file /Users/yunglong/Downloads/gurobi.lic
Academic license 2596424 - for non-commercial use only - registered to yu___@chalmers.se

Gurobi 12.0.0 (mac64[arm], gurobi_cl) logging started Tue Feb 18 16:00:53 2025

Set parameter WLSAccessID
Set parameter WLSSecret
Set parameter LicenseID to value 2596424
Set parameter LogFile to value "gurobi.log"
Using license file /Users/yunglong/Downloads/gurobi.lic
Academic license 2596424 - for non-commercial use only - registered to yu___@chalmers.se

Gurobi 12.0.0 (mac64[arm], gurobi_cl) logging started Tue Feb 18 16:01:05 2025

Set parameter WLSAccessID
Set parameter WLSSecret
Set parameter LicenseID to value 2596424
Set parameter LogFile to value "gurobi.log"
Using license file /Users/yunglong/Downloads/gurobi.lic
Academic license 2596424 - for non-commercial use only - registered to yu___@chalmers.se

Gurobi 12.0.0 (mac64[arm], gurobi_cl) logging started Tue Feb 18 16:03:21 2025

Set parameter WLSAccessID
Set parameter WLSSecret
Set parameter LicenseID to value 2596424
Set parameter LogFile to value "gurobi.log"
Using license file /Users/yunglong/Downloads/gurobi.lic
Academic license 2596424 - for non-commercial use only - registered to yu___@chalmers.se

Gurobi 12.0.0 (mac64[arm], gurobi_cl) logging started Tue Feb 18 16:03:52 2025

Set parameter WLSAccessID
Set parameter WLSSecret
Set parameter LicenseID to value 2596424
Set parameter LogFile to value "gurobi.log"
Using license file /Users/yunglong/Downloads/gurobi.lic
Academic license 2596424 - for non-commercial use only - registered to yu___@chalmers.se

Gurobi 12.0.0 (mac64[arm], gurobi_cl) logging started Tue Feb 18 16:04:04 2025

Set parameter WLSAccessID
Set parameter WLSSecret
Set parameter LicenseID to value 2596424
Set parameter LogFile to value "gurobi.log"
Using license file /Users/yunglong/Downloads/gurobi.lic
Academic license 2596424 - for non-commercial use only - registered to yu___@chalmers.se

Gurobi 12.0.0 (mac64[arm], gurobi_cl) logging started Tue Feb 18 16:04:18 2025

Set parameter WLSAccessID
Set parameter WLSSecret
Set parameter LicenseID to value 2596424
Set parameter LogFile to value "gurobi.log"
Using license file /Users/yunglong/Downloads/gurobi.lic
Academic license 2596424 - for non-commercial use only - registered to yu___@chalmers.se

Gurobi 12.0.0 (mac64[arm], gurobi_cl) logging started Tue Feb 18 16:05:42 2025

Set parameter WLSAccessID
Set parameter WLSSecret
Set parameter LicenseID to value 2596424
Set parameter LogFile to value "gurobi.log"
Using license file /Users/yunglong/Downloads/gurobi.lic
Academic license 2596424 - for non-commercial use only - registered to yu___@chalmers.se

Gurobi 12.0.0 (mac64[arm], gurobi_cl) logging started Tue Feb 18 16:06:14 2025

Set parameter WLSAccessID
Set parameter WLSSecret
Set parameter LicenseID to value 2596424
Set parameter LogFile to value "gurobi.log"
Using license file /Users/yunglong/Downloads/gurobi.lic
Academic license 2596424 - for non-commercial use only - registered to yu___@chalmers.se

Gurobi 12.0.0 (mac64[arm], gurobi_cl) logging started Tue Feb 18 16:06:25 2025

Set parameter WLSAccessID
Set parameter WLSSecret
Set parameter LicenseID to value 2596424
Set parameter LogFile to value "gurobi.log"
Using license file /Users/yunglong/Downloads/gurobi.lic
Academic license 2596424 - for non-commercial use only - registered to yu___@chalmers.se

Gurobi 12.0.0 (mac64[arm], gurobi_cl) logging started Tue Feb 18 16:06:37 2025

Set parameter WLSAccessID
Set parameter WLSSecret
Set parameter LicenseID to value 2596424
Set parameter LogFile to value "gurobi.log"
Using license file /Users/yunglong/Downloads/gurobi.lic
Academic license 2596424 - for non-commercial use only - registered to yu___@chalmers.se

Gurobi 12.0.0 (mac64[arm], gurobi_cl) logging started Tue Feb 18 16:08:36 2025

Set parameter WLSAccessID
Set parameter WLSSecret
Set parameter LicenseID to value 2596424
Set parameter LogFile to value "gurobi.log"
Using license file /Users/yunglong/Downloads/gurobi.lic
Academic license 2596424 - for non-commercial use only - registered to yu___@chalmers.se

Gurobi 12.0.0 (mac64[arm], gurobi_cl) logging started Tue Feb 18 16:09:08 2025

Set parameter WLSAccessID
Set parameter WLSSecret
Set parameter LicenseID to value 2596424
Set parameter LogFile to value "gurobi.log"
Using license file /Users/yunglong/Downloads/gurobi.lic
Academic license 2596424 - for non-commercial use only - registered to yu___@chalmers.se

Gurobi 12.0.0 (mac64[arm], gurobi_cl) logging started Tue Feb 18 16:09:19 2025

Set parameter WLSAccessID
Set parameter WLSSecret
Set parameter LicenseID to value 2596424
Set parameter LogFile to value "gurobi.log"
Using license file /Users/yunglong/Downloads/gurobi.lic
Academic license 2596424 - for non-commercial use only - registered to yu___@chalmers.se

Gurobi 12.0.0 (mac64[arm], gurobi_cl) logging started Tue Feb 18 16:09:31 2025

Set parameter WLSAccessID
Set parameter WLSSecret
Set parameter LicenseID to value 2596424
Set parameter LogFile to value "gurobi.log"
Using license file /Users/yunglong/Downloads/gurobi.lic
Academic license 2596424 - for non-commercial use only - registered to yu___@chalmers.se

Gurobi 12.0.0 (mac64[arm], gurobi_cl) logging started Tue Feb 18 16:13:07 2025

Set parameter WLSAccessID
Set parameter WLSSecret
Set parameter LicenseID to value 2596424
Set parameter LogFile to value "gurobi.log"
Using license file /Users/yunglong/Downloads/gurobi.lic
Academic license 2596424 - for non-commercial use only - registered to yu___@chalmers.se

Gurobi 12.0.0 (mac64[arm], gurobi_cl) logging started Tue Feb 18 16:13:30 2025

Set parameter WLSAccessID
Set parameter WLSSecret
Set parameter LicenseID to value 2596424
Set parameter LogFile to value "gurobi.log"
Using license file /Users/yunglong/Downloads/gurobi.lic
Academic license 2596424 - for non-commercial use only - registered to yu___@chalmers.se

Gurobi 12.0.0 (mac64[arm], gurobi_cl) logging started Tue Feb 18 16:14:05 2025

Set parameter WLSAccessID
Set parameter WLSSecret
Set parameter LicenseID to value 2596424
Set parameter LogFile to value "gurobi.log"
Using license file /Users/yunglong/Downloads/gurobi.lic
Academic license 2596424 - for non-commercial use only - registered to yu___@chalmers.se

Gurobi 12.0.0 (mac64[arm], gurobi_cl) logging started Tue Feb 18 16:45:51 2025

Set parameter WLSAccessID
Set parameter WLSSecret
Set parameter LicenseID to value 2596424
Set parameter LogFile to value "gurobi.log"
Using license file /Users/yunglong/Downloads/gurobi.lic
Academic license 2596424 - for non-commercial use only - registered to yu___@chalmers.se

Gurobi 12.0.0 (mac64[arm], gurobi_cl) logging started Tue Feb 18 16:46:21 2025

Set parameter WLSAccessID
Set parameter WLSSecret
Set parameter LicenseID to value 2596424
Set parameter LogFile to value "gurobi.log"
Using license file /Users/yunglong/Downloads/gurobi.lic
Academic license 2596424 - for non-commercial use only - registered to yu___@chalmers.se

Gurobi 12.0.0 (mac64[arm], gurobi_cl) logging started Tue Feb 18 16:48:21 2025

Set parameter WLSAccessID
Set parameter WLSSecret
Set parameter LicenseID to value 2596424
Set parameter LogFile to value "gurobi.log"
Using license file /Users/yunglong/Downloads/gurobi.lic
Academic license 2596424 - for non-commercial use only - registered to yu___@chalmers.se

Gurobi 12.0.0 (mac64[arm], gurobi_cl) logging started Tue Feb 18 16:48:51 2025

Set parameter WLSAccessID
Set parameter WLSSecret
Set parameter LicenseID to value 2596424
Set parameter LogFile to value "gurobi.log"
Using license file /Users/yunglong/Downloads/gurobi.lic
Academic license 2596424 - for non-commercial use only - registered to yu___@chalmers.se

Gurobi 12.0.0 (mac64[arm], gurobi_cl) logging started Tue Feb 18 17:11:14 2025

Set parameter WLSAccessID
Set parameter WLSSecret
Set parameter LicenseID to value 2596424
Set parameter LogFile to value "gurobi.log"
Using license file /Users/yunglong/Downloads/gurobi.lic
Academic license 2596424 - for non-commercial use only - registered to yu___@chalmers.se

Gurobi 12.0.0 (mac64[arm], gurobi_cl) logging started Tue Feb 18 17:11:45 2025

Set parameter WLSAccessID
Set parameter WLSSecret
Set parameter LicenseID to value 2596424
Set parameter LogFile to value "gurobi.log"
Using license file /Users/yunglong/Downloads/gurobi.lic
Academic license 2596424 - for non-commercial use only - registered to yu___@chalmers.se

Gurobi 12.0.0 (mac64[arm], gurobi_cl) logging started Tue Feb 18 17:15:12 2025

Set parameter WLSAccessID
Set parameter WLSSecret
Set parameter LicenseID to value 2596424
Set parameter LogFile to value "gurobi.log"
Using license file /Users/yunglong/Downloads/gurobi.lic
Academic license 2596424 - for non-commercial use only - registered to yu___@chalmers.se

Gurobi 12.0.0 (mac64[arm], gurobi_cl) logging started Tue Feb 18 17:15:43 2025

Set parameter WLSAccessID
Set parameter WLSSecret
Set parameter LicenseID to value 2596424
Set parameter LogFile to value "gurobi.log"
Using license file /Users/yunglong/Downloads/gurobi.lic
Academic license 2596424 - for non-commercial use only - registered to yu___@chalmers.se

Gurobi 12.0.0 (mac64[arm], gurobi_cl) logging started Tue Feb 18 17:16:38 2025

Set parameter WLSAccessID
Set parameter WLSSecret
Set parameter LicenseID to value 2596424
Set parameter LogFile to value "gurobi.log"
Using license file /Users/yunglong/Downloads/gurobi.lic
Academic license 2596424 - for non-commercial use only - registered to yu___@chalmers.se

Gurobi 12.0.0 (mac64[arm], gurobi_cl) logging started Tue Feb 18 17:17:09 2025

Set parameter WLSAccessID
Set parameter WLSSecret
Set parameter LicenseID to value 2596424
Set parameter LogFile to value "gurobi.log"
Using license file /Users/yunglong/Downloads/gurobi.lic
Academic license 2596424 - for non-commercial use only - registered to yu___@chalmers.se

Gurobi 12.0.0 (mac64[arm], gurobi_cl) logging started Tue Feb 18 17:18:24 2025

Set parameter WLSAccessID
Set parameter WLSSecret
Set parameter LicenseID to value 2596424
Set parameter LogFile to value "gurobi.log"
Using license file /Users/yunglong/Downloads/gurobi.lic
Academic license 2596424 - for non-commercial use only - registered to yu___@chalmers.se

Gurobi 12.0.0 (mac64[arm], gurobi_cl) logging started Tue Feb 18 17:18:55 2025

Set parameter WLSAccessID
Set parameter WLSSecret
Set parameter LicenseID to value 2596424
Set parameter LogFile to value "gurobi.log"
Using license file /Users/yunglong/Downloads/gurobi.lic
Academic license 2596424 - for non-commercial use only - registered to yu___@chalmers.se

Gurobi 12.0.0 (mac64[arm], gurobi_cl) logging started Tue Feb 18 17:23:09 2025

Set parameter WLSAccessID
Set parameter WLSSecret
Set parameter LicenseID to value 2596424
Set parameter LogFile to value "gurobi.log"
Using license file /Users/yunglong/Downloads/gurobi.lic
Academic license 2596424 - for non-commercial use only - registered to yu___@chalmers.se

Gurobi 12.0.0 (mac64[arm], gurobi_cl) logging started Tue Feb 18 17:23:40 2025

Set parameter WLSAccessID
Set parameter WLSSecret
Set parameter LicenseID to value 2596424
Set parameter LogFile to value "gurobi.log"
Using license file /Users/yunglong/Downloads/gurobi.lic
Academic license 2596424 - for non-commercial use only - registered to yu___@chalmers.se

Gurobi 12.0.0 (mac64[arm], gurobi_cl) logging started Tue Feb 18 17:25:59 2025

Set parameter WLSAccessID
Set parameter WLSSecret
Set parameter LicenseID to value 2596424
Set parameter LogFile to value "gurobi.log"
Using license file /Users/yunglong/Downloads/gurobi.lic
Academic license 2596424 - for non-commercial use only - registered to yu___@chalmers.se

Gurobi 12.0.0 (mac64[arm], gurobi_cl) logging started Tue Feb 18 17:26:38 2025

Set parameter WLSAccessID
Set parameter WLSSecret
Set parameter LicenseID to value 2596424
Set parameter LogFile to value "gurobi.log"
Using license file /Users/yunglong/Downloads/gurobi.lic
Academic license 2596424 - for non-commercial use only - registered to yu___@chalmers.se

Gurobi 12.0.0 (mac64[arm], gurobi_cl) logging started Tue Feb 18 17:33:49 2025

Set parameter WLSAccessID
Set parameter WLSSecret
Set parameter LicenseID to value 2596424
Set parameter LogFile to value "gurobi.log"
Using license file /Users/yunglong/Downloads/gurobi.lic
Academic license 2596424 - for non-commercial use only - registered to yu___@chalmers.se

Gurobi 12.0.0 (mac64[arm], gurobi_cl) logging started Tue Feb 18 17:34:20 2025

Set parameter WLSAccessID
Set parameter WLSSecret
Set parameter LicenseID to value 2596424
Set parameter LogFile to value "gurobi.log"
Using license file /Users/yunglong/Downloads/gurobi.lic
Academic license 2596424 - for non-commercial use only - registered to yu___@chalmers.se

Gurobi 12.0.0 (mac64[arm], gurobi_cl) logging started Tue Feb 18 17:43:49 2025

Set parameter WLSAccessID
Set parameter WLSSecret
Set parameter LicenseID to value 2596424
Set parameter LogFile to value "gurobi.log"
Using license file /Users/yunglong/Downloads/gurobi.lic
Academic license 2596424 - for non-commercial use only - registered to yu___@chalmers.se

Gurobi 12.0.0 (mac64[arm], gurobi_cl) logging started Tue Feb 18 17:44:27 2025

Set parameter WLSAccessID
Set parameter WLSSecret
Set parameter LicenseID to value 2596424
Set parameter LogFile to value "gurobi.log"
Using license file /Users/yunglong/Downloads/gurobi.lic
Academic license 2596424 - for non-commercial use only - registered to yu___@chalmers.se

Gurobi 12.0.0 (mac64[arm], gurobi_cl) logging started Tue Feb 18 17:49:56 2025

Set parameter WLSAccessID
Set parameter WLSSecret
Set parameter LicenseID to value 2596424
Set parameter LogFile to value "gurobi.log"
Using license file /Users/yunglong/Downloads/gurobi.lic
Academic license 2596424 - for non-commercial use only - registered to yu___@chalmers.se

Gurobi 12.0.0 (mac64[arm], gurobi_cl) logging started Tue Feb 18 17:50:27 2025

Set parameter WLSAccessID
Set parameter WLSSecret
Set parameter LicenseID to value 2596424
Set parameter LogFile to value "gurobi.log"
Using license file /Users/yunglong/Downloads/gurobi.lic
Academic license 2596424 - for non-commercial use only - registered to yu___@chalmers.se

Gurobi 12.0.0 (mac64[arm], gurobi_cl) logging started Tue Feb 18 17:51:48 2025

Set parameter WLSAccessID
Set parameter WLSSecret
Set parameter LicenseID to value 2596424
Set parameter LogFile to value "gurobi.log"
Using license file /Users/yunglong/Downloads/gurobi.lic
Academic license 2596424 - for non-commercial use only - registered to yu___@chalmers.se

Gurobi 12.0.0 (mac64[arm], gurobi_cl) logging started Tue Feb 18 17:52:19 2025

Set parameter WLSAccessID
Set parameter WLSSecret
Set parameter LicenseID to value 2596424
Set parameter LogFile to value "gurobi.log"
Using license file /Users/yunglong/Downloads/gurobi.lic
Academic license 2596424 - for non-commercial use only - registered to yu___@chalmers.se

Gurobi 12.0.0 (mac64[arm], gurobi_cl) logging started Tue Feb 18 17:54:06 2025

Set parameter WLSAccessID
Set parameter WLSSecret
Set parameter LicenseID to value 2596424
Set parameter LogFile to value "gurobi.log"
Using license file /Users/yunglong/Downloads/gurobi.lic
Academic license 2596424 - for non-commercial use only - registered to yu___@chalmers.se

Gurobi 12.0.0 (mac64[arm], gurobi_cl) logging started Tue Feb 18 17:54:36 2025

Set parameter WLSAccessID
Set parameter WLSSecret
Set parameter LicenseID to value 2596424
Set parameter LogFile to value "gurobi.log"
Using license file /Users/yunglong/Downloads/gurobi.lic
Academic license 2596424 - for non-commercial use only - registered to yu___@chalmers.se

Gurobi 12.0.0 (mac64[arm], gurobi_cl) logging started Tue Feb 18 17:56:08 2025

Set parameter WLSAccessID
Set parameter WLSSecret
Set parameter LicenseID to value 2596424
Set parameter LogFile to value "gurobi.log"
Using license file /Users/yunglong/Downloads/gurobi.lic
Academic license 2596424 - for non-commercial use only - registered to yu___@chalmers.se

Gurobi 12.0.0 (mac64[arm], gurobi_cl) logging started Tue Feb 18 17:56:38 2025

Set parameter WLSAccessID
Set parameter WLSSecret
Set parameter LicenseID to value 2596424
Set parameter LogFile to value "gurobi.log"
Using license file /Users/yunglong/Downloads/gurobi.lic
Academic license 2596424 - for non-commercial use only - registered to yu___@chalmers.se

Gurobi 12.0.0 (mac64[arm], gurobi_cl) logging started Tue Feb 18 17:59:31 2025

Set parameter WLSAccessID
Set parameter WLSSecret
Set parameter LicenseID to value 2596424
Set parameter LogFile to value "gurobi.log"
Using license file /Users/yunglong/Downloads/gurobi.lic
Academic license 2596424 - for non-commercial use only - registered to yu___@chalmers.se

Gurobi 12.0.0 (mac64[arm], gurobi_cl) logging started Tue Feb 18 18:00:02 2025

Set parameter WLSAccessID
Set parameter WLSSecret
Set parameter LicenseID to value 2596424
Set parameter LogFile to value "gurobi.log"
Using license file /Users/yunglong/Downloads/gurobi.lic
Academic license 2596424 - for non-commercial use only - registered to yu___@chalmers.se

Gurobi 12.0.0 (mac64[arm], gurobi_cl) logging started Tue Feb 18 18:01:45 2025

Set parameter WLSAccessID
Set parameter WLSSecret
Set parameter LicenseID to value 2596424
Set parameter LogFile to value "gurobi.log"
Using license file /Users/yunglong/Downloads/gurobi.lic
Academic license 2596424 - for non-commercial use only - registered to yu___@chalmers.se

Gurobi 12.0.0 (mac64[arm], gurobi_cl) logging started Tue Feb 18 18:02:16 2025

Set parameter WLSAccessID
Set parameter WLSSecret
Set parameter LicenseID to value 2596424
Set parameter LogFile to value "gurobi.log"
Using license file /Users/yunglong/Downloads/gurobi.lic
Academic license 2596424 - for non-commercial use only - registered to yu___@chalmers.se

Gurobi 12.0.0 (mac64[arm], gurobi_cl) logging started Tue Feb 18 18:05:08 2025

Set parameter WLSAccessID
Set parameter WLSSecret
Set parameter LicenseID to value 2596424
Set parameter LogFile to value "gurobi.log"
Using license file /Users/yunglong/Downloads/gurobi.lic
Academic license 2596424 - for non-commercial use only - registered to yu___@chalmers.se

Gurobi 12.0.0 (mac64[arm], gurobi_cl) logging started Tue Feb 18 18:05:38 2025

Set parameter WLSAccessID
Set parameter WLSSecret
Set parameter LicenseID to value 2596424
Set parameter LogFile to value "gurobi.log"
Using license file /Users/yunglong/Downloads/gurobi.lic
Academic license 2596424 - for non-commercial use only - registered to yu___@chalmers.se

Gurobi 12.0.0 (mac64[arm], gurobi_cl) logging started Tue Feb 18 18:09:46 2025

Set parameter WLSAccessID
Set parameter WLSSecret
Set parameter LicenseID to value 2596424
Set parameter LogFile to value "gurobi.log"
Using license file /Users/yunglong/Downloads/gurobi.lic
Academic license 2596424 - for non-commercial use only - registered to yu___@chalmers.se

Gurobi 12.0.0 (mac64[arm], gurobi_cl) logging started Tue Feb 18 18:10:21 2025

Set parameter WLSAccessID
Set parameter WLSSecret
Set parameter LicenseID to value 2596424
Set parameter LogFile to value "gurobi.log"
Using license file /Users/yunglong/Downloads/gurobi.lic
Academic license 2596424 - for non-commercial use only - registered to yu___@chalmers.se

Gurobi 12.0.0 (mac64[arm], gurobi_cl) logging started Tue Feb 18 18:11:29 2025

Set parameter WLSAccessID
Set parameter WLSSecret
Set parameter LicenseID to value 2596424
Set parameter LogFile to value "gurobi.log"
Using license file /Users/yunglong/Downloads/gurobi.lic
Academic license 2596424 - for non-commercial use only - registered to yu___@chalmers.se

Gurobi 12.0.0 (mac64[arm], gurobi_cl) logging started Tue Feb 18 18:12:01 2025

Set parameter WLSAccessID
Set parameter WLSSecret
Set parameter LicenseID to value 2596424
Set parameter LogFile to value "gurobi.log"
Using license file /Users/yunglong/Downloads/gurobi.lic
Academic license 2596424 - for non-commercial use only - registered to yu___@chalmers.se

Gurobi 12.0.0 (mac64[arm], gurobi_cl) logging started Tue Feb 18 18:13:43 2025

Set parameter WLSAccessID
Set parameter WLSSecret
Set parameter LicenseID to value 2596424
Set parameter LogFile to value "gurobi.log"
Using license file /Users/yunglong/Downloads/gurobi.lic
Academic license 2596424 - for non-commercial use only - registered to yu___@chalmers.se

Gurobi 12.0.0 (mac64[arm], gurobi_cl) logging started Tue Feb 18 18:14:14 2025

Set parameter WLSAccessID
Set parameter WLSSecret
Set parameter LicenseID to value 2596424
Set parameter LogFile to value "gurobi.log"
Using license file /Users/yunglong/Downloads/gurobi.lic
Academic license 2596424 - for non-commercial use only - registered to yu___@chalmers.se

Gurobi 12.0.0 (mac64[arm], gurobi_cl) logging started Tue Feb 18 18:17:13 2025

Set parameter WLSAccessID
Set parameter WLSSecret
Set parameter LicenseID to value 2596424
Set parameter LogFile to value "gurobi.log"
Using license file /Users/yunglong/Downloads/gurobi.lic
Academic license 2596424 - for non-commercial use only - registered to yu___@chalmers.se

Gurobi 12.0.0 (mac64[arm], gurobi_cl) logging started Tue Feb 18 18:17:31 2025

Set parameter WLSAccessID
Set parameter WLSSecret
Set parameter LicenseID to value 2596424
Set parameter LogFile to value "gurobi.log"
Using license file /Users/yunglong/Downloads/gurobi.lic
Academic license 2596424 - for non-commercial use only - registered to yu___@chalmers.se

Gurobi 12.0.0 (mac64[arm], gurobi_cl) logging started Tue Feb 18 18:18:01 2025

Set parameter WLSAccessID
Set parameter WLSSecret
Set parameter LicenseID to value 2596424
Set parameter LogFile to value "gurobi.log"
Using license file /Users/yunglong/Downloads/gurobi.lic
Academic license 2596424 - for non-commercial use only - registered to yu___@chalmers.se

Gurobi 12.0.0 (mac64[arm], gurobi_cl) logging started Tue Feb 18 18:20:33 2025

Set parameter WLSAccessID
Set parameter WLSSecret
Set parameter LicenseID to value 2596424
Set parameter LogFile to value "gurobi.log"
Using license file /Users/yunglong/Downloads/gurobi.lic
Academic license 2596424 - for non-commercial use only - registered to yu___@chalmers.se

Gurobi 12.0.0 (mac64[arm], gurobi_cl) logging started Tue Feb 18 18:21:04 2025

Set parameter WLSAccessID
Set parameter WLSSecret
Set parameter LicenseID to value 2596424
Set parameter LogFile to value "gurobi.log"
Using license file /Users/yunglong/Downloads/gurobi.lic
Academic license 2596424 - for non-commercial use only - registered to yu___@chalmers.se

Gurobi 12.0.0 (mac64[arm], gurobi_cl) logging started Tue Feb 18 18:27:33 2025

Set parameter WLSAccessID
Set parameter WLSSecret
Set parameter LicenseID to value 2596424
Set parameter LogFile to value "gurobi.log"
Using license file /Users/yunglong/Downloads/gurobi.lic
Academic license 2596424 - for non-commercial use only - registered to yu___@chalmers.se

Gurobi 12.0.0 (mac64[arm], gurobi_cl) logging started Tue Feb 18 18:28:09 2025

Set parameter WLSAccessID
Set parameter WLSSecret
Set parameter LicenseID to value 2596424
Set parameter LogFile to value "gurobi.log"
Using license file /Users/yunglong/Downloads/gurobi.lic
Academic license 2596424 - for non-commercial use only - registered to yu___@chalmers.se

Gurobi 12.0.0 (mac64[arm], gurobi_cl) logging started Tue Feb 18 18:30:19 2025

Set parameter WLSAccessID
Set parameter WLSSecret
Set parameter LicenseID to value 2596424
Set parameter LogFile to value "gurobi.log"
Using license file /Users/yunglong/Downloads/gurobi.lic
Academic license 2596424 - for non-commercial use only - registered to yu___@chalmers.se

Gurobi 12.0.0 (mac64[arm], gurobi_cl) logging started Tue Feb 18 18:30:50 2025

Set parameter WLSAccessID
Set parameter WLSSecret
Set parameter LicenseID to value 2596424
Set parameter LogFile to value "gurobi.log"
Using license file /Users/yunglong/Downloads/gurobi.lic
Academic license 2596424 - for non-commercial use only - registered to yu___@chalmers.se

Gurobi 12.0.0 (mac64[arm], gurobi_cl) logging started Tue Feb 18 18:33:13 2025

Set parameter WLSAccessID
Set parameter WLSSecret
Set parameter LicenseID to value 2596424
Set parameter LogFile to value "gurobi.log"
Using license file /Users/yunglong/Downloads/gurobi.lic
Academic license 2596424 - for non-commercial use only - registered to yu___@chalmers.se

Gurobi 12.0.0 (mac64[arm], gurobi_cl) logging started Tue Feb 18 18:33:44 2025

Set parameter WLSAccessID
Set parameter WLSSecret
Set parameter LicenseID to value 2596424
Set parameter LogFile to value "gurobi.log"
Using license file /Users/yunglong/Downloads/gurobi.lic
Academic license 2596424 - for non-commercial use only - registered to yu___@chalmers.se

Gurobi 12.0.0 (mac64[arm], gurobi_cl) logging started Wed Feb 19 00:18:39 2025

Set parameter WLSAccessID
Set parameter WLSSecret
Set parameter LicenseID to value 2596424
Set parameter LogFile to value "gurobi.log"
Using license file /Users/yunglong/Downloads/gurobi.lic
Academic license 2596424 - for non-commercial use only - registered to yu___@chalmers.se

Gurobi 12.0.0 (mac64[arm], gurobi_cl) logging started Wed Feb 19 00:19:26 2025

Set parameter WLSAccessID
Set parameter WLSSecret
Set parameter LicenseID to value 2596424
Set parameter LogFile to value "gurobi.log"
Using license file /Users/yunglong/Downloads/gurobi.lic
Academic license 2596424 - for non-commercial use only - registered to yu___@chalmers.se

Gurobi 12.0.0 (mac64[arm], gurobi_cl) logging started Wed Feb 19 00:19:39 2025

Set parameter WLSAccessID
Set parameter WLSSecret
Set parameter LicenseID to value 2596424
Set parameter LogFile to value "gurobi.log"
Using license file /Users/yunglong/Downloads/gurobi.lic
Academic license 2596424 - for non-commercial use only - registered to yu___@chalmers.se

Gurobi 12.0.0 (mac64[arm], gurobi_cl) logging started Wed Feb 19 00:19:51 2025

Set parameter WLSAccessID
Set parameter WLSSecret
Set parameter LicenseID to value 2596424
Set parameter LogFile to value "gurobi.log"
Using license file /Users/yunglong/Downloads/gurobi.lic
Academic license 2596424 - for non-commercial use only - registered to yu___@chalmers.se

Gurobi 12.0.0 (mac64[arm], gurobi_cl) logging started Wed Feb 19 00:23:32 2025

Set parameter WLSAccessID
Set parameter WLSSecret
Set parameter LicenseID to value 2596424
Set parameter LogFile to value "gurobi.log"
Using license file /Users/yunglong/Downloads/gurobi.lic
Academic license 2596424 - for non-commercial use only - registered to yu___@chalmers.se

Gurobi 12.0.0 (mac64[arm], gurobi_cl) logging started Wed Feb 19 00:23:49 2025

Set parameter WLSAccessID
Set parameter WLSSecret
Set parameter LicenseID to value 2596424
Set parameter LogFile to value "gurobi.log"
Using license file /Users/yunglong/Downloads/gurobi.lic
Academic license 2596424 - for non-commercial use only - registered to yu___@chalmers.se

Gurobi 12.0.0 (mac64[arm], gurobi_cl) logging started Wed Feb 19 00:24:00 2025

Set parameter WLSAccessID
Set parameter WLSSecret
Set parameter LicenseID to value 2596424
Set parameter LogFile to value "gurobi.log"
Using license file /Users/yunglong/Downloads/gurobi.lic
Academic license 2596424 - for non-commercial use only - registered to yu___@chalmers.se

Gurobi 12.0.0 (mac64[arm], gurobi_cl) logging started Wed Feb 19 00:24:12 2025

Set parameter WLSAccessID
Set parameter WLSSecret
Set parameter LicenseID to value 2596424
Set parameter LogFile to value "gurobi.log"
Using license file /Users/yunglong/Downloads/gurobi.lic
Academic license 2596424 - for non-commercial use only - registered to yu___@chalmers.se

Gurobi 12.0.0 (mac64[arm], gurobi_cl) logging started Wed Feb 19 00:32:31 2025

Set parameter WLSAccessID
Set parameter WLSSecret
Set parameter LicenseID to value 2596424
Set parameter LogFile to value "gurobi.log"
Using license file /Users/yunglong/Downloads/gurobi.lic
Academic license 2596424 - for non-commercial use only - registered to yu___@chalmers.se

Gurobi 12.0.0 (mac64[arm], gurobi_cl) logging started Wed Feb 19 00:33:13 2025

Set parameter WLSAccessID
Set parameter WLSSecret
Set parameter LicenseID to value 2596424
Set parameter LogFile to value "gurobi.log"
Using license file /Users/yunglong/Downloads/gurobi.lic
Academic license 2596424 - for non-commercial use only - registered to yu___@chalmers.se

Gurobi 12.0.0 (mac64[arm], gurobi_cl) logging started Wed Feb 19 00:35:15 2025

Set parameter WLSAccessID
Set parameter WLSSecret
Set parameter LicenseID to value 2596424
Set parameter LogFile to value "gurobi.log"
Using license file /Users/yunglong/Downloads/gurobi.lic
Academic license 2596424 - for non-commercial use only - registered to yu___@chalmers.se

Gurobi 12.0.0 (mac64[arm], gurobi_cl) logging started Wed Feb 19 00:35:49 2025

Set parameter WLSAccessID
Set parameter WLSSecret
Set parameter LicenseID to value 2596424
Set parameter LogFile to value "gurobi.log"
Using license file /Users/yunglong/Downloads/gurobi.lic
Academic license 2596424 - for non-commercial use only - registered to yu___@chalmers.se

Gurobi 12.0.0 (mac64[arm], gurobi_cl) logging started Wed Feb 19 00:37:37 2025

Set parameter WLSAccessID
Set parameter WLSSecret
Set parameter LicenseID to value 2596424
Set parameter LogFile to value "gurobi.log"
Using license file /Users/yunglong/Downloads/gurobi.lic
Academic license 2596424 - for non-commercial use only - registered to yu___@chalmers.se

Gurobi 12.0.0 (mac64[arm], gurobi_cl) logging started Wed Feb 19 00:38:11 2025

Set parameter WLSAccessID
Set parameter WLSSecret
Set parameter LicenseID to value 2596424
Set parameter LogFile to value "gurobi.log"
Using license file /Users/yunglong/Downloads/gurobi.lic
Academic license 2596424 - for non-commercial use only - registered to yu___@chalmers.se

Gurobi 12.0.0 (mac64[arm], gurobi_cl) logging started Wed Feb 19 00:39:43 2025

Set parameter WLSAccessID
Set parameter WLSSecret
Set parameter LicenseID to value 2596424
Set parameter LogFile to value "gurobi.log"
Using license file /Users/yunglong/Downloads/gurobi.lic
Academic license 2596424 - for non-commercial use only - registered to yu___@chalmers.se

Gurobi 12.0.0 (mac64[arm], gurobi_cl) logging started Wed Feb 19 00:40:21 2025

Set parameter WLSAccessID
Set parameter WLSSecret
Set parameter LicenseID to value 2596424
Set parameter LogFile to value "gurobi.log"
Using license file /Users/yunglong/Downloads/gurobi.lic
Academic license 2596424 - for non-commercial use only - registered to yu___@chalmers.se

Gurobi 12.0.0 (mac64[arm], gurobi_cl) logging started Wed Feb 19 00:41:42 2025

Set parameter WLSAccessID
Set parameter WLSSecret
Set parameter LicenseID to value 2596424
Set parameter LogFile to value "gurobi.log"
Using license file /Users/yunglong/Downloads/gurobi.lic
Academic license 2596424 - for non-commercial use only - registered to yu___@chalmers.se

Gurobi 12.0.0 (mac64[arm], gurobi_cl) logging started Wed Feb 19 00:42:19 2025

Set parameter WLSAccessID
Set parameter WLSSecret
Set parameter LicenseID to value 2596424
Set parameter LogFile to value "gurobi.log"
Using license file /Users/yunglong/Downloads/gurobi.lic
Academic license 2596424 - for non-commercial use only - registered to yu___@chalmers.se

Gurobi 12.0.0 (mac64[arm], gurobi_cl) logging started Wed Feb 19 09:14:32 2025

Set parameter WLSAccessID
Set parameter WLSSecret
Set parameter LicenseID to value 2596424
Set parameter LogFile to value "gurobi.log"
Using license file /Users/yunglong/Downloads/gurobi.lic
Academic license 2596424 - for non-commercial use only - registered to yu___@chalmers.se

Gurobi 12.0.0 (mac64[arm], gurobi_cl) logging started Wed Feb 19 09:15:14 2025

Set parameter WLSAccessID
Set parameter WLSSecret
Set parameter LicenseID to value 2596424
Set parameter LogFile to value "gurobi.log"
Using license file /Users/yunglong/Downloads/gurobi.lic
Academic license 2596424 - for non-commercial use only - registered to yu___@chalmers.se

Gurobi 12.0.0 (mac64[arm], gurobi_cl) logging started Wed Feb 19 09:18:19 2025

Set parameter WLSAccessID
Set parameter WLSSecret
Set parameter LicenseID to value 2596424
Set parameter LogFile to value "gurobi.log"
Using license file /Users/yunglong/Downloads/gurobi.lic
Academic license 2596424 - for non-commercial use only - registered to yu___@chalmers.se

Gurobi 12.0.0 (mac64[arm], gurobi_cl) logging started Wed Feb 19 09:18:57 2025

Set parameter WLSAccessID
Set parameter WLSSecret
Set parameter LicenseID to value 2596424
Set parameter LogFile to value "gurobi.log"
Using license file /Users/yunglong/Downloads/gurobi.lic
Academic license 2596424 - for non-commercial use only - registered to yu___@chalmers.se

Gurobi 12.0.0 (mac64[arm], gurobi_cl) logging started Wed Feb 19 09:37:38 2025

Set parameter WLSAccessID
Set parameter WLSSecret
Set parameter LicenseID to value 2596424
Set parameter LogFile to value "gurobi.log"
Using license file /Users/yunglong/Downloads/gurobi.lic
Academic license 2596424 - for non-commercial use only - registered to yu___@chalmers.se

Gurobi 12.0.0 (mac64[arm], gurobi_cl) logging started Wed Feb 19 09:38:21 2025

Set parameter WLSAccessID
Set parameter WLSSecret
Set parameter LicenseID to value 2596424
Set parameter LogFile to value "gurobi.log"
Using license file /Users/yunglong/Downloads/gurobi.lic
Academic license 2596424 - for non-commercial use only - registered to yu___@chalmers.se

Gurobi 12.0.0 (mac64[arm], gurobi_cl) logging started Wed Feb 19 09:42:52 2025

Set parameter WLSAccessID
Set parameter WLSSecret
Set parameter LicenseID to value 2596424
Set parameter LogFile to value "gurobi.log"
Using license file /Users/yunglong/Downloads/gurobi.lic
Academic license 2596424 - for non-commercial use only - registered to yu___@chalmers.se

Gurobi 12.0.0 (mac64[arm], gurobi_cl) logging started Wed Feb 19 09:43:30 2025

Set parameter WLSAccessID
Set parameter WLSSecret
Set parameter LicenseID to value 2596424
Set parameter LogFile to value "gurobi.log"
Using license file /Users/yunglong/Downloads/gurobi.lic
Academic license 2596424 - for non-commercial use only - registered to yu___@chalmers.se

Gurobi 12.0.0 (mac64[arm], gurobi_cl) logging started Wed Feb 19 09:47:57 2025

Set parameter WLSAccessID
Set parameter WLSSecret
Set parameter LicenseID to value 2596424
Set parameter LogFile to value "gurobi.log"
Using license file /Users/yunglong/Downloads/gurobi.lic
Academic license 2596424 - for non-commercial use only - registered to yu___@chalmers.se

Gurobi 12.0.0 (mac64[arm], gurobi_cl) logging started Wed Feb 19 09:48:34 2025

Set parameter WLSAccessID
Set parameter WLSSecret
Set parameter LicenseID to value 2596424
Set parameter LogFile to value "gurobi.log"
Using license file /Users/yunglong/Downloads/gurobi.lic
Academic license 2596424 - for non-commercial use only - registered to yu___@chalmers.se

Gurobi 12.0.0 (mac64[arm], gurobi_cl) logging started Wed Feb 19 09:53:27 2025

Set parameter WLSAccessID
Set parameter WLSSecret
Set parameter LicenseID to value 2596424
Set parameter LogFile to value "gurobi.log"
Using license file /Users/yunglong/Downloads/gurobi.lic
Academic license 2596424 - for non-commercial use only - registered to yu___@chalmers.se

Gurobi 12.0.0 (mac64[arm], gurobi_cl) logging started Wed Feb 19 09:54:08 2025

Set parameter WLSAccessID
Set parameter WLSSecret
Set parameter LicenseID to value 2596424
Set parameter LogFile to value "gurobi.log"
Using license file /Users/yunglong/Downloads/gurobi.lic
Academic license 2596424 - for non-commercial use only - registered to yu___@chalmers.se

Gurobi 12.0.0 (mac64[arm], gurobi_cl) logging started Mon Mar 17 08:31:42 2025

Set parameter WLSAccessID
Set parameter WLSSecret
Set parameter LicenseID to value 2596424
Set parameter LogFile to value "gurobi.log"
Using license file /Users/yunglong/Downloads/gurobi.lic

Gurobi 12.0.0 (mac64[arm], gurobi_cl) logging started Mon Mar 17 08:33:14 2025

Set parameter WLSAccessID
Set parameter WLSSecret
Set parameter LicenseID to value 2596424
Set parameter LogFile to value "gurobi.log"
Using license file /Users/yunglong/Downloads/gurobi.lic

Gurobi 12.0.0 (mac64[arm], gurobi_cl) logging started Mon Mar 17 08:33:52 2025

Set parameter WLSAccessID
Set parameter WLSSecret
Set parameter LicenseID to value 2596424
Set parameter LogFile to value "gurobi.log"
Using license file /Users/yunglong/Downloads/gurobi.lic

Gurobi 12.0.0 (mac64[arm], gurobi_cl) logging started Mon Mar 17 09:45:42 2025

Set parameter WLSAccessID
Set parameter WLSSecret
Set parameter LicenseID to value 2596424
Set parameter LogFile to value "gurobi.log"
Using license file /Users/yunglong/Downloads/gurobi.lic
Academic license 2596424 - for non-commercial use only - registered to yu___@chalmers.se

Gurobi 12.0.0 (mac64[arm], gurobi_cl) logging started Mon Mar 17 09:46:46 2025

Set parameter WLSAccessID
Set parameter WLSSecret
Set parameter LicenseID to value 2596424
Set parameter LogFile to value "gurobi.log"
Using license file /Users/yunglong/Downloads/gurobi.lic
Academic license 2596424 - for non-commercial use only - registered to yu___@chalmers.se

Gurobi 12.0.0 (mac64[arm], gurobi_cl) logging started Mon Mar 17 09:47:53 2025

Set parameter WLSAccessID
Set parameter WLSSecret
Set parameter LicenseID to value 2596424
Set parameter LogFile to value "gurobi.log"
Using license file /Users/yunglong/Downloads/gurobi.lic
Academic license 2596424 - for non-commercial use only - registered to yu___@chalmers.se

Gurobi 12.0.0 (mac64[arm], gurobi_cl) logging started Mon Mar 17 09:49:17 2025

Set parameter WLSAccessID
Set parameter WLSSecret
Set parameter LicenseID to value 2596424
Set parameter LogFile to value "gurobi.log"
Using license file /Users/yunglong/Downloads/gurobi.lic
Academic license 2596424 - for non-commercial use only - registered to yu___@chalmers.se

Gurobi 12.0.0 (mac64[arm], gurobi_cl) logging started Mon Mar 17 09:49:33 2025

Set parameter WLSAccessID
Set parameter WLSSecret
Set parameter LicenseID to value 2596424
Set parameter LogFile to value "gurobi.log"
Using license file /Users/yunglong/Downloads/gurobi.lic
Academic license 2596424 - for non-commercial use only - registered to yu___@chalmers.se

Gurobi 12.0.0 (mac64[arm], gurobi_cl) logging started Mon Mar 17 09:59:03 2025

Set parameter WLSAccessID
Set parameter WLSSecret
Set parameter LicenseID to value 2596424
Set parameter LogFile to value "gurobi.log"
Using license file /Users/yunglong/Downloads/gurobi.lic
Academic license 2596424 - for non-commercial use only - registered to yu___@chalmers.se

Gurobi 12.0.0 (mac64[arm], gurobi_cl) logging started Mon Mar 17 09:59:15 2025

Set parameter WLSAccessID
Set parameter WLSSecret
Set parameter LicenseID to value 2596424
Set parameter LogFile to value "gurobi.log"
Using license file /Users/yunglong/Downloads/gurobi.lic
Academic license 2596424 - for non-commercial use only - registered to yu___@chalmers.se

Gurobi 12.0.0 (mac64[arm], gurobi_cl) logging started Mon Mar 17 10:06:34 2025

Set parameter WLSAccessID
Set parameter WLSSecret
Set parameter LicenseID to value 2596424
Set parameter LogFile to value "gurobi.log"
Using license file /Users/yunglong/Downloads/gurobi.lic
Academic license 2596424 - for non-commercial use only - registered to yu___@chalmers.se

Gurobi 12.0.0 (mac64[arm], gurobi_cl) logging started Mon Mar 17 10:25:44 2025

Set parameter WLSAccessID
Set parameter WLSSecret
Set parameter LicenseID to value 2596424
Set parameter LogFile to value "gurobi.log"
Using license file /Users/yunglong/Downloads/gurobi.lic
Academic license 2596424 - for non-commercial use only - registered to yu___@chalmers.se

Gurobi 12.0.0 (mac64[arm], gurobi_cl) logging started Mon Mar 17 10:33:30 2025

Set parameter WLSAccessID
Set parameter WLSSecret
Set parameter LicenseID to value 2596424
Set parameter LogFile to value "gurobi.log"
Using license file /Users/yunglong/Downloads/gurobi.lic
Academic license 2596424 - for non-commercial use only - registered to yu___@chalmers.se

Gurobi 12.0.0 (mac64[arm], gurobi_cl) logging started Mon Mar 17 10:33:43 2025

Set parameter WLSAccessID
Set parameter WLSSecret
Set parameter LicenseID to value 2596424
Set parameter LogFile to value "gurobi.log"
Using license file /Users/yunglong/Downloads/gurobi.lic
Academic license 2596424 - for non-commercial use only - registered to yu___@chalmers.se

Gurobi 12.0.0 (mac64[arm], gurobi_cl) logging started Mon Mar 17 10:39:49 2025

Set parameter WLSAccessID
Set parameter WLSSecret
Set parameter LicenseID to value 2596424
Set parameter LogFile to value "gurobi.log"
Using license file /Users/yunglong/Downloads/gurobi.lic
Academic license 2596424 - for non-commercial use only - registered to yu___@chalmers.se

Gurobi 12.0.0 (mac64[arm], gurobi_cl) logging started Mon Mar 17 10:40:07 2025

Set parameter WLSAccessID
Set parameter WLSSecret
Set parameter LicenseID to value 2596424
Set parameter LogFile to value "gurobi.log"
Using license file /Users/yunglong/Downloads/gurobi.lic
Academic license 2596424 - for non-commercial use only - registered to yu___@chalmers.se

Gurobi 12.0.0 (mac64[arm], gurobi_cl) logging started Mon Mar 17 10:40:29 2025

Set parameter WLSAccessID
Set parameter WLSSecret
Set parameter LicenseID to value 2596424
Set parameter LogFile to value "gurobi.log"
Using license file /Users/yunglong/Downloads/gurobi.lic
Academic license 2596424 - for non-commercial use only - registered to yu___@chalmers.se

Gurobi 12.0.0 (mac64[arm], gurobi_cl) logging started Mon Mar 17 10:40:39 2025

Set parameter WLSAccessID
Set parameter WLSSecret
Set parameter LicenseID to value 2596424
Set parameter LogFile to value "gurobi.log"
Using license file /Users/yunglong/Downloads/gurobi.lic
Academic license 2596424 - for non-commercial use only - registered to yu___@chalmers.se

Gurobi 12.0.0 (mac64[arm], gurobi_cl) logging started Mon Mar 17 10:46:25 2025

Set parameter WLSAccessID
Set parameter WLSSecret
Set parameter LicenseID to value 2596424
Set parameter LogFile to value "gurobi.log"
Using license file /Users/yunglong/Downloads/gurobi.lic
Academic license 2596424 - for non-commercial use only - registered to yu___@chalmers.se

Gurobi 12.0.0 (mac64[arm], gurobi_cl) logging started Mon Mar 17 10:55:59 2025

Set parameter WLSAccessID
Set parameter WLSSecret
Set parameter LicenseID to value 2596424
Set parameter LogFile to value "gurobi.log"
Using license file /Users/yunglong/Downloads/gurobi.lic
Academic license 2596424 - for non-commercial use only - registered to yu___@chalmers.se

Gurobi 12.0.0 (mac64[arm], gurobi_cl) logging started Mon Mar 17 10:56:10 2025

Set parameter WLSAccessID
Set parameter WLSSecret
Set parameter LicenseID to value 2596424
Set parameter LogFile to value "gurobi.log"
Using license file /Users/yunglong/Downloads/gurobi.lic
Academic license 2596424 - for non-commercial use only - registered to yu___@chalmers.se

Gurobi 12.0.0 (mac64[arm], gurobi_cl) logging started Mon Mar 17 16:39:35 2025

Set parameter WLSAccessID
Set parameter WLSSecret
Set parameter LicenseID to value 2596424
Set parameter LogFile to value "gurobi.log"
Using license file /Users/yunglong/Downloads/gurobi.lic
Academic license 2596424 - for non-commercial use only - registered to yu___@chalmers.se

Gurobi 12.0.0 (mac64[arm], gurobi_cl) logging started Mon Mar 17 16:40:00 2025

Set parameter WLSAccessID
Set parameter WLSSecret
Set parameter LicenseID to value 2596424
Set parameter LogFile to value "gurobi.log"
Using license file /Users/yunglong/Downloads/gurobi.lic
Academic license 2596424 - for non-commercial use only - registered to yu___@chalmers.se

Gurobi 12.0.0 (mac64[arm], gurobi_cl) logging started Mon Mar 17 16:41:14 2025

Set parameter WLSAccessID
Set parameter WLSSecret
Set parameter LicenseID to value 2596424
Set parameter LogFile to value "gurobi.log"
Using license file /Users/yunglong/Downloads/gurobi.lic
Academic license 2596424 - for non-commercial use only - registered to yu___@chalmers.se

Gurobi 12.0.0 (mac64[arm], gurobi_cl) logging started Mon Mar 17 16:54:19 2025

Set parameter WLSAccessID
Set parameter WLSSecret
Set parameter LicenseID to value 2596424
Set parameter LogFile to value "gurobi.log"
Using license file /Users/yunglong/Downloads/gurobi.lic
Academic license 2596424 - for non-commercial use only - registered to yu___@chalmers.se

Gurobi 12.0.0 (mac64[arm], gurobi_cl) logging started Mon Mar 17 16:54:51 2025

Set parameter WLSAccessID
Set parameter WLSSecret
Set parameter LicenseID to value 2596424
Set parameter LogFile to value "gurobi.log"
Using license file /Users/yunglong/Downloads/gurobi.lic
Academic license 2596424 - for non-commercial use only - registered to yu___@chalmers.se

Gurobi 12.0.0 (mac64[arm], gurobi_cl) logging started Mon Mar 17 16:55:36 2025

Set parameter WLSAccessID
Set parameter WLSSecret
Set parameter LicenseID to value 2596424
Set parameter LogFile to value "gurobi.log"
Using license file /Users/yunglong/Downloads/gurobi.lic
Academic license 2596424 - for non-commercial use only - registered to yu___@chalmers.se

Gurobi 12.0.0 (mac64[arm], gurobi_cl) logging started Mon Mar 17 16:55:43 2025

Set parameter WLSAccessID
Set parameter WLSSecret
Set parameter LicenseID to value 2596424
Set parameter LogFile to value "gurobi.log"
Using license file /Users/yunglong/Downloads/gurobi.lic
Academic license 2596424 - for non-commercial use only - registered to yu___@chalmers.se

Gurobi 12.0.0 (mac64[arm], gurobi_cl) logging started Mon Mar 17 16:56:53 2025

Set parameter WLSAccessID
Set parameter WLSSecret
Set parameter LicenseID to value 2596424
Set parameter LogFile to value "gurobi.log"
Using license file /Users/yunglong/Downloads/gurobi.lic
Academic license 2596424 - for non-commercial use only - registered to yu___@chalmers.se

Gurobi 12.0.0 (mac64[arm], gurobi_cl) logging started Mon Mar 17 19:19:24 2025

Set parameter WLSAccessID
Set parameter WLSSecret
Set parameter LicenseID to value 2596424
Set parameter LogFile to value "gurobi.log"
Using license file /Users/yunglong/Downloads/gurobi.lic
Academic license 2596424 - for non-commercial use only - registered to yu___@chalmers.se

Gurobi 12.0.0 (mac64[arm], gurobi_cl) logging started Mon Mar 17 19:20:08 2025

Set parameter WLSAccessID
Set parameter WLSSecret
Set parameter LicenseID to value 2596424
Set parameter LogFile to value "gurobi.log"
Using license file /Users/yunglong/Downloads/gurobi.lic
Academic license 2596424 - for non-commercial use only - registered to yu___@chalmers.se

Gurobi 12.0.0 (mac64[arm], gurobi_cl) logging started Mon Mar 17 19:20:57 2025

Set parameter WLSAccessID
Set parameter WLSSecret
Set parameter LicenseID to value 2596424
Set parameter LogFile to value "gurobi.log"
Using license file /Users/yunglong/Downloads/gurobi.lic
Academic license 2596424 - for non-commercial use only - registered to yu___@chalmers.se

Gurobi 12.0.0 (mac64[arm], gurobi_cl) logging started Mon Mar 17 19:22:08 2025

Set parameter WLSAccessID
Set parameter WLSSecret
Set parameter LicenseID to value 2596424
Set parameter LogFile to value "gurobi.log"
Using license file /Users/yunglong/Downloads/gurobi.lic
Academic license 2596424 - for non-commercial use only - registered to yu___@chalmers.se

Gurobi 12.0.0 (mac64[arm], gurobi_cl) logging started Mon Mar 17 20:15:54 2025

Set parameter WLSAccessID
Set parameter WLSSecret
Set parameter LicenseID to value 2596424
Set parameter LogFile to value "gurobi.log"
Using license file /Users/yunglong/Downloads/gurobi.lic
Academic license 2596424 - for non-commercial use only - registered to yu___@chalmers.se

Gurobi 12.0.0 (mac64[arm], gurobi_cl) logging started Mon Mar 17 20:16:37 2025

Set parameter WLSAccessID
Set parameter WLSSecret
Set parameter LicenseID to value 2596424
Set parameter LogFile to value "gurobi.log"
Using license file /Users/yunglong/Downloads/gurobi.lic
Academic license 2596424 - for non-commercial use only - registered to yu___@chalmers.se

Gurobi 12.0.0 (mac64[arm], gurobi_cl) logging started Mon Mar 17 20:17:53 2025

Set parameter WLSAccessID
Set parameter WLSSecret
Set parameter LicenseID to value 2596424
Set parameter LogFile to value "gurobi.log"
Using license file /Users/yunglong/Downloads/gurobi.lic
Academic license 2596424 - for non-commercial use only - registered to yu___@chalmers.se

Gurobi 12.0.0 (mac64[arm], gurobi_cl) logging started Mon Mar 17 20:22:37 2025

Set parameter WLSAccessID
Set parameter WLSSecret
Set parameter LicenseID to value 2596424
Set parameter LogFile to value "gurobi.log"
Using license file /Users/yunglong/Downloads/gurobi.lic
Academic license 2596424 - for non-commercial use only - registered to yu___@chalmers.se

Gurobi 12.0.0 (mac64[arm], gurobi_cl) logging started Mon Mar 17 20:22:56 2025

Set parameter WLSAccessID
Set parameter WLSSecret
Set parameter LicenseID to value 2596424
Set parameter LogFile to value "gurobi.log"
Using license file /Users/yunglong/Downloads/gurobi.lic
Academic license 2596424 - for non-commercial use only - registered to yu___@chalmers.se

Gurobi 12.0.0 (mac64[arm], gurobi_cl) logging started Mon Mar 17 20:23:57 2025

Set parameter WLSAccessID
Set parameter WLSSecret
Set parameter LicenseID to value 2596424
Set parameter LogFile to value "gurobi.log"
Using license file /Users/yunglong/Downloads/gurobi.lic
Academic license 2596424 - for non-commercial use only - registered to yu___@chalmers.se

Gurobi 12.0.0 (mac64[arm], gurobi_cl) logging started Mon Mar 17 20:29:11 2025

Set parameter WLSAccessID
Set parameter WLSSecret
Set parameter LicenseID to value 2596424
Set parameter LogFile to value "gurobi.log"
Using license file /Users/yunglong/Downloads/gurobi.lic
Academic license 2596424 - for non-commercial use only - registered to yu___@chalmers.se

Gurobi 12.0.0 (mac64[arm], gurobi_cl) logging started Mon Mar 17 20:29:32 2025

Set parameter WLSAccessID
Set parameter WLSSecret
Set parameter LicenseID to value 2596424
Set parameter LogFile to value "gurobi.log"
Using license file /Users/yunglong/Downloads/gurobi.lic
Academic license 2596424 - for non-commercial use only - registered to yu___@chalmers.se

Gurobi 12.0.0 (mac64[arm], gurobi_cl) logging started Mon Mar 17 20:30:36 2025

Set parameter WLSAccessID
Set parameter WLSSecret
Set parameter LicenseID to value 2596424
Set parameter LogFile to value "gurobi.log"
Using license file /Users/yunglong/Downloads/gurobi.lic
Academic license 2596424 - for non-commercial use only - registered to yu___@chalmers.se

Gurobi 12.0.0 (mac64[arm], gurobi_cl) logging started Thu Mar 20 06:45:12 2025

Set parameter WLSAccessID
Set parameter WLSSecret
Set parameter LicenseID to value 2596424
Set parameter LogFile to value "gurobi.log"
Using license file /Users/yunglong/Downloads/gurobi.lic
Academic license 2596424 - for non-commercial use only - registered to yu___@chalmers.se

Gurobi 12.0.0 (mac64[arm], gurobi_cl) logging started Thu Mar 20 06:45:42 2025

Set parameter WLSAccessID
Set parameter WLSSecret
Set parameter LicenseID to value 2596424
Set parameter LogFile to value "gurobi.log"
Using license file /Users/yunglong/Downloads/gurobi.lic
Academic license 2596424 - for non-commercial use only - registered to yu___@chalmers.se

Gurobi 12.0.0 (mac64[arm], gurobi_cl) logging started Thu Mar 20 06:46:43 2025

Set parameter WLSAccessID
Set parameter WLSSecret
Set parameter LicenseID to value 2596424
Set parameter LogFile to value "gurobi.log"
Using license file /Users/yunglong/Downloads/gurobi.lic
Academic license 2596424 - for non-commercial use only - registered to yu___@chalmers.se

Gurobi 12.0.0 (mac64[arm], gurobi_cl) logging started Thu Mar 20 06:51:00 2025

Set parameter WLSAccessID
Set parameter WLSSecret
Set parameter LicenseID to value 2596424
Set parameter LogFile to value "gurobi.log"
Using license file /Users/yunglong/Downloads/gurobi.lic
Academic license 2596424 - for non-commercial use only - registered to yu___@chalmers.se

Gurobi 12.0.0 (mac64[arm], gurobi_cl) logging started Thu Mar 20 06:51:20 2025

Set parameter WLSAccessID
Set parameter WLSSecret
Set parameter LicenseID to value 2596424
Set parameter LogFile to value "gurobi.log"
Using license file /Users/yunglong/Downloads/gurobi.lic
Academic license 2596424 - for non-commercial use only - registered to yu___@chalmers.se

Gurobi 12.0.0 (mac64[arm], gurobi_cl) logging started Thu Mar 20 06:52:21 2025

Set parameter WLSAccessID
Set parameter WLSSecret
Set parameter LicenseID to value 2596424
Set parameter LogFile to value "gurobi.log"
Using license file /Users/yunglong/Downloads/gurobi.lic
Academic license 2596424 - for non-commercial use only - registered to yu___@chalmers.se

Gurobi 12.0.0 (mac64[arm], gurobi_cl) logging started Thu Mar 20 06:57:50 2025

Set parameter WLSAccessID
Set parameter WLSSecret
Set parameter LicenseID to value 2596424
Set parameter LogFile to value "gurobi.log"
Using license file /Users/yunglong/Downloads/gurobi.lic
Academic license 2596424 - for non-commercial use only - registered to yu___@chalmers.se

Gurobi 12.0.0 (mac64[arm], gurobi_cl) logging started Thu Mar 20 06:58:08 2025

Set parameter WLSAccessID
Set parameter WLSSecret
Set parameter LicenseID to value 2596424
Set parameter LogFile to value "gurobi.log"
Using license file /Users/yunglong/Downloads/gurobi.lic
Academic license 2596424 - for non-commercial use only - registered to yu___@chalmers.se

Gurobi 12.0.0 (mac64[arm], gurobi_cl) logging started Thu Mar 20 06:59:14 2025

Set parameter WLSAccessID
Set parameter WLSSecret
Set parameter LicenseID to value 2596424
Set parameter LogFile to value "gurobi.log"
Using license file /Users/yunglong/Downloads/gurobi.lic
Academic license 2596424 - for non-commercial use only - registered to yu___@chalmers.se

Gurobi 12.0.0 (mac64[arm], gurobi_cl) logging started Thu Mar 20 07:38:36 2025

Set parameter WLSAccessID
Set parameter WLSSecret
Set parameter LicenseID to value 2596424
Set parameter LogFile to value "gurobi.log"
Using license file /Users/yunglong/Downloads/gurobi.lic
Academic license 2596424 - for non-commercial use only - registered to yu___@chalmers.se

Gurobi 12.0.0 (mac64[arm], gurobi_cl) logging started Thu Mar 20 07:39:17 2025

Set parameter WLSAccessID
Set parameter WLSSecret
Set parameter LicenseID to value 2596424
Set parameter LogFile to value "gurobi.log"
Using license file /Users/yunglong/Downloads/gurobi.lic
Academic license 2596424 - for non-commercial use only - registered to yu___@chalmers.se

Gurobi 12.0.0 (mac64[arm], gurobi_cl) logging started Thu Mar 20 07:40:24 2025

Set parameter WLSAccessID
Set parameter WLSSecret
Set parameter LicenseID to value 2596424
Set parameter LogFile to value "gurobi.log"
Using license file /Users/yunglong/Downloads/gurobi.lic
Academic license 2596424 - for non-commercial use only - registered to yu___@chalmers.se

Gurobi 12.0.0 (mac64[arm], gurobi_cl) logging started Thu Mar 20 08:06:29 2025

Set parameter WLSAccessID
Set parameter WLSSecret
Set parameter LicenseID to value 2596424
Set parameter LogFile to value "gurobi.log"
Using license file /Users/yunglong/Downloads/gurobi.lic
Academic license 2596424 - for non-commercial use only - registered to yu___@chalmers.se

Gurobi 12.0.0 (mac64[arm], gurobi_cl) logging started Thu Mar 20 08:07:10 2025

Set parameter WLSAccessID
Set parameter WLSSecret
Set parameter LicenseID to value 2596424
Set parameter LogFile to value "gurobi.log"
Using license file /Users/yunglong/Downloads/gurobi.lic
Academic license 2596424 - for non-commercial use only - registered to yu___@chalmers.se

Gurobi 12.0.0 (mac64[arm], gurobi_cl) logging started Thu Mar 20 08:08:11 2025

Set parameter WLSAccessID
Set parameter WLSSecret
Set parameter LicenseID to value 2596424
Set parameter LogFile to value "gurobi.log"
Using license file /Users/yunglong/Downloads/gurobi.lic
Academic license 2596424 - for non-commercial use only - registered to yu___@chalmers.se

Gurobi 12.0.0 (mac64[arm], gurobi_cl) logging started Thu Mar 20 08:24:28 2025

Set parameter WLSAccessID
Set parameter WLSSecret
Set parameter LicenseID to value 2596424
Set parameter LogFile to value "gurobi.log"
Using license file /Users/yunglong/Downloads/gurobi.lic
Academic license 2596424 - for non-commercial use only - registered to yu___@chalmers.se

Gurobi 12.0.0 (mac64[arm], gurobi_cl) logging started Thu Mar 20 08:25:09 2025

Set parameter WLSAccessID
Set parameter WLSSecret
Set parameter LicenseID to value 2596424
Set parameter LogFile to value "gurobi.log"
Using license file /Users/yunglong/Downloads/gurobi.lic
Academic license 2596424 - for non-commercial use only - registered to yu___@chalmers.se

Gurobi 12.0.0 (mac64[arm], gurobi_cl) logging started Thu Mar 20 08:26:12 2025

Set parameter WLSAccessID
Set parameter WLSSecret
Set parameter LicenseID to value 2596424
Set parameter LogFile to value "gurobi.log"
Using license file /Users/yunglong/Downloads/gurobi.lic
Academic license 2596424 - for non-commercial use only - registered to yu___@chalmers.se

Gurobi 12.0.0 (mac64[arm], gurobi_cl) logging started Thu Mar 20 08:44:22 2025

Set parameter WLSAccessID
Set parameter WLSSecret
Set parameter LicenseID to value 2596424
Set parameter LogFile to value "gurobi.log"
Using license file /Users/yunglong/Downloads/gurobi.lic
Academic license 2596424 - for non-commercial use only - registered to yu___@chalmers.se

Gurobi 12.0.0 (mac64[arm], gurobi_cl) logging started Thu Mar 20 08:44:57 2025

Set parameter WLSAccessID
Set parameter WLSSecret
Set parameter LicenseID to value 2596424
Set parameter LogFile to value "gurobi.log"
Using license file /Users/yunglong/Downloads/gurobi.lic
Academic license 2596424 - for non-commercial use only - registered to yu___@chalmers.se

Gurobi 12.0.0 (mac64[arm], gurobi_cl) logging started Thu Mar 20 08:45:55 2025

Set parameter WLSAccessID
Set parameter WLSSecret
Set parameter LicenseID to value 2596424
Set parameter LogFile to value "gurobi.log"
Using license file /Users/yunglong/Downloads/gurobi.lic
Academic license 2596424 - for non-commercial use only - registered to yu___@chalmers.se

Gurobi 12.0.0 (mac64[arm], gurobi_cl) logging started Thu Mar 20 09:05:40 2025

Set parameter WLSAccessID
Set parameter WLSSecret
Set parameter LicenseID to value 2596424
Set parameter LogFile to value "gurobi.log"
Using license file /Users/yunglong/Downloads/gurobi.lic
Academic license 2596424 - for non-commercial use only - registered to yu___@chalmers.se

Gurobi 12.0.0 (mac64[arm], gurobi_cl) logging started Thu Mar 20 09:06:01 2025

Set parameter WLSAccessID
Set parameter WLSSecret
Set parameter LicenseID to value 2596424
Set parameter LogFile to value "gurobi.log"
Using license file /Users/yunglong/Downloads/gurobi.lic
Academic license 2596424 - for non-commercial use only - registered to yu___@chalmers.se

Gurobi 12.0.0 (mac64[arm], gurobi_cl) logging started Thu Mar 20 09:07:12 2025

Set parameter WLSAccessID
Set parameter WLSSecret
Set parameter LicenseID to value 2596424
Set parameter LogFile to value "gurobi.log"
Using license file /Users/yunglong/Downloads/gurobi.lic
Academic license 2596424 - for non-commercial use only - registered to yu___@chalmers.se

Gurobi 12.0.0 (mac64[arm], gurobi_cl) logging started Sun Mar 23 14:10:21 2025

Set parameter WLSAccessID
Set parameter WLSSecret
Set parameter LicenseID to value 2596424
Set parameter LogFile to value "gurobi.log"
Using license file /Users/yunglong/Downloads/gurobi.lic
Academic license 2596424 - for non-commercial use only - registered to yu___@chalmers.se

Gurobi 12.0.0 (mac64[arm], gurobi_cl) logging started Sun Mar 23 14:11:20 2025

Set parameter WLSAccessID
Set parameter WLSSecret
Set parameter LicenseID to value 2596424
Set parameter LogFile to value "gurobi.log"
Using license file /Users/yunglong/Downloads/gurobi.lic
Academic license 2596424 - for non-commercial use only - registered to yu___@chalmers.se

Gurobi 12.0.0 (mac64[arm], gurobi_cl) logging started Sun Mar 23 14:11:30 2025

Set parameter WLSAccessID
Set parameter WLSSecret
Set parameter LicenseID to value 2596424
Set parameter LogFile to value "gurobi.log"
Using license file /Users/yunglong/Downloads/gurobi.lic
Academic license 2596424 - for non-commercial use only - registered to yu___@chalmers.se

Gurobi 12.0.0 (mac64[arm], gurobi_cl) logging started Sun Mar 23 14:15:45 2025

Set parameter WLSAccessID
Set parameter WLSSecret
Set parameter LicenseID to value 2596424
Set parameter LogFile to value "gurobi.log"
Using license file /Users/yunglong/Downloads/gurobi.lic
Academic license 2596424 - for non-commercial use only - registered to yu___@chalmers.se

Gurobi 12.0.0 (mac64[arm], gurobi_cl) logging started Sun Mar 23 14:21:42 2025

Set parameter WLSAccessID
Set parameter WLSSecret
Set parameter LicenseID to value 2596424
Set parameter LogFile to value "gurobi.log"
Using license file /Users/yunglong/Downloads/gurobi.lic
Academic license 2596424 - for non-commercial use only - registered to yu___@chalmers.se

Gurobi 12.0.0 (mac64[arm], gurobi_cl) logging started Sun Mar 23 14:23:50 2025

Set parameter WLSAccessID
Set parameter WLSSecret
Set parameter LicenseID to value 2596424
Set parameter LogFile to value "gurobi.log"
Using license file /Users/yunglong/Downloads/gurobi.lic
Academic license 2596424 - for non-commercial use only - registered to yu___@chalmers.se

Gurobi 12.0.0 (mac64[arm], gurobi_cl) logging started Sun Mar 23 14:24:01 2025

Set parameter WLSAccessID
Set parameter WLSSecret
Set parameter LicenseID to value 2596424
Set parameter LogFile to value "gurobi.log"
Using license file /Users/yunglong/Downloads/gurobi.lic
Academic license 2596424 - for non-commercial use only - registered to yu___@chalmers.se

Gurobi 12.0.0 (mac64[arm], gurobi_cl) logging started Sun Mar 23 14:28:17 2025

Set parameter WLSAccessID
Set parameter WLSSecret
Set parameter LicenseID to value 2596424
Set parameter LogFile to value "gurobi.log"
Using license file /Users/yunglong/Downloads/gurobi.lic
Academic license 2596424 - for non-commercial use only - registered to yu___@chalmers.se

Gurobi 12.0.0 (mac64[arm], gurobi_cl) logging started Sun Mar 23 14:39:11 2025

Set parameter WLSAccessID
Set parameter WLSSecret
Set parameter LicenseID to value 2596424
Set parameter LogFile to value "gurobi.log"
Using license file /Users/yunglong/Downloads/gurobi.lic
Academic license 2596424 - for non-commercial use only - registered to yu___@chalmers.se

Gurobi 12.0.0 (mac64[arm], gurobi_cl) logging started Sun Mar 23 14:39:47 2025

Set parameter WLSAccessID
Set parameter WLSSecret
Set parameter LicenseID to value 2596424
Set parameter LogFile to value "gurobi.log"
Using license file /Users/yunglong/Downloads/gurobi.lic
Academic license 2596424 - for non-commercial use only - registered to yu___@chalmers.se

Gurobi 12.0.0 (mac64[arm], gurobi_cl) logging started Sun Mar 23 14:43:44 2025

Set parameter WLSAccessID
Set parameter WLSSecret
Set parameter LicenseID to value 2596424
Set parameter LogFile to value "gurobi.log"
Using license file /Users/yunglong/Downloads/gurobi.lic
Academic license 2596424 - for non-commercial use only - registered to yu___@chalmers.se

Gurobi 12.0.0 (mac64[arm], gurobi_cl) logging started Sun Mar 23 15:06:12 2025

Set parameter WLSAccessID
Set parameter WLSSecret
Set parameter LicenseID to value 2596424
Set parameter LogFile to value "gurobi.log"
Using license file /Users/yunglong/Downloads/gurobi.lic
Academic license 2596424 - for non-commercial use only - registered to yu___@chalmers.se

Gurobi 12.0.0 (mac64[arm], gurobi_cl) logging started Sun Mar 23 15:06:52 2025

Set parameter WLSAccessID
Set parameter WLSSecret
Set parameter LicenseID to value 2596424
Set parameter LogFile to value "gurobi.log"
Using license file /Users/yunglong/Downloads/gurobi.lic
Academic license 2596424 - for non-commercial use only - registered to yu___@chalmers.se

Gurobi 12.0.0 (mac64[arm], gurobi_cl) logging started Sun Mar 23 15:11:39 2025

Set parameter WLSAccessID
Set parameter WLSSecret
Set parameter LicenseID to value 2596424
Set parameter LogFile to value "gurobi.log"
Using license file /Users/yunglong/Downloads/gurobi.lic
Academic license 2596424 - for non-commercial use only - registered to yu___@chalmers.se

Gurobi 12.0.0 (mac64[arm], gurobi_cl) logging started Wed Mar 26 10:31:49 2025

Set parameter WLSAccessID
Set parameter WLSSecret
Set parameter LicenseID to value 2596424
Set parameter LogFile to value "gurobi.log"
Using license file /Users/yunglong/Downloads/gurobi.lic
Academic license 2596424 - for non-commercial use only - registered to yu___@chalmers.se

Gurobi 12.0.0 (mac64[arm], gurobi_cl) logging started Wed Mar 26 10:35:02 2025

Set parameter WLSAccessID
Set parameter WLSSecret
Set parameter LicenseID to value 2596424
Set parameter LogFile to value "gurobi.log"
Using license file /Users/yunglong/Downloads/gurobi.lic
Academic license 2596424 - for non-commercial use only - registered to yu___@chalmers.se

Gurobi 12.0.0 (mac64[arm], gurobi_cl) logging started Wed Mar 26 10:35:28 2025

Set parameter WLSAccessID
Set parameter WLSSecret
Set parameter LicenseID to value 2596424
Set parameter LogFile to value "gurobi.log"
Using license file /Users/yunglong/Downloads/gurobi.lic
Academic license 2596424 - for non-commercial use only - registered to yu___@chalmers.se

Gurobi 12.0.0 (mac64[arm], gurobi_cl) logging started Wed Mar 26 10:35:47 2025

Set parameter WLSAccessID
Set parameter WLSSecret
Set parameter LicenseID to value 2596424
Set parameter LogFile to value "gurobi.log"
Using license file /Users/yunglong/Downloads/gurobi.lic
Academic license 2596424 - for non-commercial use only - registered to yu___@chalmers.se

Gurobi 12.0.0 (mac64[arm], gurobi_cl) logging started Wed Mar 26 10:45:09 2025

Set parameter WLSAccessID
Set parameter WLSSecret
Set parameter LicenseID to value 2596424
Set parameter LogFile to value "gurobi.log"
Using license file /Users/yunglong/Downloads/gurobi.lic
Academic license 2596424 - for non-commercial use only - registered to yu___@chalmers.se

Gurobi 12.0.0 (mac64[arm], gurobi_cl) logging started Wed Mar 26 14:48:30 2025

Set parameter WLSAccessID
Set parameter WLSSecret
Set parameter LicenseID to value 2596424
Set parameter LogFile to value "gurobi.log"
Using license file /Users/yunglong/Downloads/gurobi.lic
Academic license 2596424 - for non-commercial use only - registered to yu___@chalmers.se

Gurobi 12.0.0 (mac64[arm], gurobi_cl) logging started Thu Mar 27 17:59:21 2025

Set parameter WLSAccessID
Set parameter WLSSecret
Set parameter LicenseID to value 2596424
Set parameter LogFile to value "gurobi.log"
Using license file /Users/yunglong/Downloads/gurobi.lic
Academic license 2596424 - for non-commercial use only - registered to yu___@chalmers.se

Gurobi 12.0.0 (mac64[arm], gurobi_cl) logging started Thu Mar 27 17:59:49 2025

Set parameter WLSAccessID
Set parameter WLSSecret
Set parameter LicenseID to value 2596424
Set parameter LogFile to value "gurobi.log"
Using license file /Users/yunglong/Downloads/gurobi.lic
Academic license 2596424 - for non-commercial use only - registered to yu___@chalmers.se

Gurobi 12.0.0 (mac64[arm], gurobi_cl) logging started Fri Mar 28 03:23:08 2025

Set parameter WLSAccessID
Set parameter WLSSecret
Set parameter LicenseID to value 2596424
Set parameter LogFile to value "gurobi.log"
Using license file /Users/yunglong/Downloads/gurobi.lic
Academic license 2596424 - for non-commercial use only - registered to yu___@chalmers.se

Gurobi 12.0.0 (mac64[arm], gurobi_cl) logging started Tue Apr  1 10:24:06 2025

Set parameter WLSAccessID
Set parameter WLSSecret
Set parameter LicenseID to value 2596424
Set parameter LogFile to value "gurobi.log"
Using license file /Users/yunglong/Downloads/gurobi.lic
Academic license 2596424 - for non-commercial use only - registered to yu___@chalmers.se

Gurobi 12.0.0 (mac64[arm], gurobi_cl) logging started Tue Apr  1 10:24:38 2025

Set parameter WLSAccessID
Set parameter WLSSecret
Set parameter LicenseID to value 2596424
Set parameter LogFile to value "gurobi.log"
Using license file /Users/yunglong/Downloads/gurobi.lic
Academic license 2596424 - for non-commercial use only - registered to yu___@chalmers.se

Gurobi 12.0.0 (mac64[arm], gurobi_cl) logging started Tue Apr  1 16:36:35 2025

Set parameter WLSAccessID
Set parameter WLSSecret
Set parameter LicenseID to value 2596424
Set parameter LogFile to value "gurobi.log"
Using license file /Users/yunglong/Downloads/gurobi.lic
Academic license 2596424 - for non-commercial use only - registered to yu___@chalmers.se

Gurobi 12.0.0 (mac64[arm], gurobi_cl) logging started Wed Apr  2 04:51:36 2025

Set parameter WLSAccessID
Set parameter WLSSecret
Set parameter LicenseID to value 2596424
Set parameter LogFile to value "gurobi.log"
Using license file /Users/yunglong/Downloads/gurobi.lic
Academic license 2596424 - for non-commercial use only - registered to yu___@chalmers.se

Gurobi 12.0.0 (mac64[arm], gurobi_cl) logging started Wed Apr  2 13:38:25 2025

Set parameter WLSAccessID
Set parameter WLSSecret
Set parameter LicenseID to value 2596424
Set parameter LogFile to value "gurobi.log"
Using license file /Users/yunglong/Downloads/gurobi.lic
Academic license 2596424 - for non-commercial use only - registered to yu___@chalmers.se

Gurobi 12.0.0 (mac64[arm], gurobi_cl) logging started Wed Apr  2 13:38:57 2025

Set parameter WLSAccessID
Set parameter WLSSecret
Set parameter LicenseID to value 2596424
Set parameter LogFile to value "gurobi.log"
Using license file /Users/yunglong/Downloads/gurobi.lic
Academic license 2596424 - for non-commercial use only - registered to yu___@chalmers.se

Gurobi 12.0.0 (mac64[arm], gurobi_cl) logging started Wed Apr  2 13:39:05 2025

Set parameter WLSAccessID
Set parameter WLSSecret
Set parameter LicenseID to value 2596424
Set parameter LogFile to value "gurobi.log"
Using license file /Users/yunglong/Downloads/gurobi.lic
Academic license 2596424 - for non-commercial use only - registered to yu___@chalmers.se

Gurobi 12.0.0 (mac64[arm], gurobi_cl) logging started Wed Apr  2 13:47:06 2025

Set parameter WLSAccessID
Set parameter WLSSecret
Set parameter LicenseID to value 2596424
Set parameter LogFile to value "gurobi.log"
Using license file /Users/yunglong/Downloads/gurobi.lic
Academic license 2596424 - for non-commercial use only - registered to yu___@chalmers.se

Gurobi 12.0.0 (mac64[arm], gurobi_cl) logging started Wed Apr  2 13:51:46 2025

Set parameter WLSAccessID
Set parameter WLSSecret
Set parameter LicenseID to value 2596424
Set parameter LogFile to value "gurobi.log"
Using license file /Users/yunglong/Downloads/gurobi.lic
Academic license 2596424 - for non-commercial use only - registered to yu___@chalmers.se

Gurobi 12.0.0 (mac64[arm], gurobi_cl) logging started Wed Apr  2 13:55:53 2025

Set parameter WLSAccessID
Set parameter WLSSecret
Set parameter LicenseID to value 2596424
Set parameter LogFile to value "gurobi.log"
Using license file /Users/yunglong/Downloads/gurobi.lic
Academic license 2596424 - for non-commercial use only - registered to yu___@chalmers.se

Gurobi 12.0.0 (mac64[arm], gurobi_cl) logging started Wed Apr  2 14:00:29 2025

Set parameter WLSAccessID
Set parameter WLSSecret
Set parameter LicenseID to value 2596424
Set parameter LogFile to value "gurobi.log"
Using license file /Users/yunglong/Downloads/gurobi.lic
Academic license 2596424 - for non-commercial use only - registered to yu___@chalmers.se

Gurobi 12.0.0 (mac64[arm], gurobi_cl) logging started Wed Apr  2 14:17:08 2025

Set parameter WLSAccessID
Set parameter WLSSecret
Set parameter LicenseID to value 2596424
Set parameter LogFile to value "gurobi.log"
Using license file /Users/yunglong/Downloads/gurobi.lic
Academic license 2596424 - for non-commercial use only - registered to yu___@chalmers.se

Gurobi 12.0.0 (mac64[arm], gurobi_cl) logging started Wed Apr  2 14:17:25 2025

Set parameter WLSAccessID
Set parameter WLSSecret
Set parameter LicenseID to value 2596424
Set parameter LogFile to value "gurobi.log"
Using license file /Users/yunglong/Downloads/gurobi.lic
Academic license 2596424 - for non-commercial use only - registered to yu___@chalmers.se

Gurobi 12.0.0 (mac64[arm], gurobi_cl) logging started Wed Apr  2 14:25:01 2025

Set parameter WLSAccessID
Set parameter WLSSecret
Set parameter LicenseID to value 2596424
Set parameter LogFile to value "gurobi.log"
Using license file /Users/yunglong/Downloads/gurobi.lic
Academic license 2596424 - for non-commercial use only - registered to yu___@chalmers.se

Gurobi 12.0.0 (mac64[arm], gurobi_cl) logging started Wed Apr  2 14:26:01 2025

Set parameter WLSAccessID
Set parameter WLSSecret
Set parameter LicenseID to value 2596424
Set parameter LogFile to value "gurobi.log"
Using license file /Users/yunglong/Downloads/gurobi.lic
Academic license 2596424 - for non-commercial use only - registered to yu___@chalmers.se

Gurobi 12.0.0 (mac64[arm], gurobi_cl) logging started Wed Apr  2 14:26:25 2025

Set parameter WLSAccessID
Set parameter WLSSecret
Set parameter LicenseID to value 2596424
Set parameter LogFile to value "gurobi.log"
Using license file /Users/yunglong/Downloads/gurobi.lic
Academic license 2596424 - for non-commercial use only - registered to yu___@chalmers.se

Gurobi 12.0.0 (mac64[arm], gurobi_cl) logging started Wed Apr  2 14:44:41 2025

Set parameter WLSAccessID
Set parameter WLSSecret
Set parameter LicenseID to value 2596424
Set parameter LogFile to value "gurobi.log"
Using license file /Users/yunglong/Downloads/gurobi.lic
Academic license 2596424 - for non-commercial use only - registered to yu___@chalmers.se

Gurobi 12.0.0 (mac64[arm], gurobi_cl) logging started Wed Apr  2 14:48:05 2025

Set parameter WLSAccessID
Set parameter WLSSecret
Set parameter LicenseID to value 2596424
Set parameter LogFile to value "gurobi.log"
Using license file /Users/yunglong/Downloads/gurobi.lic
Academic license 2596424 - for non-commercial use only - registered to yu___@chalmers.se

Gurobi 12.0.0 (mac64[arm], gurobi_cl) logging started Wed Apr  2 16:04:10 2025

Set parameter WLSAccessID
Set parameter WLSSecret
Set parameter LicenseID to value 2596424
Set parameter LogFile to value "gurobi.log"
Using license file /Users/yunglong/Downloads/gurobi.lic
Academic license 2596424 - for non-commercial use only - registered to yu___@chalmers.se

Gurobi 12.0.0 (mac64[arm], gurobi_cl) logging started Wed Apr  2 16:06:23 2025

Set parameter WLSAccessID
Set parameter WLSSecret
Set parameter LicenseID to value 2596424
Set parameter LogFile to value "gurobi.log"
Using license file /Users/yunglong/Downloads/gurobi.lic
Academic license 2596424 - for non-commercial use only - registered to yu___@chalmers.se

Gurobi 12.0.0 (mac64[arm], gurobi_cl) logging started Wed Apr  2 16:06:37 2025

Set parameter WLSAccessID
Set parameter WLSSecret
Set parameter LicenseID to value 2596424
Set parameter LogFile to value "gurobi.log"
Using license file /Users/yunglong/Downloads/gurobi.lic
Academic license 2596424 - for non-commercial use only - registered to yu___@chalmers.se

Gurobi 12.0.0 (mac64[arm], gurobi_cl) logging started Wed Apr  2 16:10:53 2025

Set parameter WLSAccessID
Set parameter WLSSecret
Set parameter LicenseID to value 2596424
Set parameter LogFile to value "gurobi.log"
Using license file /Users/yunglong/Downloads/gurobi.lic
Academic license 2596424 - for non-commercial use only - registered to yu___@chalmers.se

Gurobi 12.0.0 (mac64[arm], gurobi_cl) logging started Wed Apr  2 16:15:20 2025

Set parameter WLSAccessID
Set parameter WLSSecret
Set parameter LicenseID to value 2596424
Set parameter LogFile to value "gurobi.log"
Using license file /Users/yunglong/Downloads/gurobi.lic
Academic license 2596424 - for non-commercial use only - registered to yu___@chalmers.se

Gurobi 12.0.0 (mac64[arm], gurobi_cl) logging started Wed Apr  2 16:19:35 2025

Set parameter WLSAccessID
Set parameter WLSSecret
Set parameter LicenseID to value 2596424
Set parameter LogFile to value "gurobi.log"
Using license file /Users/yunglong/Downloads/gurobi.lic
Academic license 2596424 - for non-commercial use only - registered to yu___@chalmers.se

Gurobi 12.0.0 (mac64[arm], gurobi_cl) logging started Wed Apr  2 16:24:02 2025

Set parameter WLSAccessID
Set parameter WLSSecret
Set parameter LicenseID to value 2596424
Set parameter LogFile to value "gurobi.log"
Using license file /Users/yunglong/Downloads/gurobi.lic
Academic license 2596424 - for non-commercial use only - registered to yu___@chalmers.se

Gurobi 12.0.0 (mac64[arm], gurobi_cl) logging started Fri Apr  4 17:03:30 2025

Set parameter WLSAccessID
Set parameter WLSSecret
Set parameter LicenseID to value 2596424
Set parameter LogFile to value "gurobi.log"
Using license file /Users/yunglong/Downloads/gurobi.lic
Academic license 2596424 - for non-commercial use only - registered to yu___@chalmers.se

Gurobi 12.0.0 (mac64[arm], gurobi_cl) logging started Mon Apr  7 19:08:46 2025

Set parameter WLSAccessID
Set parameter WLSSecret
Set parameter LicenseID to value 2596424
Set parameter LogFile to value "gurobi.log"
Using license file /Users/yunglong/Downloads/gurobi.lic
Academic license 2596424 - for non-commercial use only - registered to yu___@chalmers.se

Gurobi 12.0.0 (mac64[arm], gurobi_cl) logging started Mon Apr  7 19:09:08 2025

Set parameter WLSAccessID
Set parameter WLSSecret
Set parameter LicenseID to value 2596424
Set parameter LogFile to value "gurobi.log"
Using license file /Users/yunglong/Downloads/gurobi.lic
Academic license 2596424 - for non-commercial use only - registered to yu___@chalmers.se

Gurobi 12.0.0 (mac64[arm], gurobi_cl) logging started Mon Apr  7 19:09:33 2025

Set parameter WLSAccessID
Set parameter WLSSecret
Set parameter LicenseID to value 2596424
Set parameter LogFile to value "gurobi.log"
Using license file /Users/yunglong/Downloads/gurobi.lic
Academic license 2596424 - for non-commercial use only - registered to yu___@chalmers.se

Gurobi 12.0.0 (mac64[arm], gurobi_cl) logging started Mon Apr  7 19:09:51 2025

Set parameter WLSAccessID
Set parameter WLSSecret
Set parameter LicenseID to value 2596424
Set parameter LogFile to value "gurobi.log"
Using license file /Users/yunglong/Downloads/gurobi.lic
Academic license 2596424 - for non-commercial use only - registered to yu___@chalmers.se

Gurobi 12.0.0 (mac64[arm], gurobi_cl) logging started Mon Apr  7 19:18:26 2025

Set parameter WLSAccessID
Set parameter WLSSecret
Set parameter LicenseID to value 2596424
Set parameter LogFile to value "gurobi.log"
Using license file /Users/yunglong/Downloads/gurobi.lic
Academic license 2596424 - for non-commercial use only - registered to yu___@chalmers.se

Gurobi 12.0.0 (mac64[arm], gurobi_cl) logging started Mon Apr  7 19:23:21 2025

Set parameter WLSAccessID
Set parameter WLSSecret
Set parameter LicenseID to value 2596424
Set parameter LogFile to value "gurobi.log"
Using license file /Users/yunglong/Downloads/gurobi.lic
Academic license 2596424 - for non-commercial use only - registered to yu___@chalmers.se

Gurobi 12.0.0 (mac64[arm], gurobi_cl) logging started Mon Apr  7 19:31:16 2025

Set parameter WLSAccessID
Set parameter WLSSecret
Set parameter LicenseID to value 2596424
Set parameter LogFile to value "gurobi.log"
Using license file /Users/yunglong/Downloads/gurobi.lic
Academic license 2596424 - for non-commercial use only - registered to yu___@chalmers.se

Gurobi 12.0.0 (mac64[arm], gurobi_cl) logging started Mon Apr  7 19:31:42 2025

Set parameter WLSAccessID
Set parameter WLSSecret
Set parameter LicenseID to value 2596424
Set parameter LogFile to value "gurobi.log"
Using license file /Users/yunglong/Downloads/gurobi.lic
Academic license 2596424 - for non-commercial use only - registered to yu___@chalmers.se

Gurobi 12.0.0 (mac64[arm], gurobi_cl) logging started Mon Apr  7 19:32:17 2025

Set parameter WLSAccessID
Set parameter WLSSecret
Set parameter LicenseID to value 2596424
Set parameter LogFile to value "gurobi.log"
Using license file /Users/yunglong/Downloads/gurobi.lic
Academic license 2596424 - for non-commercial use only - registered to yu___@chalmers.se

Gurobi 12.0.0 (mac64[arm], gurobi_cl) logging started Mon Apr  7 19:37:16 2025

Set parameter WLSAccessID
Set parameter WLSSecret
Set parameter LicenseID to value 2596424
Set parameter LogFile to value "gurobi.log"
Using license file /Users/yunglong/Downloads/gurobi.lic
Academic license 2596424 - for non-commercial use only - registered to yu___@chalmers.se

Gurobi 12.0.0 (mac64[arm], gurobi_cl) logging started Tue Apr  8 19:39:35 2025

Set parameter WLSAccessID
Set parameter WLSSecret
Set parameter LicenseID to value 2596424
Set parameter LogFile to value "gurobi.log"
Using license file /Users/yunglong/Downloads/gurobi.lic
Academic license 2596424 - for non-commercial use only - registered to yu___@chalmers.se

Gurobi 12.0.0 (mac64[arm], gurobi_cl) logging started Tue Apr  8 19:40:29 2025

Set parameter WLSAccessID
Set parameter WLSSecret
Set parameter LicenseID to value 2596424
Set parameter LogFile to value "gurobi.log"
Using license file /Users/yunglong/Downloads/gurobi.lic
Academic license 2596424 - for non-commercial use only - registered to yu___@chalmers.se

Gurobi 12.0.0 (mac64[arm], gurobi_cl) logging started Tue Apr  8 19:40:52 2025

Set parameter WLSAccessID
Set parameter WLSSecret
Set parameter LicenseID to value 2596424
Set parameter LogFile to value "gurobi.log"
Using license file /Users/yunglong/Downloads/gurobi.lic
Academic license 2596424 - for non-commercial use only - registered to yu___@chalmers.se

Gurobi 12.0.0 (mac64[arm], gurobi_cl) logging started Tue Apr  8 19:41:04 2025

Set parameter WLSAccessID
Set parameter WLSSecret
Set parameter LicenseID to value 2596424
Set parameter LogFile to value "gurobi.log"
Using license file /Users/yunglong/Downloads/gurobi.lic
Academic license 2596424 - for non-commercial use only - registered to yu___@chalmers.se

Gurobi 12.0.0 (mac64[arm], gurobi_cl) logging started Tue Apr  8 19:41:48 2025

Set parameter WLSAccessID
Set parameter WLSSecret
Set parameter LicenseID to value 2596424
Set parameter LogFile to value "gurobi.log"
Using license file /Users/yunglong/Downloads/gurobi.lic
Academic license 2596424 - for non-commercial use only - registered to yu___@chalmers.se

Gurobi 12.0.0 (mac64[arm], gurobi_cl) logging started Tue Apr  8 19:42:41 2025

Set parameter WLSAccessID
Set parameter WLSSecret
Set parameter LicenseID to value 2596424
Set parameter LogFile to value "gurobi.log"
Using license file /Users/yunglong/Downloads/gurobi.lic
Academic license 2596424 - for non-commercial use only - registered to yu___@chalmers.se

Gurobi 12.0.0 (mac64[arm], gurobi_cl) logging started Tue Apr  8 19:43:18 2025

Set parameter WLSAccessID
Set parameter WLSSecret
Set parameter LicenseID to value 2596424
Set parameter LogFile to value "gurobi.log"
Using license file /Users/yunglong/Downloads/gurobi.lic
Academic license 2596424 - for non-commercial use only - registered to yu___@chalmers.se

Gurobi 12.0.0 (mac64[arm], gurobi_cl) logging started Tue Apr  8 19:47:17 2025

Set parameter WLSAccessID
Set parameter WLSSecret
Set parameter LicenseID to value 2596424
Set parameter LogFile to value "gurobi.log"
Using license file /Users/yunglong/Downloads/gurobi.lic
Academic license 2596424 - for non-commercial use only - registered to yu___@chalmers.se

Gurobi 12.0.0 (mac64[arm], gurobi_cl) logging started Tue Apr  8 19:51:13 2025

Set parameter WLSAccessID
Set parameter WLSSecret
Set parameter LicenseID to value 2596424
Set parameter LogFile to value "gurobi.log"
Using license file /Users/yunglong/Downloads/gurobi.lic
Academic license 2596424 - for non-commercial use only - registered to yu___@chalmers.se

Gurobi 12.0.0 (mac64[arm], gurobi_cl) logging started Tue Apr  8 19:55:19 2025

Set parameter WLSAccessID
Set parameter WLSSecret
Set parameter LicenseID to value 2596424
Set parameter LogFile to value "gurobi.log"
Using license file /Users/yunglong/Downloads/gurobi.lic
Academic license 2596424 - for non-commercial use only - registered to yu___@chalmers.se

Gurobi 12.0.0 (mac64[arm], gurobi_cl) logging started Tue Apr  8 19:59:03 2025

Set parameter WLSAccessID
Set parameter WLSSecret
Set parameter LicenseID to value 2596424
Set parameter LogFile to value "gurobi.log"
Using license file /Users/yunglong/Downloads/gurobi.lic
Academic license 2596424 - for non-commercial use only - registered to yu___@chalmers.se

Gurobi 12.0.0 (mac64[arm], gurobi_cl) logging started Sat Apr 19 15:53:47 2025

Set parameter WLSAccessID
Set parameter WLSSecret
Set parameter LicenseID to value 2596424
Set parameter LogFile to value "gurobi.log"
Using license file /Users/yunglong/Downloads/gurobi.lic
Academic license 2596424 - for non-commercial use only - registered to yu___@chalmers.se

Gurobi 12.0.0 (mac64[arm], gurobi_cl) logging started Sat Apr 19 15:54:13 2025

Set parameter WLSAccessID
Set parameter WLSSecret
Set parameter LicenseID to value 2596424
Set parameter LogFile to value "gurobi.log"
Using license file /Users/yunglong/Downloads/gurobi.lic
Academic license 2596424 - for non-commercial use only - registered to yu___@chalmers.se

Gurobi 12.0.0 (mac64[arm], gurobi_cl) logging started Sat Apr 19 15:54:34 2025

Set parameter WLSAccessID
Set parameter WLSSecret
Set parameter LicenseID to value 2596424
Set parameter LogFile to value "gurobi.log"
Using license file /Users/yunglong/Downloads/gurobi.lic
Academic license 2596424 - for non-commercial use only - registered to yu___@chalmers.se

Gurobi 12.0.0 (mac64[arm], gurobi_cl) logging started Sat Apr 19 15:54:43 2025

Set parameter WLSAccessID
Set parameter WLSSecret
Set parameter LicenseID to value 2596424
Set parameter LogFile to value "gurobi.log"
Using license file /Users/yunglong/Downloads/gurobi.lic
Academic license 2596424 - for non-commercial use only - registered to yu___@chalmers.se

Gurobi 12.0.0 (mac64[arm], gurobi_cl) logging started Sat Apr 19 16:05:36 2025

Set parameter WLSAccessID
Set parameter WLSSecret
Set parameter LicenseID to value 2596424
Set parameter LogFile to value "gurobi.log"
Using license file /Users/yunglong/Downloads/gurobi.lic
Academic license 2596424 - for non-commercial use only - registered to yu___@chalmers.se

Gurobi 12.0.0 (mac64[arm], gurobi_cl) logging started Sat Apr 19 16:05:48 2025

Set parameter WLSAccessID
Set parameter WLSSecret
Set parameter LicenseID to value 2596424
Set parameter LogFile to value "gurobi.log"
Using license file /Users/yunglong/Downloads/gurobi.lic
Academic license 2596424 - for non-commercial use only - registered to yu___@chalmers.se

Gurobi 12.0.0 (mac64[arm], gurobi_cl) logging started Sat Apr 19 16:11:31 2025

Set parameter WLSAccessID
Set parameter WLSSecret
Set parameter LicenseID to value 2596424
Set parameter LogFile to value "gurobi.log"
Using license file /Users/yunglong/Downloads/gurobi.lic
Academic license 2596424 - for non-commercial use only - registered to yu___@chalmers.se

Gurobi 12.0.0 (mac64[arm], gurobi_cl) logging started Sat Apr 19 16:12:19 2025

Set parameter WLSAccessID
Set parameter WLSSecret
Set parameter LicenseID to value 2596424
Set parameter LogFile to value "gurobi.log"
Using license file /Users/yunglong/Downloads/gurobi.lic
Academic license 2596424 - for non-commercial use only - registered to yu___@chalmers.se

Gurobi 12.0.0 (mac64[arm], gurobi_cl) logging started Sat Apr 19 16:13:02 2025

Set parameter WLSAccessID
Set parameter WLSSecret
Set parameter LicenseID to value 2596424
Set parameter LogFile to value "gurobi.log"
Using license file /Users/yunglong/Downloads/gurobi.lic
Academic license 2596424 - for non-commercial use only - registered to yu___@chalmers.se

Gurobi 12.0.0 (mac64[arm], gurobi_cl) logging started Sat Apr 19 16:13:15 2025

Set parameter WLSAccessID
Set parameter WLSSecret
Set parameter LicenseID to value 2596424
Set parameter LogFile to value "gurobi.log"
Using license file /Users/yunglong/Downloads/gurobi.lic
Academic license 2596424 - for non-commercial use only - registered to yu___@chalmers.se

Gurobi 12.0.0 (mac64[arm], gurobi_cl) logging started Sat Apr 19 16:13:52 2025

Set parameter WLSAccessID
Set parameter WLSSecret
Set parameter LicenseID to value 2596424
Set parameter LogFile to value "gurobi.log"
Using license file /Users/yunglong/Downloads/gurobi.lic
Academic license 2596424 - for non-commercial use only - registered to yu___@chalmers.se

Gurobi 12.0.0 (mac64[arm], gurobi_cl) logging started Sat Apr 19 16:24:43 2025

Set parameter WLSAccessID
Set parameter WLSSecret
Set parameter LicenseID to value 2596424
Set parameter LogFile to value "gurobi.log"
Using license file /Users/yunglong/Downloads/gurobi.lic
Academic license 2596424 - for non-commercial use only - registered to yu___@chalmers.se

Gurobi 12.0.0 (mac64[arm], gurobi_cl) logging started Sat Apr 19 16:24:55 2025

Set parameter WLSAccessID
Set parameter WLSSecret
Set parameter LicenseID to value 2596424
Set parameter LogFile to value "gurobi.log"
Using license file /Users/yunglong/Downloads/gurobi.lic
Academic license 2596424 - for non-commercial use only - registered to yu___@chalmers.se

Gurobi 12.0.0 (mac64[arm], gurobi_cl) logging started Sat Apr 19 18:55:56 2025

Set parameter WLSAccessID
Set parameter WLSSecret
Set parameter LicenseID to value 2596424
Set parameter LogFile to value "gurobi.log"
Using license file /Users/yunglong/Downloads/gurobi.lic
Academic license 2596424 - for non-commercial use only - registered to yu___@chalmers.se

Gurobi 12.0.0 (mac64[arm], gurobi_cl) logging started Sat Apr 19 19:24:58 2025

Set parameter WLSAccessID
Set parameter WLSSecret
Set parameter LicenseID to value 2596424
Set parameter LogFile to value "gurobi.log"
Using license file /Users/yunglong/Downloads/gurobi.lic
Academic license 2596424 - for non-commercial use only - registered to yu___@chalmers.se

Gurobi 12.0.0 (mac64[arm], gurobi_cl) logging started Sat Apr 19 19:36:00 2025

Set parameter WLSAccessID
Set parameter WLSSecret
Set parameter LicenseID to value 2596424
Set parameter LogFile to value "gurobi.log"
Using license file /Users/yunglong/Downloads/gurobi.lic
Academic license 2596424 - for non-commercial use only - registered to yu___@chalmers.se

Gurobi 12.0.0 (mac64[arm], gurobi_cl) logging started Sat Apr 19 19:41:36 2025

Set parameter WLSAccessID
Set parameter WLSSecret
Set parameter LicenseID to value 2596424
Set parameter LogFile to value "gurobi.log"
Using license file /Users/yunglong/Downloads/gurobi.lic
Academic license 2596424 - for non-commercial use only - registered to yu___@chalmers.se

Gurobi 12.0.0 (mac64[arm], gurobi_cl) logging started Sat Apr 19 19:46:23 2025

Set parameter WLSAccessID
Set parameter WLSSecret
Set parameter LicenseID to value 2596424
Set parameter LogFile to value "gurobi.log"
Using license file /Users/yunglong/Downloads/gurobi.lic
Academic license 2596424 - for non-commercial use only - registered to yu___@chalmers.se

Gurobi 12.0.0 (mac64[arm], gurobi_cl) logging started Sat Apr 19 20:04:19 2025

Set parameter WLSAccessID
Set parameter WLSSecret
Set parameter LicenseID to value 2596424
Set parameter LogFile to value "gurobi.log"
Using license file /Users/yunglong/Downloads/gurobi.lic
Academic license 2596424 - for non-commercial use only - registered to yu___@chalmers.se

Gurobi 12.0.0 (mac64[arm], gurobi_cl) logging started Sat Apr 19 20:16:21 2025

Set parameter WLSAccessID
Set parameter WLSSecret
Set parameter LicenseID to value 2596424
Set parameter LogFile to value "gurobi.log"
Using license file /Users/yunglong/Downloads/gurobi.lic
Academic license 2596424 - for non-commercial use only - registered to yu___@chalmers.se

Gurobi 12.0.0 (mac64[arm], gurobi_cl) logging started Sat Apr 19 20:31:46 2025


Gurobi 12.0.0 (mac64[arm], gurobi_cl) logging started Sat Apr 19 20:31:46 2025

Set parameter WLSAccessID
Set parameter WLSSecret
Set parameter LicenseID to value 2596424
Set parameter LogFile to value "gurobi.log"
Using license file /Users/yunglong/Downloads/gurobi.lic
Set parameter WLSAccessID
Set parameter WLSSecret
Set parameter LicenseID to value 2596424
Set parameter LogFile to value "gurobi.log"
Using license file /Users/yunglong/Downloads/gurobi.lic
Academic license 2596424 - for non-commercial use only - registered to yu___@chalmers.se
Academic license 2596424 - for non-commercial use only - registered to yu___@chalmers.se

Gurobi 12.0.0 (mac64[arm], gurobi_cl) logging started Sat Apr 19 20:31:46 2025

Set parameter WLSAccessID
Set parameter WLSSecret
Set parameter LicenseID to value 2596424
Set parameter LogFile to value "gurobi.log"
Using license file /Users/yunglong/Downloads/gurobi.lic
Academic license 2596424 - for non-commercial use only - registered to yu___@chalmers.se

Gurobi 12.0.0 (mac64[arm], gurobi_cl) logging started Sat Apr 19 20:37:37 2025

Set parameter WLSAccessID
Set parameter WLSSecret
Set parameter LicenseID to value 2596424
Set parameter LogFile to value "gurobi.log"
Using license file /Users/yunglong/Downloads/gurobi.lic
Academic license 2596424 - for non-commercial use only - registered to yu___@chalmers.se

Gurobi 12.0.0 (mac64[arm], gurobi_cl) logging started Sat Apr 19 20:38:28 2025

Set parameter WLSAccessID
Set parameter WLSSecret
Set parameter LicenseID to value 2596424
Set parameter LogFile to value "gurobi.log"
Using license file /Users/yunglong/Downloads/gurobi.lic
Academic license 2596424 - for non-commercial use only - registered to yu___@chalmers.se

Gurobi 12.0.0 (mac64[arm], gurobi_cl) logging started Sat Apr 19 20:41:06 2025

Set parameter WLSAccessID
Set parameter WLSSecret
Set parameter LicenseID to value 2596424
Set parameter LogFile to value "gurobi.log"
Using license file /Users/yunglong/Downloads/gurobi.lic
Academic license 2596424 - for non-commercial use only - registered to yu___@chalmers.se

Gurobi 12.0.0 (mac64[arm], gurobi_cl) logging started Sat Apr 19 20:46:52 2025

Set parameter WLSAccessID
Set parameter WLSSecret
Set parameter LicenseID to value 2596424
Set parameter LogFile to value "gurobi.log"
Using license file /Users/yunglong/Downloads/gurobi.lic
Academic license 2596424 - for non-commercial use only - registered to yu___@chalmers.se

Gurobi 12.0.0 (mac64[arm], gurobi_cl) logging started Sat Apr 19 20:59:42 2025

Set parameter WLSAccessID
Set parameter WLSSecret
Set parameter LicenseID to value 2596424
Set parameter LogFile to value "gurobi.log"
Using license file /Users/yunglong/Downloads/gurobi.lic
Academic license 2596424 - for non-commercial use only - registered to yu___@chalmers.se

Gurobi 12.0.0 (mac64[arm], gurobi_cl) logging started Sat Apr 19 21:00:13 2025

Set parameter WLSAccessID
Set parameter WLSSecret
Set parameter LicenseID to value 2596424
Set parameter LogFile to value "gurobi.log"
Using license file /Users/yunglong/Downloads/gurobi.lic
Academic license 2596424 - for non-commercial use only - registered to yu___@chalmers.se

Gurobi 12.0.0 (mac64[arm], gurobi_cl) logging started Sat Apr 19 21:00:21 2025

Set parameter WLSAccessID
Set parameter WLSSecret
Set parameter LicenseID to value 2596424
Set parameter LogFile to value "gurobi.log"
Using license file /Users/yunglong/Downloads/gurobi.lic
Academic license 2596424 - for non-commercial use only - registered to yu___@chalmers.se

Gurobi 12.0.0 (mac64[arm], gurobi_cl) logging started Sat Apr 19 21:14:45 2025

Set parameter WLSAccessID
Set parameter WLSSecret
Set parameter LicenseID to value 2596424
Set parameter LogFile to value "gurobi.log"
Using license file /Users/yunglong/Downloads/gurobi.lic
Academic license 2596424 - for non-commercial use only - registered to yu___@chalmers.se

Gurobi 12.0.0 (mac64[arm], gurobi_cl) logging started Sat Apr 19 21:17:41 2025

Set parameter WLSAccessID
Set parameter WLSSecret
Set parameter LicenseID to value 2596424
Set parameter LogFile to value "gurobi.log"
Using license file /Users/yunglong/Downloads/gurobi.lic
Academic license 2596424 - for non-commercial use only - registered to yu___@chalmers.se

Gurobi 12.0.0 (mac64[arm], gurobi_cl) logging started Sat Apr 19 21:17:56 2025

Set parameter WLSAccessID
Set parameter WLSSecret
Set parameter LicenseID to value 2596424
Set parameter LogFile to value "gurobi.log"
Using license file /Users/yunglong/Downloads/gurobi.lic
Academic license 2596424 - for non-commercial use only - registered to yu___@chalmers.se

Gurobi 12.0.0 (mac64[arm], gurobi_cl) logging started Sat Apr 19 21:40:31 2025

Set parameter WLSAccessID
Set parameter WLSSecret
Set parameter LicenseID to value 2596424
Set parameter LogFile to value "gurobi.log"
Using license file /Users/yunglong/Downloads/gurobi.lic
Academic license 2596424 - for non-commercial use only - registered to yu___@chalmers.se

Gurobi 12.0.0 (mac64[arm], gurobi_cl) logging started Sat Apr 19 21:43:47 2025

Set parameter WLSAccessID
Set parameter WLSSecret
Set parameter LicenseID to value 2596424
Set parameter LogFile to value "gurobi.log"
Using license file /Users/yunglong/Downloads/gurobi.lic
Academic license 2596424 - for non-commercial use only - registered to yu___@chalmers.se

Gurobi 12.0.0 (mac64[arm], gurobi_cl) logging started Sat Apr 19 21:56:27 2025

Set parameter WLSAccessID
Set parameter WLSSecret
Set parameter LicenseID to value 2596424
Set parameter LogFile to value "gurobi.log"
Using license file /Users/yunglong/Downloads/gurobi.lic
Academic license 2596424 - for non-commercial use only - registered to yu___@chalmers.se

Gurobi 12.0.0 (mac64[arm], gurobi_cl) logging started Sat Apr 19 21:58:13 2025

Set parameter WLSAccessID
Set parameter WLSSecret
Set parameter LicenseID to value 2596424
Set parameter LogFile to value "gurobi.log"
Using license file /Users/yunglong/Downloads/gurobi.lic
Academic license 2596424 - for non-commercial use only - registered to yu___@chalmers.se

Gurobi 12.0.0 (mac64[arm], gurobi_cl) logging started Sat Apr 19 21:59:29 2025

Set parameter WLSAccessID
Set parameter WLSSecret
Set parameter LicenseID to value 2596424
Set parameter LogFile to value "gurobi.log"
Using license file /Users/yunglong/Downloads/gurobi.lic
Academic license 2596424 - for non-commercial use only - registered to yu___@chalmers.se

Gurobi 12.0.0 (mac64[arm], gurobi_cl) logging started Sat Apr 19 21:59:57 2025

Set parameter WLSAccessID
Set parameter WLSSecret
Set parameter LicenseID to value 2596424
Set parameter LogFile to value "gurobi.log"
Using license file /Users/yunglong/Downloads/gurobi.lic
Academic license 2596424 - for non-commercial use only - registered to yu___@chalmers.se

Gurobi 12.0.0 (mac64[arm], gurobi_cl) logging started Sat Apr 19 22:01:09 2025

Set parameter WLSAccessID
Set parameter WLSSecret
Set parameter LicenseID to value 2596424
Set parameter LogFile to value "gurobi.log"
Using license file /Users/yunglong/Downloads/gurobi.lic
Academic license 2596424 - for non-commercial use only - registered to yu___@chalmers.se

Gurobi 12.0.0 (mac64[arm], gurobi_cl) logging started Sat Apr 19 22:01:17 2025

Set parameter WLSAccessID
Set parameter WLSSecret
Set parameter LicenseID to value 2596424
Set parameter LogFile to value "gurobi.log"
Using license file /Users/yunglong/Downloads/gurobi.lic
Academic license 2596424 - for non-commercial use only - registered to yu___@chalmers.se

Gurobi 12.0.0 (mac64[arm], gurobi_cl) logging started Sat Apr 19 22:09:35 2025

Set parameter WLSAccessID
Set parameter WLSSecret
Set parameter LicenseID to value 2596424
Set parameter LogFile to value "gurobi.log"
Using license file /Users/yunglong/Downloads/gurobi.lic
Academic license 2596424 - for non-commercial use only - registered to yu___@chalmers.se

Gurobi 12.0.0 (mac64[arm], gurobi_cl) logging started Sat Apr 19 22:30:59 2025


Gurobi 12.0.0 (mac64[arm], gurobi_cl) logging started Sat Apr 19 22:30:59 2025

Set parameter WLSAccessID
Set parameter WLSAccessID
Set parameter WLSSecret
Set parameter WLSSecret
Set parameter LicenseID to value 2596424
Set parameter LicenseID to value 2596424
Set parameter LogFile to value "gurobi.log"
Set parameter LogFile to value "gurobi.log"
Using license file /Users/yunglong/Downloads/gurobi.lic
Using license file /Users/yunglong/Downloads/gurobi.lic
Academic license 2596424 - for non-commercial use only - registered to yu___@chalmers.se
Academic license 2596424 - for non-commercial use only - registered to yu___@chalmers.se

Gurobi 12.0.0 (mac64[arm], gurobi_cl) logging started Sat Apr 19 22:30:59 2025

Set parameter WLSAccessID
Set parameter WLSSecret
Set parameter LicenseID to value 2596424
Set parameter LogFile to value "gurobi.log"
Using license file /Users/yunglong/Downloads/gurobi.lic
Academic license 2596424 - for non-commercial use only - registered to yu___@chalmers.se

Gurobi 12.0.0 (mac64[arm], gurobi_cl) logging started Sat Apr 19 22:30:59 2025

Set parameter WLSAccessID
Set parameter WLSSecret
Set parameter LicenseID to value 2596424
Set parameter LogFile to value "gurobi.log"
Using license file /Users/yunglong/Downloads/gurobi.lic

Gurobi 12.0.0 (mac64[arm], gurobi_cl) logging started Sat Apr 19 22:30:59 2025

Set parameter WLSAccessID
Set parameter WLSSecret
Set parameter LicenseID to value 2596424
Set parameter LogFile to value "gurobi.log"
Using license file /Users/yunglong/Downloads/gurobi.lic
Academic license 2596424 - for non-commercial use only - registered to yu___@chalmers.se
Academic license 2596424 - for non-commercial use only - registered to yu___@chalmers.se

Gurobi 12.0.0 (mac64[arm], gurobi_cl) logging started Sat Apr 19 22:30:59 2025

Set parameter WLSAccessID
Set parameter WLSSecret
Set parameter LicenseID to value 2596424
Set parameter LogFile to value "gurobi.log"
Using license file /Users/yunglong/Downloads/gurobi.lic
Academic license 2596424 - for non-commercial use only - registered to yu___@chalmers.se

Gurobi 12.0.0 (mac64[arm], gurobi_cl) logging started Sat Apr 19 22:31:06 2025

Set parameter WLSAccessID
Set parameter WLSSecret
Set parameter LicenseID to value 2596424
Set parameter LogFile to value "gurobi.log"
Using license file /Users/yunglong/Downloads/gurobi.lic
Academic license 2596424 - for non-commercial use only - registered to yu___@chalmers.se

Gurobi 12.0.0 (mac64[arm], gurobi_cl) logging started Sat Apr 19 22:31:06 2025

Set parameter WLSAccessID
Set parameter WLSSecret
Set parameter LicenseID to value 2596424
Set parameter LogFile to value "gurobi.log"
Using license file /Users/yunglong/Downloads/gurobi.lic
Academic license 2596424 - for non-commercial use only - registered to yu___@chalmers.se

Gurobi 12.0.0 (mac64[arm], gurobi_cl) logging started Sat Apr 19 22:31:06 2025

Set parameter WLSAccessID
Set parameter WLSSecret
Set parameter LicenseID to value 2596424
Set parameter LogFile to value "gurobi.log"
Using license file /Users/yunglong/Downloads/gurobi.lic
Academic license 2596424 - for non-commercial use only - registered to yu___@chalmers.se

Gurobi 12.0.0 (mac64[arm], gurobi_cl) logging started Sat Apr 19 22:31:08 2025

Set parameter WLSAccessID
Set parameter WLSSecret
Set parameter LicenseID to value 2596424
Set parameter LogFile to value "gurobi.log"
Using license file /Users/yunglong/Downloads/gurobi.lic
Academic license 2596424 - for non-commercial use only - registered to yu___@chalmers.se

Gurobi 12.0.0 (mac64[arm], gurobi_cl) logging started Sat Apr 19 22:31:11 2025

Set parameter WLSAccessID
Set parameter WLSSecret
Set parameter LicenseID to value 2596424
Set parameter LogFile to value "gurobi.log"
Using license file /Users/yunglong/Downloads/gurobi.lic
Academic license 2596424 - for non-commercial use only - registered to yu___@chalmers.se

Gurobi 12.0.0 (mac64[arm], gurobi_cl) logging started Sat Apr 19 22:31:14 2025

Set parameter WLSAccessID
Set parameter WLSSecret
Set parameter LicenseID to value 2596424
Set parameter LogFile to value "gurobi.log"
Using license file /Users/yunglong/Downloads/gurobi.lic
Academic license 2596424 - for non-commercial use only - registered to yu___@chalmers.se

Gurobi 12.0.0 (mac64[arm], gurobi_cl) logging started Sat Apr 19 22:31:15 2025

Set parameter WLSAccessID
Set parameter WLSSecret
Set parameter LicenseID to value 2596424
Set parameter LogFile to value "gurobi.log"
Using license file /Users/yunglong/Downloads/gurobi.lic

Gurobi 12.0.0 (mac64[arm], gurobi_cl) logging started Sat Apr 19 22:31:15 2025

Set parameter WLSAccessID
Set parameter WLSSecret
Set parameter LicenseID to value 2596424
Set parameter LogFile to value "gurobi.log"
Using license file /Users/yunglong/Downloads/gurobi.lic
Academic license 2596424 - for non-commercial use only - registered to yu___@chalmers.se
Academic license 2596424 - for non-commercial use only - registered to yu___@chalmers.se

Gurobi 12.0.0 (mac64[arm], gurobi_cl) logging started Sat Apr 19 22:44:30 2025

Set parameter WLSAccessID
Set parameter WLSSecret
Set parameter LicenseID to value 2596424
Set parameter LogFile to value "gurobi.log"
Using license file /Users/yunglong/Downloads/gurobi.lic
Academic license 2596424 - for non-commercial use only - registered to yu___@chalmers.se

Gurobi 12.0.0 (mac64[arm], gurobi_cl) logging started Sat Apr 19 22:59:56 2025

Set parameter WLSAccessID
Set parameter WLSSecret
Set parameter LicenseID to value 2596424
Set parameter LogFile to value "gurobi.log"
Using license file /Users/yunglong/Downloads/gurobi.lic
Academic license 2596424 - for non-commercial use only - registered to yu___@chalmers.se

Gurobi 12.0.0 (mac64[arm], gurobi_cl) logging started Sat Apr 19 23:06:05 2025

Set parameter WLSAccessID
Set parameter WLSSecret
Set parameter LicenseID to value 2596424
Set parameter LogFile to value "gurobi.log"
Using license file /Users/yunglong/Downloads/gurobi.lic
Academic license 2596424 - for non-commercial use only - registered to yu___@chalmers.se

Gurobi 12.0.0 (mac64[arm], gurobi_cl) logging started Sat Apr 19 23:18:15 2025

Set parameter WLSAccessID
Set parameter WLSSecret
Set parameter LicenseID to value 2596424
Set parameter LogFile to value "gurobi.log"
Using license file /Users/yunglong/Downloads/gurobi.lic
Academic license 2596424 - for non-commercial use only - registered to yu___@chalmers.se

Gurobi 12.0.0 (mac64[arm], gurobi_cl) logging started Sat Apr 19 23:32:39 2025

Set parameter WLSAccessID
Set parameter WLSSecret
Set parameter LicenseID to value 2596424
Set parameter LogFile to value "gurobi.log"
Using license file /Users/yunglong/Downloads/gurobi.lic
Academic license 2596424 - for non-commercial use only - registered to yu___@chalmers.se

Gurobi 12.0.0 (mac64[arm], gurobi_cl) logging started Sat Apr 19 23:33:45 2025

Set parameter WLSAccessID
Set parameter WLSSecret
Set parameter LicenseID to value 2596424
Set parameter LogFile to value "gurobi.log"
Using license file /Users/yunglong/Downloads/gurobi.lic
Academic license 2596424 - for non-commercial use only - registered to yu___@chalmers.se

Gurobi 12.0.0 (mac64[arm], gurobi_cl) logging started Sat Apr 19 23:44:42 2025

Set parameter WLSAccessID
Set parameter WLSSecret
Set parameter LicenseID to value 2596424
Set parameter LogFile to value "gurobi.log"
Using license file /Users/yunglong/Downloads/gurobi.lic
Academic license 2596424 - for non-commercial use only - registered to yu___@chalmers.se

Gurobi 12.0.0 (mac64[arm], gurobi_cl) logging started Sat Apr 19 23:44:58 2025

Set parameter WLSAccessID
Set parameter WLSSecret
Set parameter LicenseID to value 2596424
Set parameter LogFile to value "gurobi.log"
Using license file /Users/yunglong/Downloads/gurobi.lic
Academic license 2596424 - for non-commercial use only - registered to yu___@chalmers.se

Gurobi 12.0.0 (mac64[arm], gurobi_cl) logging started Sun Apr 20 00:03:21 2025

Set parameter WLSAccessID
Set parameter WLSSecret
Set parameter LicenseID to value 2596424
Set parameter LogFile to value "gurobi.log"
Using license file /Users/yunglong/Downloads/gurobi.lic
Academic license 2596424 - for non-commercial use only - registered to yu___@chalmers.se

Gurobi 12.0.0 (mac64[arm], gurobi_cl) logging started Sun Apr 20 00:10:36 2025

Set parameter WLSAccessID
Set parameter WLSSecret
Set parameter LicenseID to value 2596424
Set parameter LogFile to value "gurobi.log"
Using license file /Users/yunglong/Downloads/gurobi.lic
Academic license 2596424 - for non-commercial use only - registered to yu___@chalmers.se

Gurobi 12.0.0 (mac64[arm], gurobi_cl) logging started Sun Apr 20 00:15:51 2025

Set parameter WLSAccessID
Set parameter WLSSecret
Set parameter LicenseID to value 2596424
Set parameter LogFile to value "gurobi.log"
Using license file /Users/yunglong/Downloads/gurobi.lic
Academic license 2596424 - for non-commercial use only - registered to yu___@chalmers.se

Gurobi 12.0.0 (mac64[arm], gurobi_cl) logging started Sun Apr 20 00:16:11 2025

Set parameter WLSAccessID
Set parameter WLSSecret
Set parameter LicenseID to value 2596424
Set parameter LogFile to value "gurobi.log"
Using license file /Users/yunglong/Downloads/gurobi.lic
Academic license 2596424 - for non-commercial use only - registered to yu___@chalmers.se

Gurobi 12.0.0 (mac64[arm], gurobi_cl) logging started Sun Apr 20 00:25:37 2025

Set parameter WLSAccessID
Set parameter WLSSecret
Set parameter LicenseID to value 2596424
Set parameter LogFile to value "gurobi.log"
Using license file /Users/yunglong/Downloads/gurobi.lic
Academic license 2596424 - for non-commercial use only - registered to yu___@chalmers.se

Gurobi 12.0.0 (mac64[arm], gurobi_cl) logging started Sun Apr 20 00:25:54 2025

Set parameter WLSAccessID
Set parameter WLSSecret
Set parameter LicenseID to value 2596424
Set parameter LogFile to value "gurobi.log"
Using license file /Users/yunglong/Downloads/gurobi.lic
Academic license 2596424 - for non-commercial use only - registered to yu___@chalmers.se

Gurobi 12.0.0 (mac64[arm], gurobi_cl) logging started Wed Apr 23 08:13:32 2025

Set parameter WLSAccessID
Set parameter WLSSecret
Set parameter LicenseID to value 2596424
Set parameter LogFile to value "gurobi.log"
Using license file /Users/yunglong/Downloads/gurobi.lic
Academic license 2596424 - for non-commercial use only - registered to yu___@chalmers.se

Gurobi 12.0.0 (mac64[arm], gurobi_cl) logging started Wed Apr 23 08:15:05 2025

Set parameter WLSAccessID
Set parameter WLSSecret
Set parameter LicenseID to value 2596424
Set parameter LogFile to value "gurobi.log"
Using license file /Users/yunglong/Downloads/gurobi.lic
Academic license 2596424 - for non-commercial use only - registered to yu___@chalmers.se

Gurobi 12.0.0 (mac64[arm], gurobi_cl) logging started Wed Apr 23 08:15:35 2025

Set parameter WLSAccessID
Set parameter WLSSecret
Set parameter LicenseID to value 2596424
Set parameter LogFile to value "gurobi.log"
Using license file /Users/yunglong/Downloads/gurobi.lic
Academic license 2596424 - for non-commercial use only - registered to yu___@chalmers.se

Gurobi 12.0.0 (mac64[arm], gurobi_cl) logging started Wed Apr 23 08:16:00 2025

Set parameter WLSAccessID
Set parameter WLSSecret
Set parameter LicenseID to value 2596424
Set parameter LogFile to value "gurobi.log"
Using license file /Users/yunglong/Downloads/gurobi.lic
Academic license 2596424 - for non-commercial use only - registered to yu___@chalmers.se

Gurobi 12.0.0 (mac64[arm], gurobi_cl) logging started Wed Apr 23 08:20:51 2025

Set parameter WLSAccessID
Set parameter WLSSecret
Set parameter LicenseID to value 2596424
Set parameter LogFile to value "gurobi.log"
Using license file /Users/yunglong/Downloads/gurobi.lic
Academic license 2596424 - for non-commercial use only - registered to yu___@chalmers.se

Gurobi 12.0.0 (mac64[arm], gurobi_cl) logging started Wed Apr 23 08:21:00 2025

Set parameter WLSAccessID
Set parameter WLSSecret
Set parameter LicenseID to value 2596424
Set parameter LogFile to value "gurobi.log"
Using license file /Users/yunglong/Downloads/gurobi.lic
Academic license 2596424 - for non-commercial use only - registered to yu___@chalmers.se

Gurobi 12.0.0 (mac64[arm], gurobi_cl) logging started Wed Apr 23 08:33:08 2025

Set parameter WLSAccessID
Set parameter WLSSecret
Set parameter LicenseID to value 2596424
Set parameter LogFile to value "gurobi.log"
Using license file /Users/yunglong/Downloads/gurobi.lic
Academic license 2596424 - for non-commercial use only - registered to yu___@chalmers.se

Gurobi 12.0.0 (mac64[arm], gurobi_cl) logging started Wed Apr 23 08:38:49 2025

Set parameter WLSAccessID
Set parameter WLSSecret
Set parameter LicenseID to value 2596424
Set parameter LogFile to value "gurobi.log"
Using license file /Users/yunglong/Downloads/gurobi.lic
Academic license 2596424 - for non-commercial use only - registered to yu___@chalmers.se

Gurobi 12.0.0 (mac64[arm], gurobi_cl) logging started Wed Apr 23 08:44:26 2025

Set parameter WLSAccessID
Set parameter WLSSecret
Set parameter LicenseID to value 2596424
Set parameter LogFile to value "gurobi.log"
Using license file /Users/yunglong/Downloads/gurobi.lic
Academic license 2596424 - for non-commercial use only - registered to yu___@chalmers.se

Gurobi 12.0.0 (mac64[arm], gurobi_cl) logging started Wed Apr 23 08:50:04 2025

Set parameter WLSAccessID
Set parameter WLSSecret
Set parameter LicenseID to value 2596424
Set parameter LogFile to value "gurobi.log"
Using license file /Users/yunglong/Downloads/gurobi.lic
Academic license 2596424 - for non-commercial use only - registered to yu___@chalmers.se

Gurobi 12.0.0 (mac64[arm], gurobi_cl) logging started Wed Apr 23 08:55:49 2025

Set parameter WLSAccessID
Set parameter WLSSecret
Set parameter LicenseID to value 2596424
Set parameter LogFile to value "gurobi.log"
Using license file /Users/yunglong/Downloads/gurobi.lic
Academic license 2596424 - for non-commercial use only - registered to yu___@chalmers.se

Gurobi 12.0.0 (mac64[arm], gurobi_cl) logging started Wed Apr 23 09:01:35 2025

Set parameter WLSAccessID
Set parameter WLSSecret
Set parameter LicenseID to value 2596424
Set parameter LogFile to value "gurobi.log"
Using license file /Users/yunglong/Downloads/gurobi.lic
Academic license 2596424 - for non-commercial use only - registered to yu___@chalmers.se

Gurobi 12.0.0 (mac64[arm], gurobi_cl) logging started Wed Apr 23 10:12:17 2025

Set parameter WLSAccessID
Set parameter WLSSecret
Set parameter LicenseID to value 2596424
Set parameter LogFile to value "gurobi.log"
Using license file /Users/yunglong/Downloads/gurobi.lic
Academic license 2596424 - for non-commercial use only - registered to yu___@chalmers.se

Gurobi 12.0.0 (mac64[arm], gurobi_cl) logging started Wed Apr 23 10:12:37 2025

Set parameter WLSAccessID
Set parameter WLSSecret
Set parameter LicenseID to value 2596424
Set parameter LogFile to value "gurobi.log"
Using license file /Users/yunglong/Downloads/gurobi.lic
Academic license 2596424 - for non-commercial use only - registered to yu___@chalmers.se

Gurobi 12.0.0 (mac64[arm], gurobi_cl) logging started Wed Apr 23 11:42:37 2025

Set parameter WLSAccessID
Set parameter WLSSecret
Set parameter LicenseID to value 2596424
Set parameter LogFile to value "gurobi.log"
Using license file /Users/yunglong/Downloads/gurobi.lic
Academic license 2596424 - for non-commercial use only - registered to yu___@chalmers.se

Gurobi 12.0.0 (mac64[arm], gurobi_cl) logging started Wed Apr 23 11:42:53 2025

Set parameter WLSAccessID
Set parameter WLSSecret
Set parameter LicenseID to value 2596424
Set parameter LogFile to value "gurobi.log"
Using license file /Users/yunglong/Downloads/gurobi.lic
Academic license 2596424 - for non-commercial use only - registered to yu___@chalmers.se

Gurobi 12.0.0 (mac64[arm], gurobi_cl) logging started Wed Apr 23 11:49:02 2025

Set parameter WLSAccessID
Set parameter WLSSecret
Set parameter LicenseID to value 2596424
Set parameter LogFile to value "gurobi.log"
Using license file /Users/yunglong/Downloads/gurobi.lic
Academic license 2596424 - for non-commercial use only - registered to yu___@chalmers.se

Gurobi 12.0.0 (mac64[arm], gurobi_cl) logging started Wed Apr 23 11:49:18 2025

Set parameter WLSAccessID
Set parameter WLSSecret
Set parameter LicenseID to value 2596424
Set parameter LogFile to value "gurobi.log"
Using license file /Users/yunglong/Downloads/gurobi.lic
Academic license 2596424 - for non-commercial use only - registered to yu___@chalmers.se

Gurobi 12.0.0 (mac64[arm], gurobi_cl) logging started Wed Apr 23 17:27:09 2025

Set parameter WLSAccessID
Set parameter WLSSecret
Set parameter LicenseID to value 2596424
Set parameter LogFile to value "gurobi.log"
Using license file /Users/yunglong/Downloads/gurobi.lic
Academic license 2596424 - for non-commercial use only - registered to yu___@chalmers.se

Gurobi 12.0.0 (mac64[arm], gurobi_cl) logging started Wed Apr 23 17:30:04 2025

Set parameter WLSAccessID
Set parameter WLSSecret
Set parameter LicenseID to value 2596424
Set parameter LogFile to value "gurobi.log"
Using license file /Users/yunglong/Downloads/gurobi.lic
Academic license 2596424 - for non-commercial use only - registered to yu___@chalmers.se

Gurobi 12.0.0 (mac64[arm], gurobi_cl) logging started Wed Apr 23 17:30:11 2025

Set parameter WLSAccessID
Set parameter WLSSecret
Set parameter LicenseID to value 2596424
Set parameter LogFile to value "gurobi.log"
Using license file /Users/yunglong/Downloads/gurobi.lic
Academic license 2596424 - for non-commercial use only - registered to yu___@chalmers.se

Gurobi 12.0.0 (mac64[arm], gurobi_cl) logging started Wed Apr 23 17:31:32 2025

Set parameter WLSAccessID
Set parameter WLSSecret
Set parameter LicenseID to value 2596424
Set parameter LogFile to value "gurobi.log"
Using license file /Users/yunglong/Downloads/gurobi.lic
Academic license 2596424 - for non-commercial use only - registered to yu___@chalmers.se

Gurobi 12.0.0 (mac64[arm], gurobi_cl) logging started Wed Apr 23 17:31:58 2025

Set parameter WLSAccessID
Set parameter WLSSecret
Set parameter LicenseID to value 2596424
Set parameter LogFile to value "gurobi.log"
Using license file /Users/yunglong/Downloads/gurobi.lic
Academic license 2596424 - for non-commercial use only - registered to yu___@chalmers.se

Gurobi 12.0.0 (mac64[arm], gurobi_cl) logging started Wed Apr 23 17:32:00 2025

Set parameter WLSAccessID
Set parameter WLSSecret
Set parameter LicenseID to value 2596424
Set parameter LogFile to value "gurobi.log"
Using license file /Users/yunglong/Downloads/gurobi.lic
Academic license 2596424 - for non-commercial use only - registered to yu___@chalmers.se

Gurobi 12.0.0 (mac64[arm], gurobi_cl) logging started Wed Apr 23 17:34:07 2025

Set parameter WLSAccessID
Set parameter WLSSecret
Set parameter LicenseID to value 2596424
Set parameter LogFile to value "gurobi.log"
Using license file /Users/yunglong/Downloads/gurobi.lic
Academic license 2596424 - for non-commercial use only - registered to yu___@chalmers.se

Gurobi 12.0.0 (mac64[arm], gurobi_cl) logging started Wed Apr 23 17:34:09 2025

Set parameter WLSAccessID
Set parameter WLSSecret
Set parameter LicenseID to value 2596424
Set parameter LogFile to value "gurobi.log"
Using license file /Users/yunglong/Downloads/gurobi.lic
Academic license 2596424 - for non-commercial use only - registered to yu___@chalmers.se

Gurobi 12.0.0 (mac64[arm], gurobi_cl) logging started Wed Apr 23 17:36:57 2025

Set parameter WLSAccessID
Set parameter WLSSecret
Set parameter LicenseID to value 2596424
Set parameter LogFile to value "gurobi.log"
Using license file /Users/yunglong/Downloads/gurobi.lic
Academic license 2596424 - for non-commercial use only - registered to yu___@chalmers.se

Gurobi 12.0.0 (mac64[arm], gurobi_cl) logging started Wed Apr 23 17:49:17 2025

Set parameter WLSAccessID
Set parameter WLSSecret
Set parameter LicenseID to value 2596424
Set parameter LogFile to value "gurobi.log"
Using license file /Users/yunglong/Downloads/gurobi.lic
Academic license 2596424 - for non-commercial use only - registered to yu___@chalmers.se

Gurobi 12.0.0 (mac64[arm], gurobi_cl) logging started Wed Apr 23 17:57:22 2025

Set parameter WLSAccessID
Set parameter WLSSecret
Set parameter LicenseID to value 2596424
Set parameter LogFile to value "gurobi.log"
Using license file /Users/yunglong/Downloads/gurobi.lic
Academic license 2596424 - for non-commercial use only - registered to yu___@chalmers.se

Gurobi 12.0.0 (mac64[arm], gurobi_cl) logging started Wed Apr 23 17:57:28 2025

Set parameter WLSAccessID
Set parameter WLSSecret
Set parameter LicenseID to value 2596424
Set parameter LogFile to value "gurobi.log"
Using license file /Users/yunglong/Downloads/gurobi.lic
Academic license 2596424 - for non-commercial use only - registered to yu___@chalmers.se

Gurobi 12.0.0 (mac64[arm], gurobi_cl) logging started Wed Apr 23 17:58:30 2025

Set parameter WLSAccessID
Set parameter WLSSecret
Set parameter LicenseID to value 2596424
Set parameter LogFile to value "gurobi.log"
Using license file /Users/yunglong/Downloads/gurobi.lic
Academic license 2596424 - for non-commercial use only - registered to yu___@chalmers.se

Gurobi 12.0.0 (mac64[arm], gurobi_cl) logging started Wed Apr 23 17:58:36 2025

Set parameter WLSAccessID
Set parameter WLSSecret
Set parameter LicenseID to value 2596424
Set parameter LogFile to value "gurobi.log"
Using license file /Users/yunglong/Downloads/gurobi.lic
Academic license 2596424 - for non-commercial use only - registered to yu___@chalmers.se

Gurobi 12.0.0 (mac64[arm], gurobi_cl) logging started Thu Apr 24 09:27:14 2025

Set parameter WLSAccessID
Set parameter WLSSecret
Set parameter LicenseID to value 2596424
Set parameter LogFile to value "gurobi.log"
Using license file /Users/yunglong/Downloads/gurobi.lic
Academic license 2596424 - for non-commercial use only - registered to yu___@chalmers.se

Gurobi 12.0.0 (mac64[arm], gurobi_cl) logging started Thu Apr 24 09:27:36 2025

Set parameter WLSAccessID
Set parameter WLSSecret
Set parameter LicenseID to value 2596424
Set parameter LogFile to value "gurobi.log"
Using license file /Users/yunglong/Downloads/gurobi.lic
Academic license 2596424 - for non-commercial use only - registered to yu___@chalmers.se

Gurobi 12.0.0 (mac64[arm], gurobi_cl) logging started Thu Apr 24 09:41:27 2025

Set parameter WLSAccessID
Set parameter WLSSecret
Set parameter LicenseID to value 2596424
Set parameter LogFile to value "gurobi.log"
Using license file /Users/yunglong/Downloads/gurobi.lic
Academic license 2596424 - for non-commercial use only - registered to yu___@chalmers.se

Gurobi 12.0.0 (mac64[arm], gurobi_cl) logging started Thu Apr 24 09:56:06 2025

Set parameter WLSAccessID
Set parameter WLSSecret
Set parameter LicenseID to value 2596424
Set parameter LogFile to value "gurobi.log"
Using license file /Users/yunglong/Downloads/gurobi.lic
Academic license 2596424 - for non-commercial use only - registered to yu___@chalmers.se

Gurobi 12.0.0 (mac64[arm], gurobi_cl) logging started Thu Apr 24 10:07:23 2025

Set parameter WLSAccessID
Set parameter WLSSecret
Set parameter LicenseID to value 2596424
Set parameter LogFile to value "gurobi.log"
Using license file /Users/yunglong/Downloads/gurobi.lic
Academic license 2596424 - for non-commercial use only - registered to yu___@chalmers.se

Gurobi 12.0.0 (mac64[arm], gurobi_cl) logging started Thu Apr 24 10:07:31 2025

Set parameter WLSAccessID
Set parameter WLSSecret
Set parameter LicenseID to value 2596424
Set parameter LogFile to value "gurobi.log"
Using license file /Users/yunglong/Downloads/gurobi.lic
Academic license 2596424 - for non-commercial use only - registered to yu___@chalmers.se

Gurobi 12.0.0 (mac64[arm], gurobi_cl) logging started Thu Apr 24 11:01:44 2025

Set parameter WLSAccessID
Set parameter WLSSecret
Set parameter LicenseID to value 2596424
Set parameter LogFile to value "gurobi.log"
Using license file /Users/yunglong/Downloads/gurobi.lic
Academic license 2596424 - for non-commercial use only - registered to yu___@chalmers.se

Gurobi 12.0.0 (mac64[arm], gurobi_cl) logging started Thu Apr 24 11:02:40 2025

Set parameter WLSAccessID
Set parameter WLSSecret
Set parameter LicenseID to value 2596424
Set parameter LogFile to value "gurobi.log"
Using license file /Users/yunglong/Downloads/gurobi.lic
Academic license 2596424 - for non-commercial use only - registered to yu___@chalmers.se

Gurobi 12.0.0 (mac64[arm], gurobi_cl) logging started Thu Apr 24 11:05:58 2025

Set parameter WLSAccessID
Set parameter WLSSecret
Set parameter LicenseID to value 2596424
Set parameter LogFile to value "gurobi.log"
Using license file /Users/yunglong/Downloads/gurobi.lic
Academic license 2596424 - for non-commercial use only - registered to yu___@chalmers.se

Gurobi 12.0.0 (mac64[arm], gurobi_cl) logging started Thu Apr 24 11:06:08 2025

Set parameter WLSAccessID
Set parameter WLSSecret
Set parameter LicenseID to value 2596424
Set parameter LogFile to value "gurobi.log"
Using license file /Users/yunglong/Downloads/gurobi.lic
Academic license 2596424 - for non-commercial use only - registered to yu___@chalmers.se

Gurobi 12.0.0 (mac64[arm], gurobi_cl) logging started Thu Apr 24 11:13:19 2025

Set parameter WLSAccessID
Set parameter WLSSecret
Set parameter LicenseID to value 2596424
Set parameter LogFile to value "gurobi.log"
Using license file /Users/yunglong/Downloads/gurobi.lic
Academic license 2596424 - for non-commercial use only - registered to yu___@chalmers.se

Gurobi 12.0.0 (mac64[arm], gurobi_cl) logging started Thu Apr 24 11:13:37 2025

Set parameter WLSAccessID
Set parameter WLSSecret
Set parameter LicenseID to value 2596424
Set parameter LogFile to value "gurobi.log"
Using license file /Users/yunglong/Downloads/gurobi.lic
Academic license 2596424 - for non-commercial use only - registered to yu___@chalmers.se

Gurobi 12.0.0 (mac64[arm], gurobi_cl) logging started Thu Apr 24 11:36:33 2025

Set parameter WLSAccessID
Set parameter WLSSecret
Set parameter LicenseID to value 2596424
Set parameter LogFile to value "gurobi.log"
Using license file /Users/yunglong/Downloads/gurobi.lic
Academic license 2596424 - for non-commercial use only - registered to yu___@chalmers.se

Gurobi 12.0.0 (mac64[arm], gurobi_cl) logging started Thu Apr 24 11:37:18 2025

Set parameter WLSAccessID
Set parameter WLSSecret
Set parameter LicenseID to value 2596424
Set parameter LogFile to value "gurobi.log"
Using license file /Users/yunglong/Downloads/gurobi.lic
Academic license 2596424 - for non-commercial use only - registered to yu___@chalmers.se

Gurobi 12.0.0 (mac64[arm], gurobi_cl) logging started Thu Apr 24 11:37:20 2025

Set parameter WLSAccessID
Set parameter WLSSecret
Set parameter LicenseID to value 2596424
Set parameter LogFile to value "gurobi.log"
Using license file /Users/yunglong/Downloads/gurobi.lic
Academic license 2596424 - for non-commercial use only - registered to yu___@chalmers.se

Gurobi 12.0.0 (mac64[arm], gurobi_cl) logging started Thu Apr 24 11:44:04 2025

Set parameter WLSAccessID
Set parameter WLSSecret
Set parameter LicenseID to value 2596424
Set parameter LogFile to value "gurobi.log"
Using license file /Users/yunglong/Downloads/gurobi.lic
Academic license 2596424 - for non-commercial use only - registered to yu___@chalmers.se

Gurobi 12.0.0 (mac64[arm], gurobi_cl) logging started Thu Apr 24 11:53:54 2025

Set parameter WLSAccessID
Set parameter WLSSecret
Set parameter LicenseID to value 2596424
Set parameter LogFile to value "gurobi.log"
Using license file /Users/yunglong/Downloads/gurobi.lic
Academic license 2596424 - for non-commercial use only - registered to yu___@chalmers.se

Gurobi 12.0.0 (mac64[arm], gurobi_cl) logging started Thu Apr 24 12:34:44 2025

Set parameter WLSAccessID
Set parameter WLSSecret
Set parameter LicenseID to value 2596424
Set parameter LogFile to value "gurobi.log"
Using license file /Users/yunglong/Downloads/gurobi.lic
Academic license 2596424 - for non-commercial use only - registered to yu___@chalmers.se

Gurobi 12.0.0 (mac64[arm], gurobi_cl) logging started Thu Apr 24 12:36:02 2025

Set parameter WLSAccessID
Set parameter WLSSecret
Set parameter LicenseID to value 2596424
Set parameter LogFile to value "gurobi.log"
Using license file /Users/yunglong/Downloads/gurobi.lic
Academic license 2596424 - for non-commercial use only - registered to yu___@chalmers.se

Gurobi 12.0.0 (mac64[arm], gurobi_cl) logging started Thu Apr 24 12:36:29 2025

Set parameter WLSAccessID
Set parameter WLSSecret
Set parameter LicenseID to value 2596424
Set parameter LogFile to value "gurobi.log"
Using license file /Users/yunglong/Downloads/gurobi.lic
Academic license 2596424 - for non-commercial use only - registered to yu___@chalmers.se

Gurobi 12.0.0 (mac64[arm], gurobi_cl) logging started Thu Apr 24 12:36:37 2025


Gurobi 12.0.0 (mac64[arm], gurobi_cl) logging started Thu Apr 24 12:36:37 2025

Set parameter WLSAccessID
Set parameter WLSAccessID
Set parameter WLSSecret
Set parameter WLSSecret
Set parameter LicenseID to value 2596424
Set parameter LicenseID to value 2596424

Gurobi 12.0.0 (mac64[arm], gurobi_cl) logging started Thu Apr 24 12:36:37 2025

Set parameter LogFile to value "gurobi.log"
Set parameter LogFile to value "gurobi.log"
Using license file /Users/yunglong/Downloads/gurobi.lic
Using license file /Users/yunglong/Downloads/gurobi.lic
Set parameter WLSAccessID
Set parameter WLSSecret
Set parameter LicenseID to value 2596424
Set parameter LogFile to value "gurobi.log"
Using license file /Users/yunglong/Downloads/gurobi.lic
Academic license 2596424 - for non-commercial use only - registered to yu___@chalmers.se
Academic license 2596424 - for non-commercial use only - registered to yu___@chalmers.se
Academic license 2596424 - for non-commercial use only - registered to yu___@chalmers.se

Gurobi 12.0.0 (mac64[arm], gurobi_cl) logging started Thu Apr 24 12:36:37 2025

Set parameter WLSAccessID
Set parameter WLSSecret
Set parameter LicenseID to value 2596424
Set parameter LogFile to value "gurobi.log"
Using license file /Users/yunglong/Downloads/gurobi.lic
Academic license 2596424 - for non-commercial use only - registered to yu___@chalmers.se

Gurobi 12.0.0 (mac64[arm], gurobi_cl) logging started Thu Apr 24 12:36:42 2025

Set parameter WLSAccessID
Set parameter WLSSecret
Set parameter LicenseID to value 2596424
Set parameter LogFile to value "gurobi.log"
Using license file /Users/yunglong/Downloads/gurobi.lic
Academic license 2596424 - for non-commercial use only - registered to yu___@chalmers.se

Gurobi 12.0.0 (mac64[arm], gurobi_cl) logging started Thu Apr 24 12:36:42 2025

Set parameter WLSAccessID
Set parameter WLSSecret
Set parameter LicenseID to value 2596424
Set parameter LogFile to value "gurobi.log"
Using license file /Users/yunglong/Downloads/gurobi.lic
Academic license 2596424 - for non-commercial use only - registered to yu___@chalmers.se

Gurobi 12.0.0 (mac64[arm], gurobi_cl) logging started Thu Apr 24 12:36:48 2025

Set parameter WLSAccessID
Set parameter WLSSecret
Set parameter LicenseID to value 2596424
Set parameter LogFile to value "gurobi.log"
Using license file /Users/yunglong/Downloads/gurobi.lic
Academic license 2596424 - for non-commercial use only - registered to yu___@chalmers.se

Gurobi 12.0.0 (mac64[arm], gurobi_cl) logging started Thu Apr 24 12:36:56 2025

Set parameter WLSAccessID
Set parameter WLSSecret
Set parameter LicenseID to value 2596424
Set parameter LogFile to value "gurobi.log"
Using license file /Users/yunglong/Downloads/gurobi.lic
Academic license 2596424 - for non-commercial use only - registered to yu___@chalmers.se

Gurobi 12.0.0 (mac64[arm], gurobi_cl) logging started Thu Apr 24 13:25:56 2025

Set parameter WLSAccessID
Set parameter WLSSecret
Set parameter LicenseID to value 2596424
Set parameter LogFile to value "gurobi.log"
Using license file /Users/yunglong/Downloads/gurobi.lic
Academic license 2596424 - for non-commercial use only - registered to yu___@chalmers.se

Gurobi 12.0.0 (mac64[arm], gurobi_cl) logging started Thu Apr 24 13:32:07 2025

Set parameter WLSAccessID
Set parameter WLSSecret
Set parameter LicenseID to value 2596424
Set parameter LogFile to value "gurobi.log"
Using license file /Users/yunglong/Downloads/gurobi.lic
Academic license 2596424 - for non-commercial use only - registered to yu___@chalmers.se

Gurobi 12.0.0 (mac64[arm], gurobi_cl) logging started Thu Apr 24 13:33:17 2025

Set parameter WLSAccessID
Set parameter WLSSecret
Set parameter LicenseID to value 2596424
Set parameter LogFile to value "gurobi.log"
Using license file /Users/yunglong/Downloads/gurobi.lic
Academic license 2596424 - for non-commercial use only - registered to yu___@chalmers.se

Gurobi 12.0.0 (mac64[arm], gurobi_cl) logging started Thu Apr 24 13:47:10 2025

Set parameter WLSAccessID
Set parameter WLSSecret
Set parameter LicenseID to value 2596424
Set parameter LogFile to value "gurobi.log"
Using license file /Users/yunglong/Downloads/gurobi.lic
Academic license 2596424 - for non-commercial use only - registered to yu___@chalmers.se

Gurobi 12.0.0 (mac64[arm], gurobi_cl) logging started Thu Apr 24 13:59:59 2025

Set parameter WLSAccessID
Set parameter WLSSecret
Set parameter LicenseID to value 2596424
Set parameter LogFile to value "gurobi.log"
Using license file /Users/yunglong/Downloads/gurobi.lic
Academic license 2596424 - for non-commercial use only - registered to yu___@chalmers.se

Gurobi 12.0.0 (mac64[arm], gurobi_cl) logging started Thu Apr 24 14:11:02 2025

Set parameter WLSAccessID
Set parameter WLSSecret
Set parameter LicenseID to value 2596424
Set parameter LogFile to value "gurobi.log"
Using license file /Users/yunglong/Downloads/gurobi.lic
Academic license 2596424 - for non-commercial use only - registered to yu___@chalmers.se

Gurobi 12.0.0 (mac64[arm], gurobi_cl) logging started Thu Apr 24 14:11:54 2025

Set parameter WLSAccessID
Set parameter WLSSecret
Set parameter LicenseID to value 2596424
Set parameter LogFile to value "gurobi.log"
Using license file /Users/yunglong/Downloads/gurobi.lic
Academic license 2596424 - for non-commercial use only - registered to yu___@chalmers.se

Gurobi 12.0.0 (mac64[arm], gurobi_cl) logging started Thu Apr 24 14:12:02 2025

Set parameter WLSAccessID
Set parameter WLSSecret
Set parameter LicenseID to value 2596424
Set parameter LogFile to value "gurobi.log"
Using license file /Users/yunglong/Downloads/gurobi.lic
Academic license 2596424 - for non-commercial use only - registered to yu___@chalmers.se

Gurobi 12.0.0 (mac64[arm], gurobi_cl) logging started Thu Apr 24 14:27:02 2025

Set parameter WLSAccessID
Set parameter WLSSecret
Set parameter LicenseID to value 2596424
Set parameter LogFile to value "gurobi.log"
Using license file /Users/yunglong/Downloads/gurobi.lic
Academic license 2596424 - for non-commercial use only - registered to yu___@chalmers.se

Gurobi 12.0.0 (mac64[arm], gurobi_cl) logging started Thu Apr 24 14:27:27 2025

Set parameter WLSAccessID
Set parameter WLSSecret
Set parameter LicenseID to value 2596424
Set parameter LogFile to value "gurobi.log"
Using license file /Users/yunglong/Downloads/gurobi.lic
Academic license 2596424 - for non-commercial use only - registered to yu___@chalmers.se

Gurobi 12.0.0 (mac64[arm], gurobi_cl) logging started Thu Apr 24 14:32:55 2025

Set parameter WLSAccessID
Set parameter WLSSecret
Set parameter LicenseID to value 2596424
Set parameter LogFile to value "gurobi.log"
Using license file /Users/yunglong/Downloads/gurobi.lic
Academic license 2596424 - for non-commercial use only - registered to yu___@chalmers.se

Gurobi 12.0.0 (mac64[arm], gurobi_cl) logging started Thu Apr 24 17:32:15 2025

Set parameter WLSAccessID
Set parameter WLSSecret
Set parameter LicenseID to value 2596424
Set parameter LogFile to value "gurobi.log"
Using license file /Users/yunglong/Downloads/gurobi.lic
Academic license 2596424 - for non-commercial use only - registered to yu___@chalmers.se

Gurobi 12.0.0 (mac64[arm], gurobi_cl) logging started Thu Apr 24 17:33:08 2025

Set parameter WLSAccessID
Set parameter WLSSecret
Set parameter LicenseID to value 2596424
Set parameter LogFile to value "gurobi.log"
Using license file /Users/yunglong/Downloads/gurobi.lic
Academic license 2596424 - for non-commercial use only - registered to yu___@chalmers.se

Gurobi 12.0.0 (mac64[arm], gurobi_cl) logging started Thu Apr 24 17:33:16 2025

Set parameter WLSAccessID
Set parameter WLSSecret
Set parameter LicenseID to value 2596424
Set parameter LogFile to value "gurobi.log"
Using license file /Users/yunglong/Downloads/gurobi.lic
Academic license 2596424 - for non-commercial use only - registered to yu___@chalmers.se

Gurobi 12.0.0 (mac64[arm], gurobi_cl) logging started Thu Apr 24 17:39:09 2025

Set parameter WLSAccessID
Set parameter WLSSecret
Set parameter LicenseID to value 2596424
Set parameter LogFile to value "gurobi.log"
Using license file /Users/yunglong/Downloads/gurobi.lic
Academic license 2596424 - for non-commercial use only - registered to yu___@chalmers.se

Gurobi 12.0.0 (mac64[arm], gurobi_cl) logging started Thu Apr 24 17:51:44 2025

Set parameter WLSAccessID
Set parameter WLSSecret
Set parameter LicenseID to value 2596424
Set parameter LogFile to value "gurobi.log"
Using license file /Users/yunglong/Downloads/gurobi.lic
Academic license 2596424 - for non-commercial use only - registered to yu___@chalmers.se

Gurobi 12.0.0 (mac64[arm], gurobi_cl) logging started Thu Apr 24 17:51:53 2025

Set parameter WLSAccessID
Set parameter WLSSecret
Set parameter LicenseID to value 2596424
Set parameter LogFile to value "gurobi.log"
Using license file /Users/yunglong/Downloads/gurobi.lic
Academic license 2596424 - for non-commercial use only - registered to yu___@chalmers.se

Gurobi 12.0.0 (mac64[arm], gurobi_cl) logging started Sat Apr 26 13:08:22 2025

Set parameter WLSAccessID
Set parameter WLSSecret
Set parameter LicenseID to value 2596424
Set parameter LogFile to value "gurobi.log"
Using license file /Users/yunglong/Downloads/gurobi.lic
Academic license 2596424 - for non-commercial use only - registered to yu___@chalmers.se

Gurobi 12.0.0 (mac64[arm], gurobi_cl) logging started Sat Apr 26 13:08:54 2025

Set parameter WLSAccessID
Set parameter WLSSecret
Set parameter LicenseID to value 2596424
Set parameter LogFile to value "gurobi.log"
Using license file /Users/yunglong/Downloads/gurobi.lic
Academic license 2596424 - for non-commercial use only - registered to yu___@chalmers.se

Gurobi 12.0.0 (mac64[arm], gurobi_cl) logging started Sat Apr 26 13:14:36 2025

Set parameter WLSAccessID
Set parameter WLSSecret
Set parameter LicenseID to value 2596424
Set parameter LogFile to value "gurobi.log"
Using license file /Users/yunglong/Downloads/gurobi.lic
Academic license 2596424 - for non-commercial use only - registered to yu___@chalmers.se

Gurobi 12.0.0 (mac64[arm], gurobi_cl) logging started Sat Apr 26 13:19:55 2025

Set parameter WLSAccessID
Set parameter WLSSecret
Set parameter LicenseID to value 2596424
Set parameter LogFile to value "gurobi.log"
Using license file /Users/yunglong/Downloads/gurobi.lic
Academic license 2596424 - for non-commercial use only - registered to yu___@chalmers.se

Gurobi 12.0.0 (mac64[arm], gurobi_cl) logging started Sat Apr 26 13:25:12 2025

Set parameter WLSAccessID
Set parameter WLSSecret
Set parameter LicenseID to value 2596424
Set parameter LogFile to value "gurobi.log"
Using license file /Users/yunglong/Downloads/gurobi.lic
Academic license 2596424 - for non-commercial use only - registered to yu___@chalmers.se

Gurobi 12.0.0 (mac64[arm], gurobi_cl) logging started Sat Apr 26 13:31:03 2025

Set parameter WLSAccessID
Set parameter WLSSecret
Set parameter LicenseID to value 2596424
Set parameter LogFile to value "gurobi.log"
Using license file /Users/yunglong/Downloads/gurobi.lic
Academic license 2596424 - for non-commercial use only - registered to yu___@chalmers.se

Gurobi 12.0.0 (mac64[arm], gurobi_cl) logging started Sat Apr 26 13:36:55 2025

Set parameter WLSAccessID
Set parameter WLSSecret
Set parameter LicenseID to value 2596424
Set parameter LogFile to value "gurobi.log"
Using license file /Users/yunglong/Downloads/gurobi.lic
Academic license 2596424 - for non-commercial use only - registered to yu___@chalmers.se

Gurobi 12.0.0 (mac64[arm], gurobi_cl) logging started Sat Apr 26 13:42:35 2025

Set parameter WLSAccessID
Set parameter WLSSecret
Set parameter LicenseID to value 2596424
Set parameter LogFile to value "gurobi.log"
Using license file /Users/yunglong/Downloads/gurobi.lic
Academic license 2596424 - for non-commercial use only - registered to yu___@chalmers.se

Gurobi 12.0.0 (mac64[arm], gurobi_cl) logging started Sat Apr 26 13:48:36 2025

Set parameter WLSAccessID
Set parameter WLSSecret
Set parameter LicenseID to value 2596424
Set parameter LogFile to value "gurobi.log"
Using license file /Users/yunglong/Downloads/gurobi.lic
Academic license 2596424 - for non-commercial use only - registered to yu___@chalmers.se

Gurobi 12.0.0 (mac64[arm], gurobi_cl) logging started Sat Apr 26 14:07:27 2025

Set parameter WLSAccessID
Set parameter WLSSecret
Set parameter LicenseID to value 2596424
Set parameter LogFile to value "gurobi.log"
Using license file /Users/yunglong/Downloads/gurobi.lic
Academic license 2596424 - for non-commercial use only - registered to yu___@chalmers.se

Gurobi 12.0.0 (mac64[arm], gurobi_cl) logging started Sat Apr 26 14:07:49 2025

Set parameter WLSAccessID
Set parameter WLSSecret
Set parameter LicenseID to value 2596424
Set parameter LogFile to value "gurobi.log"
Using license file /Users/yunglong/Downloads/gurobi.lic
Academic license 2596424 - for non-commercial use only - registered to yu___@chalmers.se

Gurobi 12.0.0 (mac64[arm], gurobi_cl) logging started Sat Apr 26 14:11:53 2025

Set parameter WLSAccessID
Set parameter WLSSecret
Set parameter LicenseID to value 2596424
Set parameter LogFile to value "gurobi.log"
Using license file /Users/yunglong/Downloads/gurobi.lic
Academic license 2596424 - for non-commercial use only - registered to yu___@chalmers.se

Gurobi 12.0.0 (mac64[arm], gurobi_cl) logging started Sat Apr 26 14:16:39 2025

Set parameter WLSAccessID
Set parameter WLSSecret
Set parameter LicenseID to value 2596424
Set parameter LogFile to value "gurobi.log"
Using license file /Users/yunglong/Downloads/gurobi.lic
Academic license 2596424 - for non-commercial use only - registered to yu___@chalmers.se

Gurobi 12.0.0 (mac64[arm], gurobi_cl) logging started Sat Apr 26 14:21:03 2025

Set parameter WLSAccessID
Set parameter WLSSecret
Set parameter LicenseID to value 2596424
Set parameter LogFile to value "gurobi.log"
Using license file /Users/yunglong/Downloads/gurobi.lic
Academic license 2596424 - for non-commercial use only - registered to yu___@chalmers.se

Gurobi 12.0.0 (mac64[arm], gurobi_cl) logging started Sat Apr 26 14:25:15 2025

Set parameter WLSAccessID
Set parameter WLSSecret
Set parameter LicenseID to value 2596424
Set parameter LogFile to value "gurobi.log"
Using license file /Users/yunglong/Downloads/gurobi.lic
Academic license 2596424 - for non-commercial use only - registered to yu___@chalmers.se

Gurobi 12.0.0 (mac64[arm], gurobi_cl) logging started Sat Apr 26 14:29:34 2025

Set parameter WLSAccessID
Set parameter WLSSecret
Set parameter LicenseID to value 2596424
Set parameter LogFile to value "gurobi.log"
Using license file /Users/yunglong/Downloads/gurobi.lic
Academic license 2596424 - for non-commercial use only - registered to yu___@chalmers.se

Gurobi 12.0.0 (mac64[arm], gurobi_cl) logging started Sat Apr 26 14:34:11 2025

Set parameter WLSAccessID
Set parameter WLSSecret
Set parameter LicenseID to value 2596424
Set parameter LogFile to value "gurobi.log"
Using license file /Users/yunglong/Downloads/gurobi.lic
Academic license 2596424 - for non-commercial use only - registered to yu___@chalmers.se

Gurobi 12.0.0 (mac64[arm], gurobi_cl) logging started Sat Apr 26 14:38:42 2025

Set parameter WLSAccessID
Set parameter WLSSecret
Set parameter LicenseID to value 2596424
Set parameter LogFile to value "gurobi.log"
Using license file /Users/yunglong/Downloads/gurobi.lic
Academic license 2596424 - for non-commercial use only - registered to yu___@chalmers.se

Gurobi 12.0.0 (mac64[arm], gurobi_cl) logging started Sat Apr 26 16:59:26 2025

Set parameter WLSAccessID
Set parameter WLSSecret
Set parameter LicenseID to value 2596424
Set parameter LogFile to value "gurobi.log"
Using license file /Users/yunglong/Downloads/gurobi.lic
Academic license 2596424 - for non-commercial use only - registered to yu___@chalmers.se

Gurobi 12.0.0 (mac64[arm], gurobi_cl) logging started Sat Apr 26 16:59:55 2025

Set parameter WLSAccessID
Set parameter WLSSecret
Set parameter LicenseID to value 2596424
Set parameter LogFile to value "gurobi.log"
Using license file /Users/yunglong/Downloads/gurobi.lic
Academic license 2596424 - for non-commercial use only - registered to yu___@chalmers.se

Gurobi 12.0.0 (mac64[arm], gurobi_cl) logging started Sat Apr 26 17:05:15 2025

Set parameter WLSAccessID
Set parameter WLSSecret
Set parameter LicenseID to value 2596424
Set parameter LogFile to value "gurobi.log"
Using license file /Users/yunglong/Downloads/gurobi.lic
Academic license 2596424 - for non-commercial use only - registered to yu___@chalmers.se

Gurobi 12.0.0 (mac64[arm], gurobi_cl) logging started Sat Apr 26 17:10:28 2025

Set parameter WLSAccessID
Set parameter WLSSecret
Set parameter LicenseID to value 2596424
Set parameter LogFile to value "gurobi.log"
Using license file /Users/yunglong/Downloads/gurobi.lic
Academic license 2596424 - for non-commercial use only - registered to yu___@chalmers.se

Gurobi 12.0.0 (mac64[arm], gurobi_cl) logging started Sat Apr 26 17:15:34 2025

Set parameter WLSAccessID
Set parameter WLSSecret
Set parameter LicenseID to value 2596424
Set parameter LogFile to value "gurobi.log"
Using license file /Users/yunglong/Downloads/gurobi.lic
Academic license 2596424 - for non-commercial use only - registered to yu___@chalmers.se

Gurobi 12.0.0 (mac64[arm], gurobi_cl) logging started Sat Apr 26 17:20:54 2025

Set parameter WLSAccessID
Set parameter WLSSecret
Set parameter LicenseID to value 2596424
Set parameter LogFile to value "gurobi.log"
Using license file /Users/yunglong/Downloads/gurobi.lic
Academic license 2596424 - for non-commercial use only - registered to yu___@chalmers.se

Gurobi 12.0.0 (mac64[arm], gurobi_cl) logging started Sat Apr 26 17:26:28 2025

Set parameter WLSAccessID
Set parameter WLSSecret
Set parameter LicenseID to value 2596424
Set parameter LogFile to value "gurobi.log"
Using license file /Users/yunglong/Downloads/gurobi.lic
Academic license 2596424 - for non-commercial use only - registered to yu___@chalmers.se

Gurobi 12.0.0 (mac64[arm], gurobi_cl) logging started Sat Apr 26 17:32:06 2025

Set parameter WLSAccessID
Set parameter WLSSecret
Set parameter LicenseID to value 2596424
Set parameter LogFile to value "gurobi.log"
Using license file /Users/yunglong/Downloads/gurobi.lic
Academic license 2596424 - for non-commercial use only - registered to yu___@chalmers.se

Gurobi 12.0.0 (mac64[arm], gurobi_cl) logging started Sat Apr 26 17:37:41 2025

Set parameter WLSAccessID
Set parameter WLSSecret
Set parameter LicenseID to value 2596424
Set parameter LogFile to value "gurobi.log"
Using license file /Users/yunglong/Downloads/gurobi.lic
Academic license 2596424 - for non-commercial use only - registered to yu___@chalmers.se

Gurobi 12.0.0 (mac64[arm], gurobi_cl) logging started Sat Apr 26 18:36:37 2025

Set parameter WLSAccessID
Set parameter WLSSecret
Set parameter LicenseID to value 2596424
Set parameter LogFile to value "gurobi.log"
Using license file /Users/yunglong/Downloads/gurobi.lic
Academic license 2596424 - for non-commercial use only - registered to yu___@chalmers.se

Gurobi 12.0.0 (mac64[arm], gurobi_cl) logging started Sat Apr 26 18:37:02 2025

Set parameter WLSAccessID
Set parameter WLSSecret
Set parameter LicenseID to value 2596424
Set parameter LogFile to value "gurobi.log"
Using license file /Users/yunglong/Downloads/gurobi.lic
Academic license 2596424 - for non-commercial use only - registered to yu___@chalmers.se

Gurobi 12.0.0 (mac64[arm], gurobi_cl) logging started Sat Apr 26 18:40:54 2025

Set parameter WLSAccessID
Set parameter WLSSecret
Set parameter LicenseID to value 2596424
Set parameter LogFile to value "gurobi.log"
Using license file /Users/yunglong/Downloads/gurobi.lic
Academic license 2596424 - for non-commercial use only - registered to yu___@chalmers.se

Gurobi 12.0.0 (mac64[arm], gurobi_cl) logging started Sat Apr 26 18:45:28 2025

Set parameter WLSAccessID
Set parameter WLSSecret
Set parameter LicenseID to value 2596424
Set parameter LogFile to value "gurobi.log"
Using license file /Users/yunglong/Downloads/gurobi.lic
Academic license 2596424 - for non-commercial use only - registered to yu___@chalmers.se

Gurobi 12.0.0 (mac64[arm], gurobi_cl) logging started Sat Apr 26 18:49:42 2025

Set parameter WLSAccessID
Set parameter WLSSecret
Set parameter LicenseID to value 2596424
Set parameter LogFile to value "gurobi.log"
Using license file /Users/yunglong/Downloads/gurobi.lic
Academic license 2596424 - for non-commercial use only - registered to yu___@chalmers.se

Gurobi 12.0.0 (mac64[arm], gurobi_cl) logging started Sat Apr 26 18:53:40 2025

Set parameter WLSAccessID
Set parameter WLSSecret
Set parameter LicenseID to value 2596424
Set parameter LogFile to value "gurobi.log"
Using license file /Users/yunglong/Downloads/gurobi.lic
Academic license 2596424 - for non-commercial use only - registered to yu___@chalmers.se

Gurobi 12.0.0 (mac64[arm], gurobi_cl) logging started Sat Apr 26 18:58:25 2025

Set parameter WLSAccessID
Set parameter WLSSecret
Set parameter LicenseID to value 2596424
Set parameter LogFile to value "gurobi.log"
Using license file /Users/yunglong/Downloads/gurobi.lic
Academic license 2596424 - for non-commercial use only - registered to yu___@chalmers.se

Gurobi 12.0.0 (mac64[arm], gurobi_cl) logging started Sat Apr 26 19:02:54 2025

Set parameter WLSAccessID
Set parameter WLSSecret
Set parameter LicenseID to value 2596424
Set parameter LogFile to value "gurobi.log"
Using license file /Users/yunglong/Downloads/gurobi.lic
Academic license 2596424 - for non-commercial use only - registered to yu___@chalmers.se

Gurobi 12.0.0 (mac64[arm], gurobi_cl) logging started Sat Apr 26 19:07:04 2025

Set parameter WLSAccessID
Set parameter WLSSecret
Set parameter LicenseID to value 2596424
Set parameter LogFile to value "gurobi.log"
Using license file /Users/yunglong/Downloads/gurobi.lic
Academic license 2596424 - for non-commercial use only - registered to yu___@chalmers.se

Gurobi 12.0.0 (mac64[arm], gurobi_cl) logging started Sun Apr 27 17:18:56 2025

Set parameter WLSAccessID
Set parameter WLSSecret
Set parameter LicenseID to value 2596424
Set parameter LogFile to value "gurobi.log"
Using license file /Users/yunglong/Downloads/gurobi.lic
Academic license 2596424 - for non-commercial use only - registered to yu___@chalmers.se

Gurobi 12.0.0 (mac64[arm], gurobi_cl) logging started Sun Apr 27 17:19:23 2025

Set parameter WLSAccessID
Set parameter WLSSecret
Set parameter LicenseID to value 2596424
Set parameter LogFile to value "gurobi.log"
Using license file /Users/yunglong/Downloads/gurobi.lic
Academic license 2596424 - for non-commercial use only - registered to yu___@chalmers.se

Gurobi 12.0.0 (mac64[arm], gurobi_cl) logging started Sun Apr 27 17:23:10 2025

Set parameter WLSAccessID
Set parameter WLSSecret
Set parameter LicenseID to value 2596424
Set parameter LogFile to value "gurobi.log"
Using license file /Users/yunglong/Downloads/gurobi.lic
Academic license 2596424 - for non-commercial use only - registered to yu___@chalmers.se

Gurobi 12.0.0 (mac64[arm], gurobi_cl) logging started Sun Apr 27 17:27:39 2025

Set parameter WLSAccessID
Set parameter WLSSecret
Set parameter LicenseID to value 2596424
Set parameter LogFile to value "gurobi.log"
Using license file /Users/yunglong/Downloads/gurobi.lic
Academic license 2596424 - for non-commercial use only - registered to yu___@chalmers.se

Gurobi 12.0.0 (mac64[arm], gurobi_cl) logging started Sun Apr 27 17:31:54 2025

Set parameter WLSAccessID
Set parameter WLSSecret
Set parameter LicenseID to value 2596424
Set parameter LogFile to value "gurobi.log"
Using license file /Users/yunglong/Downloads/gurobi.lic
Academic license 2596424 - for non-commercial use only - registered to yu___@chalmers.se

Gurobi 12.0.0 (mac64[arm], gurobi_cl) logging started Sun Apr 27 17:36:10 2025

Set parameter WLSAccessID
Set parameter WLSSecret
Set parameter LicenseID to value 2596424
Set parameter LogFile to value "gurobi.log"
Using license file /Users/yunglong/Downloads/gurobi.lic
Academic license 2596424 - for non-commercial use only - registered to yu___@chalmers.se

Gurobi 12.0.0 (mac64[arm], gurobi_cl) logging started Sun Apr 27 17:40:14 2025

Set parameter WLSAccessID
Set parameter WLSSecret
Set parameter LicenseID to value 2596424
Set parameter LogFile to value "gurobi.log"
Using license file /Users/yunglong/Downloads/gurobi.lic
Academic license 2596424 - for non-commercial use only - registered to yu___@chalmers.se

Gurobi 12.0.0 (mac64[arm], gurobi_cl) logging started Sun Apr 27 17:44:30 2025

Set parameter WLSAccessID
Set parameter WLSSecret
Set parameter LicenseID to value 2596424
Set parameter LogFile to value "gurobi.log"
Using license file /Users/yunglong/Downloads/gurobi.lic
Academic license 2596424 - for non-commercial use only - registered to yu___@chalmers.se

Gurobi 12.0.0 (mac64[arm], gurobi_cl) logging started Sun Apr 27 17:48:48 2025

Set parameter WLSAccessID
Set parameter WLSSecret
Set parameter LicenseID to value 2596424
Set parameter LogFile to value "gurobi.log"
Using license file /Users/yunglong/Downloads/gurobi.lic
Academic license 2596424 - for non-commercial use only - registered to yu___@chalmers.se

Gurobi 12.0.0 (mac64[arm], gurobi_cl) logging started Sun Apr 27 18:00:37 2025

Set parameter WLSAccessID
Set parameter WLSSecret
Set parameter LicenseID to value 2596424
Set parameter LogFile to value "gurobi.log"
Using license file /Users/yunglong/Downloads/gurobi.lic
Academic license 2596424 - for non-commercial use only - registered to yu___@chalmers.se

Gurobi 12.0.0 (mac64[arm], gurobi_cl) logging started Sun Apr 27 18:00:55 2025

Set parameter WLSAccessID
Set parameter WLSSecret
Set parameter LicenseID to value 2596424
Set parameter LogFile to value "gurobi.log"
Using license file /Users/yunglong/Downloads/gurobi.lic
Academic license 2596424 - for non-commercial use only - registered to yu___@chalmers.se

Gurobi 12.0.0 (mac64[arm], gurobi_cl) logging started Sun Apr 27 18:05:11 2025

Set parameter WLSAccessID
Set parameter WLSSecret
Set parameter LicenseID to value 2596424
Set parameter LogFile to value "gurobi.log"
Using license file /Users/yunglong/Downloads/gurobi.lic
Academic license 2596424 - for non-commercial use only - registered to yu___@chalmers.se

Gurobi 12.0.0 (mac64[arm], gurobi_cl) logging started Sun Apr 27 18:09:51 2025

Set parameter WLSAccessID
Set parameter WLSSecret
Set parameter LicenseID to value 2596424
Set parameter LogFile to value "gurobi.log"
Using license file /Users/yunglong/Downloads/gurobi.lic
Academic license 2596424 - for non-commercial use only - registered to yu___@chalmers.se

Gurobi 12.0.0 (mac64[arm], gurobi_cl) logging started Sun Apr 27 18:14:23 2025

Set parameter WLSAccessID
Set parameter WLSSecret
Set parameter LicenseID to value 2596424
Set parameter LogFile to value "gurobi.log"
Using license file /Users/yunglong/Downloads/gurobi.lic
Academic license 2596424 - for non-commercial use only - registered to yu___@chalmers.se

Gurobi 12.0.0 (mac64[arm], gurobi_cl) logging started Sun Apr 27 18:18:47 2025

Set parameter WLSAccessID
Set parameter WLSSecret
Set parameter LicenseID to value 2596424
Set parameter LogFile to value "gurobi.log"
Using license file /Users/yunglong/Downloads/gurobi.lic
Academic license 2596424 - for non-commercial use only - registered to yu___@chalmers.se

Gurobi 12.0.0 (mac64[arm], gurobi_cl) logging started Sun Apr 27 18:23:52 2025

Set parameter WLSAccessID
Set parameter WLSSecret
Set parameter LicenseID to value 2596424
Set parameter LogFile to value "gurobi.log"
Using license file /Users/yunglong/Downloads/gurobi.lic
Academic license 2596424 - for non-commercial use only - registered to yu___@chalmers.se

Gurobi 12.0.0 (mac64[arm], gurobi_cl) logging started Sun Apr 27 18:28:42 2025

Set parameter WLSAccessID
Set parameter WLSSecret
Set parameter LicenseID to value 2596424
Set parameter LogFile to value "gurobi.log"
Using license file /Users/yunglong/Downloads/gurobi.lic
Academic license 2596424 - for non-commercial use only - registered to yu___@chalmers.se

Gurobi 12.0.0 (mac64[arm], gurobi_cl) logging started Sun Apr 27 18:32:56 2025

Set parameter WLSAccessID
Set parameter WLSSecret
Set parameter LicenseID to value 2596424
Set parameter LogFile to value "gurobi.log"
Using license file /Users/yunglong/Downloads/gurobi.lic
Academic license 2596424 - for non-commercial use only - registered to yu___@chalmers.se

Gurobi 12.0.0 (mac64[arm], gurobi_cl) logging started Sun Apr 27 18:43:27 2025

Set parameter WLSAccessID
Set parameter WLSSecret
Set parameter LicenseID to value 2596424
Set parameter LogFile to value "gurobi.log"
Using license file /Users/yunglong/Downloads/gurobi.lic
Academic license 2596424 - for non-commercial use only - registered to yu___@chalmers.se

Gurobi 12.0.0 (mac64[arm], gurobi_cl) logging started Sun Apr 27 18:43:45 2025

Set parameter WLSAccessID
Set parameter WLSSecret
Set parameter LicenseID to value 2596424
Set parameter LogFile to value "gurobi.log"
Using license file /Users/yunglong/Downloads/gurobi.lic
Academic license 2596424 - for non-commercial use only - registered to yu___@chalmers.se

Gurobi 12.0.0 (mac64[arm], gurobi_cl) logging started Sun Apr 27 18:49:13 2025

Set parameter WLSAccessID
Set parameter WLSSecret
Set parameter LicenseID to value 2596424
Set parameter LogFile to value "gurobi.log"
Using license file /Users/yunglong/Downloads/gurobi.lic
Academic license 2596424 - for non-commercial use only - registered to yu___@chalmers.se

Gurobi 12.0.0 (mac64[arm], gurobi_cl) logging started Sun Apr 27 18:54:35 2025

Set parameter WLSAccessID
Set parameter WLSSecret
Set parameter LicenseID to value 2596424
Set parameter LogFile to value "gurobi.log"
Using license file /Users/yunglong/Downloads/gurobi.lic
Academic license 2596424 - for non-commercial use only - registered to yu___@chalmers.se

Gurobi 12.0.0 (mac64[arm], gurobi_cl) logging started Sun Apr 27 18:59:45 2025

Set parameter WLSAccessID
Set parameter WLSSecret
Set parameter LicenseID to value 2596424
Set parameter LogFile to value "gurobi.log"
Using license file /Users/yunglong/Downloads/gurobi.lic
Academic license 2596424 - for non-commercial use only - registered to yu___@chalmers.se

Gurobi 12.0.0 (mac64[arm], gurobi_cl) logging started Sun Apr 27 19:06:01 2025

Set parameter WLSAccessID
Set parameter WLSSecret
Set parameter LicenseID to value 2596424
Set parameter LogFile to value "gurobi.log"
Using license file /Users/yunglong/Downloads/gurobi.lic
Academic license 2596424 - for non-commercial use only - registered to yu___@chalmers.se

Gurobi 12.0.0 (mac64[arm], gurobi_cl) logging started Sun Apr 27 19:11:58 2025

Set parameter WLSAccessID
Set parameter WLSSecret
Set parameter LicenseID to value 2596424
Set parameter LogFile to value "gurobi.log"
Using license file /Users/yunglong/Downloads/gurobi.lic
Academic license 2596424 - for non-commercial use only - registered to yu___@chalmers.se

Gurobi 12.0.0 (mac64[arm], gurobi_cl) logging started Sun Apr 27 19:17:54 2025

Set parameter WLSAccessID
Set parameter WLSSecret
Set parameter LicenseID to value 2596424
Set parameter LogFile to value "gurobi.log"
Using license file /Users/yunglong/Downloads/gurobi.lic
Academic license 2596424 - for non-commercial use only - registered to yu___@chalmers.se

Gurobi 12.0.0 (mac64[arm], gurobi_cl) logging started Sun Apr 27 19:23:42 2025

Set parameter WLSAccessID
Set parameter WLSSecret
Set parameter LicenseID to value 2596424
Set parameter LogFile to value "gurobi.log"
Using license file /Users/yunglong/Downloads/gurobi.lic
Academic license 2596424 - for non-commercial use only - registered to yu___@chalmers.se

Gurobi 12.0.0 (mac64[arm], gurobi_cl) logging started Mon Apr 28 09:15:57 2025

Set parameter WLSAccessID
Set parameter WLSSecret
Set parameter LicenseID to value 2596424
Set parameter LogFile to value "gurobi.log"
Using license file /Users/yunglong/Downloads/gurobi.lic
Academic license 2596424 - for non-commercial use only - registered to yu___@chalmers.se

Gurobi 12.0.0 (mac64[arm], gurobi_cl) logging started Mon Apr 28 09:16:30 2025

Set parameter WLSAccessID
Set parameter WLSSecret
Set parameter LicenseID to value 2596424
Set parameter LogFile to value "gurobi.log"
Using license file /Users/yunglong/Downloads/gurobi.lic
Academic license 2596424 - for non-commercial use only - registered to yu___@chalmers.se

Gurobi 12.0.0 (mac64[arm], gurobi_cl) logging started Mon Apr 28 09:21:44 2025

Set parameter WLSAccessID
Set parameter WLSSecret
Set parameter LicenseID to value 2596424
Set parameter LogFile to value "gurobi.log"
Using license file /Users/yunglong/Downloads/gurobi.lic
Academic license 2596424 - for non-commercial use only - registered to yu___@chalmers.se

Gurobi 12.0.0 (mac64[arm], gurobi_cl) logging started Mon Apr 28 09:26:59 2025

Set parameter WLSAccessID
Set parameter WLSSecret
Set parameter LicenseID to value 2596424
Set parameter LogFile to value "gurobi.log"
Using license file /Users/yunglong/Downloads/gurobi.lic
Academic license 2596424 - for non-commercial use only - registered to yu___@chalmers.se

Gurobi 12.0.0 (mac64[arm], gurobi_cl) logging started Mon Apr 28 09:32:07 2025

Set parameter WLSAccessID
Set parameter WLSSecret
Set parameter LicenseID to value 2596424
Set parameter LogFile to value "gurobi.log"
Using license file /Users/yunglong/Downloads/gurobi.lic
Academic license 2596424 - for non-commercial use only - registered to yu___@chalmers.se

Gurobi 12.0.0 (mac64[arm], gurobi_cl) logging started Mon Apr 28 09:37:55 2025

Set parameter WLSAccessID
Set parameter WLSSecret
Set parameter LicenseID to value 2596424
Set parameter LogFile to value "gurobi.log"
Using license file /Users/yunglong/Downloads/gurobi.lic
Academic license 2596424 - for non-commercial use only - registered to yu___@chalmers.se

Gurobi 12.0.0 (mac64[arm], gurobi_cl) logging started Mon Apr 28 09:43:32 2025

Set parameter WLSAccessID
Set parameter WLSSecret
Set parameter LicenseID to value 2596424
Set parameter LogFile to value "gurobi.log"
Using license file /Users/yunglong/Downloads/gurobi.lic
Academic license 2596424 - for non-commercial use only - registered to yu___@chalmers.se

Gurobi 12.0.0 (mac64[arm], gurobi_cl) logging started Mon Apr 28 09:49:10 2025

Set parameter WLSAccessID
Set parameter WLSSecret
Set parameter LicenseID to value 2596424
Set parameter LogFile to value "gurobi.log"
Using license file /Users/yunglong/Downloads/gurobi.lic
Academic license 2596424 - for non-commercial use only - registered to yu___@chalmers.se

Gurobi 12.0.0 (mac64[arm], gurobi_cl) logging started Mon Apr 28 09:55:01 2025

Set parameter WLSAccessID
Set parameter WLSSecret
Set parameter LicenseID to value 2596424
Set parameter LogFile to value "gurobi.log"
Using license file /Users/yunglong/Downloads/gurobi.lic
Academic license 2596424 - for non-commercial use only - registered to yu___@chalmers.se

Gurobi 12.0.0 (mac64[arm], gurobi_cl) logging started Mon Apr 28 17:33:29 2025

Set parameter WLSAccessID
Set parameter WLSSecret
Set parameter LicenseID to value 2596424
Set parameter LogFile to value "gurobi.log"
Using license file /Users/yunglong/Downloads/gurobi.lic
Academic license 2596424 - for non-commercial use only - registered to yu___@chalmers.se

Gurobi 12.0.0 (mac64[arm], gurobi_cl) logging started Mon Apr 28 17:45:07 2025

Set parameter WLSAccessID
Set parameter WLSSecret
Set parameter LicenseID to value 2596424
Set parameter LogFile to value "gurobi.log"
Using license file /Users/yunglong/Downloads/gurobi.lic
Academic license 2596424 - for non-commercial use only - registered to yu___@chalmers.se

Gurobi 12.0.0 (mac64[arm], gurobi_cl) logging started Mon Apr 28 17:55:07 2025

Set parameter WLSAccessID
Set parameter WLSSecret
Set parameter LicenseID to value 2596424
Set parameter LogFile to value "gurobi.log"
Using license file /Users/yunglong/Downloads/gurobi.lic
Academic license 2596424 - for non-commercial use only - registered to yu___@chalmers.se

Gurobi 12.0.0 (mac64[arm], gurobi_cl) logging started Mon Apr 28 17:55:18 2025

Set parameter WLSAccessID
Set parameter WLSSecret
Set parameter LicenseID to value 2596424
Set parameter LogFile to value "gurobi.log"
Using license file /Users/yunglong/Downloads/gurobi.lic
Academic license 2596424 - for non-commercial use only - registered to yu___@chalmers.se

Gurobi 12.0.0 (mac64[arm], gurobi_cl) logging started Mon Apr 28 18:01:07 2025

Set parameter WLSAccessID
Set parameter WLSSecret
Set parameter LicenseID to value 2596424
Set parameter LogFile to value "gurobi.log"
Using license file /Users/yunglong/Downloads/gurobi.lic
Academic license 2596424 - for non-commercial use only - registered to yu___@chalmers.se

Gurobi 12.0.0 (mac64[arm], gurobi_cl) logging started Mon Apr 28 18:07:30 2025

Set parameter WLSAccessID
Set parameter WLSSecret
Set parameter LicenseID to value 2596424
Set parameter LogFile to value "gurobi.log"
Using license file /Users/yunglong/Downloads/gurobi.lic
Academic license 2596424 - for non-commercial use only - registered to yu___@chalmers.se

Gurobi 12.0.0 (mac64[arm], gurobi_cl) logging started Mon Apr 28 18:14:00 2025

Set parameter WLSAccessID
Set parameter WLSSecret
Set parameter LicenseID to value 2596424
Set parameter LogFile to value "gurobi.log"
Using license file /Users/yunglong/Downloads/gurobi.lic
Academic license 2596424 - for non-commercial use only - registered to yu___@chalmers.se

Gurobi 12.0.0 (mac64[arm], gurobi_cl) logging started Mon Apr 28 18:20:11 2025

Set parameter WLSAccessID
Set parameter WLSSecret
Set parameter LicenseID to value 2596424
Set parameter LogFile to value "gurobi.log"
Using license file /Users/yunglong/Downloads/gurobi.lic
Academic license 2596424 - for non-commercial use only - registered to yu___@chalmers.se

Gurobi 12.0.0 (mac64[arm], gurobi_cl) logging started Mon Apr 28 18:26:17 2025

Set parameter WLSAccessID
Set parameter WLSSecret
Set parameter LicenseID to value 2596424
Set parameter LogFile to value "gurobi.log"
Using license file /Users/yunglong/Downloads/gurobi.lic
Academic license 2596424 - for non-commercial use only - registered to yu___@chalmers.se

Gurobi 12.0.0 (mac64[arm], gurobi_cl) logging started Mon Apr 28 18:32:20 2025

Set parameter WLSAccessID
Set parameter WLSSecret
Set parameter LicenseID to value 2596424
Set parameter LogFile to value "gurobi.log"
Using license file /Users/yunglong/Downloads/gurobi.lic
Academic license 2596424 - for non-commercial use only - registered to yu___@chalmers.se

Gurobi 12.0.0 (mac64[arm], gurobi_cl) logging started Mon Apr 28 19:36:41 2025

Set parameter WLSAccessID
Set parameter WLSSecret
Set parameter LicenseID to value 2596424
Set parameter LogFile to value "gurobi.log"
Using license file /Users/yunglong/Downloads/gurobi.lic
Academic license 2596424 - for non-commercial use only - registered to yu___@chalmers.se

Gurobi 12.0.0 (mac64[arm], gurobi_cl) logging started Mon Apr 28 19:37:14 2025

Set parameter WLSAccessID
Set parameter WLSSecret
Set parameter LicenseID to value 2596424
Set parameter LogFile to value "gurobi.log"
Using license file /Users/yunglong/Downloads/gurobi.lic
Academic license 2596424 - for non-commercial use only - registered to yu___@chalmers.se

Gurobi 12.0.0 (mac64[arm], gurobi_cl) logging started Mon Apr 28 19:41:15 2025

Set parameter WLSAccessID
Set parameter WLSSecret
Set parameter LicenseID to value 2596424
Set parameter LogFile to value "gurobi.log"
Using license file /Users/yunglong/Downloads/gurobi.lic
Academic license 2596424 - for non-commercial use only - registered to yu___@chalmers.se

Gurobi 12.0.0 (mac64[arm], gurobi_cl) logging started Mon Apr 28 19:45:48 2025

Set parameter WLSAccessID
Set parameter WLSSecret
Set parameter LicenseID to value 2596424
Set parameter LogFile to value "gurobi.log"
Using license file /Users/yunglong/Downloads/gurobi.lic
Academic license 2596424 - for non-commercial use only - registered to yu___@chalmers.se

Gurobi 12.0.0 (mac64[arm], gurobi_cl) logging started Mon Apr 28 19:50:14 2025

Set parameter WLSAccessID
Set parameter WLSSecret
Set parameter LicenseID to value 2596424
Set parameter LogFile to value "gurobi.log"
Using license file /Users/yunglong/Downloads/gurobi.lic
Academic license 2596424 - for non-commercial use only - registered to yu___@chalmers.se

Gurobi 12.0.0 (mac64[arm], gurobi_cl) logging started Mon Apr 28 19:54:33 2025

Set parameter WLSAccessID
Set parameter WLSSecret
Set parameter LicenseID to value 2596424
Set parameter LogFile to value "gurobi.log"
Using license file /Users/yunglong/Downloads/gurobi.lic
Academic license 2596424 - for non-commercial use only - registered to yu___@chalmers.se

Gurobi 12.0.0 (mac64[arm], gurobi_cl) logging started Mon Apr 28 19:58:52 2025

Set parameter WLSAccessID
Set parameter WLSSecret
Set parameter LicenseID to value 2596424
Set parameter LogFile to value "gurobi.log"
Using license file /Users/yunglong/Downloads/gurobi.lic
Academic license 2596424 - for non-commercial use only - registered to yu___@chalmers.se

Gurobi 12.0.0 (mac64[arm], gurobi_cl) logging started Mon Apr 28 20:03:23 2025

Set parameter WLSAccessID
Set parameter WLSSecret
Set parameter LicenseID to value 2596424
Set parameter LogFile to value "gurobi.log"
Using license file /Users/yunglong/Downloads/gurobi.lic
Academic license 2596424 - for non-commercial use only - registered to yu___@chalmers.se

Gurobi 12.0.0 (mac64[arm], gurobi_cl) logging started Mon Apr 28 20:08:03 2025

Set parameter WLSAccessID
Set parameter WLSSecret
Set parameter LicenseID to value 2596424
Set parameter LogFile to value "gurobi.log"
Using license file /Users/yunglong/Downloads/gurobi.lic
Academic license 2596424 - for non-commercial use only - registered to yu___@chalmers.se

Gurobi 12.0.0 (mac64[arm], gurobi_cl) logging started Mon Apr 28 20:22:10 2025

Set parameter WLSAccessID
Set parameter WLSSecret
Set parameter LicenseID to value 2596424
Set parameter LogFile to value "gurobi.log"
Using license file /Users/yunglong/Downloads/gurobi.lic
Academic license 2596424 - for non-commercial use only - registered to yu___@chalmers.se

Gurobi 12.0.0 (mac64[arm], gurobi_cl) logging started Mon Apr 28 20:33:23 2025

Set parameter WLSAccessID
Set parameter WLSSecret
Set parameter LicenseID to value 2596424
Set parameter LogFile to value "gurobi.log"
Using license file /Users/yunglong/Downloads/gurobi.lic
Academic license 2596424 - for non-commercial use only - registered to yu___@chalmers.se

Gurobi 12.0.0 (mac64[arm], gurobi_cl) logging started Mon Apr 28 20:39:13 2025

Set parameter WLSAccessID
Set parameter WLSSecret
Set parameter LicenseID to value 2596424
Set parameter LogFile to value "gurobi.log"
Using license file /Users/yunglong/Downloads/gurobi.lic
Academic license 2596424 - for non-commercial use only - registered to yu___@chalmers.se

Gurobi 12.0.0 (mac64[arm], gurobi_cl) logging started Mon Apr 28 20:44:51 2025

Set parameter WLSAccessID
Set parameter WLSSecret
Set parameter LicenseID to value 2596424
Set parameter LogFile to value "gurobi.log"
Using license file /Users/yunglong/Downloads/gurobi.lic
Academic license 2596424 - for non-commercial use only - registered to yu___@chalmers.se

Gurobi 12.0.0 (mac64[arm], gurobi_cl) logging started Mon Apr 28 20:50:33 2025

Set parameter WLSAccessID
Set parameter WLSSecret
Set parameter LicenseID to value 2596424
Set parameter LogFile to value "gurobi.log"
Using license file /Users/yunglong/Downloads/gurobi.lic
Academic license 2596424 - for non-commercial use only - registered to yu___@chalmers.se

Gurobi 12.0.0 (mac64[arm], gurobi_cl) logging started Mon Apr 28 20:56:35 2025

Set parameter WLSAccessID
Set parameter WLSSecret
Set parameter LicenseID to value 2596424
Set parameter LogFile to value "gurobi.log"
Using license file /Users/yunglong/Downloads/gurobi.lic
Academic license 2596424 - for non-commercial use only - registered to yu___@chalmers.se

Gurobi 12.0.0 (mac64[arm], gurobi_cl) logging started Mon Apr 28 21:02:29 2025

Set parameter WLSAccessID
Set parameter WLSSecret
Set parameter LicenseID to value 2596424
Set parameter LogFile to value "gurobi.log"
Using license file /Users/yunglong/Downloads/gurobi.lic
Academic license 2596424 - for non-commercial use only - registered to yu___@chalmers.se

Gurobi 12.0.0 (mac64[arm], gurobi_cl) logging started Mon Apr 28 21:08:53 2025

Set parameter WLSAccessID
Set parameter WLSSecret
Set parameter LicenseID to value 2596424
Set parameter LogFile to value "gurobi.log"
Using license file /Users/yunglong/Downloads/gurobi.lic
Academic license 2596424 - for non-commercial use only - registered to yu___@chalmers.se

Gurobi 12.0.0 (mac64[arm], gurobi_cl) logging started Mon Apr 28 21:14:47 2025

Set parameter WLSAccessID
Set parameter WLSSecret
Set parameter LicenseID to value 2596424
Set parameter LogFile to value "gurobi.log"
Using license file /Users/yunglong/Downloads/gurobi.lic
Academic license 2596424 - for non-commercial use only - registered to yu___@chalmers.se

Gurobi 12.0.0 (mac64[arm], gurobi_cl) logging started Tue Apr 29 08:09:41 2025

Set parameter WLSAccessID
Set parameter WLSSecret
Set parameter LicenseID to value 2596424
Set parameter LogFile to value "gurobi.log"
Using license file /Users/yunglong/Downloads/gurobi.lic
Academic license 2596424 - for non-commercial use only - registered to yu___@chalmers.se

Gurobi 12.0.0 (mac64[arm], gurobi_cl) logging started Tue Apr 29 08:21:00 2025

Set parameter WLSAccessID
Set parameter WLSSecret
Set parameter LicenseID to value 2596424
Set parameter LogFile to value "gurobi.log"
Using license file /Users/yunglong/Downloads/gurobi.lic
Academic license 2596424 - for non-commercial use only - registered to yu___@chalmers.se

Gurobi 12.0.0 (mac64[arm], gurobi_cl) logging started Tue Apr 29 08:26:39 2025

Set parameter WLSAccessID
Set parameter WLSSecret
Set parameter LicenseID to value 2596424
Set parameter LogFile to value "gurobi.log"
Using license file /Users/yunglong/Downloads/gurobi.lic
Academic license 2596424 - for non-commercial use only - registered to yu___@chalmers.se

Gurobi 12.0.0 (mac64[arm], gurobi_cl) logging started Tue Apr 29 08:32:15 2025

Set parameter WLSAccessID
Set parameter WLSSecret
Set parameter LicenseID to value 2596424
Set parameter LogFile to value "gurobi.log"
Using license file /Users/yunglong/Downloads/gurobi.lic
Academic license 2596424 - for non-commercial use only - registered to yu___@chalmers.se

Gurobi 12.0.0 (mac64[arm], gurobi_cl) logging started Tue Apr 29 08:37:53 2025

Set parameter WLSAccessID
Set parameter WLSSecret
Set parameter LicenseID to value 2596424
Set parameter LogFile to value "gurobi.log"
Using license file /Users/yunglong/Downloads/gurobi.lic
Academic license 2596424 - for non-commercial use only - registered to yu___@chalmers.se

Gurobi 12.0.0 (mac64[arm], gurobi_cl) logging started Tue Apr 29 08:44:07 2025

Set parameter WLSAccessID
Set parameter WLSSecret
Set parameter LicenseID to value 2596424
Set parameter LogFile to value "gurobi.log"
Using license file /Users/yunglong/Downloads/gurobi.lic
Academic license 2596424 - for non-commercial use only - registered to yu___@chalmers.se

Gurobi 12.0.0 (mac64[arm], gurobi_cl) logging started Tue Apr 29 08:50:18 2025

Set parameter WLSAccessID
Set parameter WLSSecret
Set parameter LicenseID to value 2596424
Set parameter LogFile to value "gurobi.log"
Using license file /Users/yunglong/Downloads/gurobi.lic
Academic license 2596424 - for non-commercial use only - registered to yu___@chalmers.se

Gurobi 12.0.0 (mac64[arm], gurobi_cl) logging started Tue Apr 29 08:56:29 2025

Set parameter WLSAccessID
Set parameter WLSSecret
Set parameter LicenseID to value 2596424
Set parameter LogFile to value "gurobi.log"
Using license file /Users/yunglong/Downloads/gurobi.lic
Academic license 2596424 - for non-commercial use only - registered to yu___@chalmers.se

Gurobi 12.0.0 (mac64[arm], gurobi_cl) logging started Tue Apr 29 09:02:42 2025

Set parameter WLSAccessID
Set parameter WLSSecret
Set parameter LicenseID to value 2596424
Set parameter LogFile to value "gurobi.log"
Using license file /Users/yunglong/Downloads/gurobi.lic
Academic license 2596424 - for non-commercial use only - registered to yu___@chalmers.se

Gurobi 12.0.0 (mac64[arm], gurobi_cl) logging started Tue Apr 29 09:58:14 2025

Set parameter WLSAccessID
Set parameter WLSSecret
Set parameter LicenseID to value 2596424
Set parameter LogFile to value "gurobi.log"
Using license file /Users/yunglong/Downloads/gurobi.lic
Academic license 2596424 - for non-commercial use only - registered to yu___@chalmers.se

Gurobi 12.0.0 (mac64[arm], gurobi_cl) logging started Tue Apr 29 10:09:54 2025

Set parameter WLSAccessID
Set parameter WLSSecret
Set parameter LicenseID to value 2596424
Set parameter LogFile to value "gurobi.log"
Using license file /Users/yunglong/Downloads/gurobi.lic
Academic license 2596424 - for non-commercial use only - registered to yu___@chalmers.se

Gurobi 12.0.0 (mac64[arm], gurobi_cl) logging started Tue Apr 29 10:15:31 2025

Set parameter WLSAccessID
Set parameter WLSSecret
Set parameter LicenseID to value 2596424
Set parameter LogFile to value "gurobi.log"
Using license file /Users/yunglong/Downloads/gurobi.lic
Academic license 2596424 - for non-commercial use only - registered to yu___@chalmers.se

Gurobi 12.0.0 (mac64[arm], gurobi_cl) logging started Tue Apr 29 10:21:15 2025

Set parameter WLSAccessID
Set parameter WLSSecret
Set parameter LicenseID to value 2596424
Set parameter LogFile to value "gurobi.log"
Using license file /Users/yunglong/Downloads/gurobi.lic
Academic license 2596424 - for non-commercial use only - registered to yu___@chalmers.se

Gurobi 12.0.0 (mac64[arm], gurobi_cl) logging started Tue Apr 29 10:26:54 2025

Set parameter WLSAccessID
Set parameter WLSSecret
Set parameter LicenseID to value 2596424
Set parameter LogFile to value "gurobi.log"
Using license file /Users/yunglong/Downloads/gurobi.lic
Academic license 2596424 - for non-commercial use only - registered to yu___@chalmers.se

Gurobi 12.0.0 (mac64[arm], gurobi_cl) logging started Tue Apr 29 10:32:33 2025

Set parameter WLSAccessID
Set parameter WLSSecret
Set parameter LicenseID to value 2596424
Set parameter LogFile to value "gurobi.log"
Using license file /Users/yunglong/Downloads/gurobi.lic
Academic license 2596424 - for non-commercial use only - registered to yu___@chalmers.se

Gurobi 12.0.0 (mac64[arm], gurobi_cl) logging started Tue Apr 29 10:38:44 2025

Set parameter WLSAccessID
Set parameter WLSSecret
Set parameter LicenseID to value 2596424
Set parameter LogFile to value "gurobi.log"
Using license file /Users/yunglong/Downloads/gurobi.lic
Academic license 2596424 - for non-commercial use only - registered to yu___@chalmers.se

Gurobi 12.0.0 (mac64[arm], gurobi_cl) logging started Tue Apr 29 10:44:44 2025

Set parameter WLSAccessID
Set parameter WLSSecret
Set parameter LicenseID to value 2596424
Set parameter LogFile to value "gurobi.log"
Using license file /Users/yunglong/Downloads/gurobi.lic
Academic license 2596424 - for non-commercial use only - registered to yu___@chalmers.se

Gurobi 12.0.0 (mac64[arm], gurobi_cl) logging started Tue Apr 29 10:50:57 2025

Set parameter WLSAccessID
Set parameter WLSSecret
Set parameter LicenseID to value 2596424
Set parameter LogFile to value "gurobi.log"
Using license file /Users/yunglong/Downloads/gurobi.lic
Academic license 2596424 - for non-commercial use only - registered to yu___@chalmers.se

Gurobi 12.0.0 (mac64[arm], gurobi_cl) logging started Tue Apr 29 11:13:57 2025

Set parameter WLSAccessID
Set parameter WLSSecret
Set parameter LicenseID to value 2596424
Set parameter LogFile to value "gurobi.log"
Using license file /Users/yunglong/Downloads/gurobi.lic
Academic license 2596424 - for non-commercial use only - registered to yu___@chalmers.se

Gurobi 12.0.0 (mac64[arm], gurobi_cl) logging started Tue Apr 29 11:25:24 2025

Set parameter WLSAccessID
Set parameter WLSSecret
Set parameter LicenseID to value 2596424
Set parameter LogFile to value "gurobi.log"
Using license file /Users/yunglong/Downloads/gurobi.lic
Academic license 2596424 - for non-commercial use only - registered to yu___@chalmers.se

Gurobi 12.0.0 (mac64[arm], gurobi_cl) logging started Tue Apr 29 11:30:43 2025

Set parameter WLSAccessID
Set parameter WLSSecret
Set parameter LicenseID to value 2596424
Set parameter LogFile to value "gurobi.log"
Using license file /Users/yunglong/Downloads/gurobi.lic
Academic license 2596424 - for non-commercial use only - registered to yu___@chalmers.se

Gurobi 12.0.0 (mac64[arm], gurobi_cl) logging started Tue Apr 29 11:36:30 2025

Set parameter WLSAccessID
Set parameter WLSSecret
Set parameter LicenseID to value 2596424
Set parameter LogFile to value "gurobi.log"
Using license file /Users/yunglong/Downloads/gurobi.lic
Academic license 2596424 - for non-commercial use only - registered to yu___@chalmers.se

Gurobi 12.0.0 (mac64[arm], gurobi_cl) logging started Tue Apr 29 11:42:00 2025

Set parameter WLSAccessID
Set parameter WLSSecret
Set parameter LicenseID to value 2596424
Set parameter LogFile to value "gurobi.log"
Using license file /Users/yunglong/Downloads/gurobi.lic
Academic license 2596424 - for non-commercial use only - registered to yu___@chalmers.se

Gurobi 12.0.0 (mac64[arm], gurobi_cl) logging started Tue Apr 29 11:47:58 2025

Set parameter WLSAccessID
Set parameter WLSSecret
Set parameter LicenseID to value 2596424
Set parameter LogFile to value "gurobi.log"
Using license file /Users/yunglong/Downloads/gurobi.lic
Academic license 2596424 - for non-commercial use only - registered to yu___@chalmers.se

Gurobi 12.0.0 (mac64[arm], gurobi_cl) logging started Tue Apr 29 11:54:14 2025

Set parameter WLSAccessID
Set parameter WLSSecret
Set parameter LicenseID to value 2596424
Set parameter LogFile to value "gurobi.log"
Using license file /Users/yunglong/Downloads/gurobi.lic
Academic license 2596424 - for non-commercial use only - registered to yu___@chalmers.se

Gurobi 12.0.0 (mac64[arm], gurobi_cl) logging started Tue Apr 29 12:00:20 2025

Set parameter WLSAccessID
Set parameter WLSSecret
Set parameter LicenseID to value 2596424
Set parameter LogFile to value "gurobi.log"
Using license file /Users/yunglong/Downloads/gurobi.lic
Academic license 2596424 - for non-commercial use only - registered to yu___@chalmers.se

Gurobi 12.0.0 (mac64[arm], gurobi_cl) logging started Tue Apr 29 12:06:30 2025

Set parameter WLSAccessID
Set parameter WLSSecret
Set parameter LicenseID to value 2596424
Set parameter LogFile to value "gurobi.log"
Using license file /Users/yunglong/Downloads/gurobi.lic
Academic license 2596424 - for non-commercial use only - registered to yu___@chalmers.se

Gurobi 12.0.0 (mac64[arm], gurobi_cl) logging started Fri May  2 17:33:13 2025

Set parameter WLSAccessID
Set parameter WLSSecret
Set parameter LicenseID to value 2596424
Set parameter LogFile to value "gurobi.log"
Using license file /Users/yunglong/Downloads/gurobi.lic
Academic license 2596424 - for non-commercial use only - registered to yu___@chalmers.se

Gurobi 12.0.0 (mac64[arm], gurobi_cl) logging started Fri May  2 17:34:06 2025

Set parameter WLSAccessID
Set parameter WLSSecret
Set parameter LicenseID to value 2596424
Set parameter LogFile to value "gurobi.log"
Using license file /Users/yunglong/Downloads/gurobi.lic
Academic license 2596424 - for non-commercial use only - registered to yu___@chalmers.se

Gurobi 12.0.0 (mac64[arm], gurobi_cl) logging started Fri May  2 17:34:26 2025

Set parameter WLSAccessID
Set parameter WLSSecret
Set parameter LicenseID to value 2596424
Set parameter LogFile to value "gurobi.log"
Using license file /Users/yunglong/Downloads/gurobi.lic
Academic license 2596424 - for non-commercial use only - registered to yu___@chalmers.se

Gurobi 12.0.0 (mac64[arm], gurobi_cl) logging started Fri May  2 17:34:42 2025

Set parameter WLSAccessID
Set parameter WLSSecret
Set parameter LicenseID to value 2596424
Set parameter LogFile to value "gurobi.log"
Using license file /Users/yunglong/Downloads/gurobi.lic
Academic license 2596424 - for non-commercial use only - registered to yu___@chalmers.se

Gurobi 12.0.0 (mac64[arm], gurobi_cl) logging started Fri May  2 17:35:00 2025

Set parameter WLSAccessID
Set parameter WLSSecret
Set parameter LicenseID to value 2596424
Set parameter LogFile to value "gurobi.log"
Using license file /Users/yunglong/Downloads/gurobi.lic
Academic license 2596424 - for non-commercial use only - registered to yu___@chalmers.se

Gurobi 12.0.0 (mac64[arm], gurobi_cl) logging started Fri May  2 17:35:00 2025

Set parameter WLSAccessID
Set parameter WLSSecret
Set parameter LicenseID to value 2596424
Set parameter LogFile to value "gurobi.log"
Using license file /Users/yunglong/Downloads/gurobi.lic

Gurobi 12.0.0 (mac64[arm], gurobi_cl) logging started Fri May  2 17:35:00 2025


Gurobi 12.0.0 (mac64[arm], gurobi_cl) logging started Fri May  2 17:35:00 2025


Gurobi 12.0.0 (mac64[arm], gurobi_cl) logging started Fri May  2 17:35:00 2025

Set parameter WLSAccessID
Set parameter WLSSecret
Set parameter LicenseID to value 2596424
Set parameter WLSAccessID
Set parameter LogFile to value "gurobi.log"
Set parameter WLSSecret
Using license file /Users/yunglong/Downloads/gurobi.lic
Set parameter LicenseID to value 2596424
Set parameter WLSAccessID
Set parameter WLSSecret
Set parameter LicenseID to value 2596424
Set parameter LogFile to value "gurobi.log"
Using license file /Users/yunglong/Downloads/gurobi.lic
Set parameter LogFile to value "gurobi.log"
Using license file /Users/yunglong/Downloads/gurobi.lic
Academic license 2596424 - for non-commercial use only - registered to yu___@chalmers.se
Academic license 2596424 - for non-commercial use only - registered to yu___@chalmers.se
Academic license 2596424 - for non-commercial use only - registered to yu___@chalmers.se
Academic license 2596424 - for non-commercial use only - registered to yu___@chalmers.se

Gurobi 12.0.0 (mac64[arm], gurobi_cl) logging started Fri May  2 17:35:05 2025

Set parameter WLSAccessID
Set parameter WLSSecret
Set parameter LicenseID to value 2596424
Set parameter LogFile to value "gurobi.log"
Using license file /Users/yunglong/Downloads/gurobi.lic
Academic license 2596424 - for non-commercial use only - registered to yu___@chalmers.se

Gurobi 12.0.0 (mac64[arm], gurobi_cl) logging started Fri May  2 17:35:11 2025

Set parameter WLSAccessID
Set parameter WLSSecret
Set parameter LicenseID to value 2596424
Set parameter LogFile to value "gurobi.log"
Using license file /Users/yunglong/Downloads/gurobi.lic
Academic license 2596424 - for non-commercial use only - registered to yu___@chalmers.se

Gurobi 12.0.0 (mac64[arm], gurobi_cl) logging started Fri May  2 17:35:21 2025

Set parameter WLSAccessID
Set parameter WLSSecret
Set parameter LicenseID to value 2596424
Set parameter LogFile to value "gurobi.log"
Using license file /Users/yunglong/Downloads/gurobi.lic
Academic license 2596424 - for non-commercial use only - registered to yu___@chalmers.se

Gurobi 12.0.0 (mac64[arm], gurobi_cl) logging started Fri May  2 17:37:25 2025

Set parameter WLSAccessID
Set parameter WLSSecret
Set parameter LicenseID to value 2596424
Set parameter LogFile to value "gurobi.log"
Using license file /Users/yunglong/Downloads/gurobi.lic
Academic license 2596424 - for non-commercial use only - registered to yu___@chalmers.se

Gurobi 12.0.0 (mac64[arm], gurobi_cl) logging started Fri May  2 17:37:37 2025

Set parameter WLSAccessID
Set parameter WLSSecret
Set parameter LicenseID to value 2596424
Set parameter LogFile to value "gurobi.log"
Using license file /Users/yunglong/Downloads/gurobi.lic
Academic license 2596424 - for non-commercial use only - registered to yu___@chalmers.se

Gurobi 12.0.0 (mac64[arm], gurobi_cl) logging started Fri May  2 17:45:44 2025

Set parameter WLSAccessID
Set parameter WLSSecret
Set parameter LicenseID to value 2596424
Set parameter LogFile to value "gurobi.log"
Using license file /Users/yunglong/Downloads/gurobi.lic
Academic license 2596424 - for non-commercial use only - registered to yu___@chalmers.se

Gurobi 12.0.0 (mac64[arm], gurobi_cl) logging started Fri May  2 17:57:54 2025

Set parameter WLSAccessID
Set parameter WLSSecret
Set parameter LicenseID to value 2596424
Set parameter LogFile to value "gurobi.log"
Using license file /Users/yunglong/Downloads/gurobi.lic
Academic license 2596424 - for non-commercial use only - registered to yu___@chalmers.se

Gurobi 12.0.0 (mac64[arm], gurobi_cl) logging started Fri May  2 18:03:08 2025

Set parameter WLSAccessID
Set parameter WLSSecret
Set parameter LicenseID to value 2596424
Set parameter LogFile to value "gurobi.log"
Using license file /Users/yunglong/Downloads/gurobi.lic
Academic license 2596424 - for non-commercial use only - registered to yu___@chalmers.se

Gurobi 12.0.0 (mac64[arm], gurobi_cl) logging started Fri May  2 18:08:23 2025

Set parameter WLSAccessID
Set parameter WLSSecret
Set parameter LicenseID to value 2596424
Set parameter LogFile to value "gurobi.log"
Using license file /Users/yunglong/Downloads/gurobi.lic
Academic license 2596424 - for non-commercial use only - registered to yu___@chalmers.se

Gurobi 12.0.0 (mac64[arm], gurobi_cl) logging started Fri May  2 18:13:49 2025

Set parameter WLSAccessID
Set parameter WLSSecret
Set parameter LicenseID to value 2596424
Set parameter LogFile to value "gurobi.log"
Using license file /Users/yunglong/Downloads/gurobi.lic
Academic license 2596424 - for non-commercial use only - registered to yu___@chalmers.se

Gurobi 12.0.0 (mac64[arm], gurobi_cl) logging started Fri May  2 18:19:39 2025

Set parameter WLSAccessID
Set parameter WLSSecret
Set parameter LicenseID to value 2596424
Set parameter LogFile to value "gurobi.log"
Using license file /Users/yunglong/Downloads/gurobi.lic
Academic license 2596424 - for non-commercial use only - registered to yu___@chalmers.se

Gurobi 12.0.0 (mac64[arm], gurobi_cl) logging started Fri May  2 18:25:46 2025

Set parameter WLSAccessID
Set parameter WLSSecret
Set parameter LicenseID to value 2596424
Set parameter LogFile to value "gurobi.log"
Using license file /Users/yunglong/Downloads/gurobi.lic
Academic license 2596424 - for non-commercial use only - registered to yu___@chalmers.se

Gurobi 12.0.0 (mac64[arm], gurobi_cl) logging started Fri May  2 18:31:47 2025

Set parameter WLSAccessID
Set parameter WLSSecret
Set parameter LicenseID to value 2596424
Set parameter LogFile to value "gurobi.log"
Using license file /Users/yunglong/Downloads/gurobi.lic
Academic license 2596424 - for non-commercial use only - registered to yu___@chalmers.se

Gurobi 12.0.0 (mac64[arm], gurobi_cl) logging started Fri May  2 18:37:45 2025

Set parameter WLSAccessID
Set parameter WLSSecret
Set parameter LicenseID to value 2596424
Set parameter LogFile to value "gurobi.log"
Using license file /Users/yunglong/Downloads/gurobi.lic
Academic license 2596424 - for non-commercial use only - registered to yu___@chalmers.se

Gurobi 12.0.0 (mac64[arm], gurobi_cl) logging started Sat May  3 07:39:57 2025

Set parameter WLSAccessID
Set parameter WLSSecret
Set parameter LicenseID to value 2596424
Set parameter LogFile to value "gurobi.log"
Using license file /Users/yunglong/Downloads/gurobi.lic
Academic license 2596424 - for non-commercial use only - registered to yu___@chalmers.se

Gurobi 12.0.0 (mac64[arm], gurobi_cl) logging started Sat May  3 07:49:27 2025

Set parameter WLSAccessID
Set parameter WLSSecret
Set parameter LicenseID to value 2596424
Set parameter LogFile to value "gurobi.log"
Using license file /Users/yunglong/Downloads/gurobi.lic
Academic license 2596424 - for non-commercial use only - registered to yu___@chalmers.se

Gurobi 12.0.0 (mac64[arm], gurobi_cl) logging started Sat May  3 20:44:32 2025

Set parameter WLSAccessID
Set parameter WLSSecret
Set parameter LicenseID to value 2596424
Set parameter LogFile to value "gurobi.log"
Using license file /Users/yunglong/Downloads/gurobi.lic
Academic license 2596424 - for non-commercial use only - registered to yu___@chalmers.se

Gurobi 12.0.0 (mac64[arm], gurobi_cl) logging started Sat May  3 20:45:02 2025

Set parameter WLSAccessID
Set parameter WLSSecret
Set parameter LicenseID to value 2596424
Set parameter LogFile to value "gurobi.log"
Using license file /Users/yunglong/Downloads/gurobi.lic
Academic license 2596424 - for non-commercial use only - registered to yu___@chalmers.se

Gurobi 12.0.0 (mac64[arm], gurobi_cl) logging started Sat May  3 20:45:37 2025

Set parameter WLSAccessID
Set parameter WLSSecret
Set parameter LicenseID to value 2596424
Set parameter LogFile to value "gurobi.log"
Using license file /Users/yunglong/Downloads/gurobi.lic
Academic license 2596424 - for non-commercial use only - registered to yu___@chalmers.se

Gurobi 12.0.0 (mac64[arm], gurobi_cl) logging started Sat May  3 20:55:12 2025

Set parameter WLSAccessID
Set parameter WLSSecret
Set parameter LicenseID to value 2596424
Set parameter LogFile to value "gurobi.log"
Using license file /Users/yunglong/Downloads/gurobi.lic
Academic license 2596424 - for non-commercial use only - registered to yu___@chalmers.se

Gurobi 12.0.0 (mac64[arm], gurobi_cl) logging started Tue May  6 16:53:30 2025

Set parameter WLSAccessID
Set parameter WLSSecret
Set parameter LicenseID to value 2596424
Set parameter LogFile to value "gurobi.log"
Using license file /Users/yunglong/Downloads/gurobi.lic
Academic license 2596424 - for non-commercial use only - registered to yu___@chalmers.se

Gurobi 12.0.0 (mac64[arm], gurobi_cl) logging started Tue May  6 17:05:57 2025

Set parameter WLSAccessID
Set parameter WLSSecret
Set parameter LicenseID to value 2596424
Set parameter LogFile to value "gurobi.log"
Using license file /Users/yunglong/Downloads/gurobi.lic
Academic license 2596424 - for non-commercial use only - registered to yu___@chalmers.se

Gurobi 12.0.0 (mac64[arm], gurobi_cl) logging started Tue May  6 17:11:15 2025

Set parameter WLSAccessID
Set parameter WLSSecret
Set parameter LicenseID to value 2596424
Set parameter LogFile to value "gurobi.log"
Using license file /Users/yunglong/Downloads/gurobi.lic
Academic license 2596424 - for non-commercial use only - registered to yu___@chalmers.se

Gurobi 12.0.0 (mac64[arm], gurobi_cl) logging started Tue May  6 17:16:28 2025

Set parameter WLSAccessID
Set parameter WLSSecret
Set parameter LicenseID to value 2596424
Set parameter LogFile to value "gurobi.log"
Using license file /Users/yunglong/Downloads/gurobi.lic
Academic license 2596424 - for non-commercial use only - registered to yu___@chalmers.se

Gurobi 12.0.0 (mac64[arm], gurobi_cl) logging started Tue May  6 17:22:56 2025

Set parameter WLSAccessID
Set parameter WLSSecret
Set parameter LicenseID to value 2596424
Set parameter LogFile to value "gurobi.log"
Using license file /Users/yunglong/Downloads/gurobi.lic
Academic license 2596424 - for non-commercial use only - registered to yu___@chalmers.se

Gurobi 12.0.0 (mac64[arm], gurobi_cl) logging started Tue May  6 17:28:02 2025

Set parameter WLSAccessID
Set parameter WLSSecret
Set parameter LicenseID to value 2596424
Set parameter LogFile to value "gurobi.log"
Using license file /Users/yunglong/Downloads/gurobi.lic
Academic license 2596424 - for non-commercial use only - registered to yu___@chalmers.se

Gurobi 12.0.0 (mac64[arm], gurobi_cl) logging started Tue May  6 17:33:49 2025

Set parameter WLSAccessID
Set parameter WLSSecret
Set parameter LicenseID to value 2596424
Set parameter LogFile to value "gurobi.log"
Using license file /Users/yunglong/Downloads/gurobi.lic
Academic license 2596424 - for non-commercial use only - registered to yu___@chalmers.se

Gurobi 12.0.0 (mac64[arm], gurobi_cl) logging started Tue May  6 17:39:20 2025

Set parameter WLSAccessID
Set parameter WLSSecret
Set parameter LicenseID to value 2596424
Set parameter LogFile to value "gurobi.log"
Using license file /Users/yunglong/Downloads/gurobi.lic
Academic license 2596424 - for non-commercial use only - registered to yu___@chalmers.se

Gurobi 12.0.0 (mac64[arm], gurobi_cl) logging started Tue May  6 17:45:51 2025

Set parameter WLSAccessID
Set parameter WLSSecret
Set parameter LicenseID to value 2596424
Set parameter LogFile to value "gurobi.log"
Using license file /Users/yunglong/Downloads/gurobi.lic
Academic license 2596424 - for non-commercial use only - registered to yu___@chalmers.se

Gurobi 12.0.0 (mac64[arm], gurobi_cl) logging started Tue May  6 20:42:15 2025

Set parameter WLSAccessID
Set parameter WLSSecret
Set parameter LicenseID to value 2596424
Set parameter LogFile to value "gurobi.log"
Using license file /Users/yunglong/Downloads/gurobi.lic
Academic license 2596424 - for non-commercial use only - registered to yu___@chalmers.se

Gurobi 12.0.0 (mac64[arm], gurobi_cl) logging started Tue May  6 20:42:42 2025

Set parameter WLSAccessID
Set parameter WLSSecret
Set parameter LicenseID to value 2596424
Set parameter LogFile to value "gurobi.log"
Using license file /Users/yunglong/Downloads/gurobi.lic
Academic license 2596424 - for non-commercial use only - registered to yu___@chalmers.se

Gurobi 12.0.0 (mac64[arm], gurobi_cl) logging started Tue May  6 20:48:00 2025

Set parameter WLSAccessID
Set parameter WLSSecret
Set parameter LicenseID to value 2596424
Set parameter LogFile to value "gurobi.log"
Using license file /Users/yunglong/Downloads/gurobi.lic
Academic license 2596424 - for non-commercial use only - registered to yu___@chalmers.se

Gurobi 12.0.0 (mac64[arm], gurobi_cl) logging started Tue May  6 20:53:25 2025

Set parameter WLSAccessID
Set parameter WLSSecret
Set parameter LicenseID to value 2596424
Set parameter LogFile to value "gurobi.log"
Using license file /Users/yunglong/Downloads/gurobi.lic
Academic license 2596424 - for non-commercial use only - registered to yu___@chalmers.se

Gurobi 12.0.0 (mac64[arm], gurobi_cl) logging started Tue May  6 20:59:24 2025

Set parameter WLSAccessID
Set parameter WLSSecret
Set parameter LicenseID to value 2596424
Set parameter LogFile to value "gurobi.log"
Using license file /Users/yunglong/Downloads/gurobi.lic
Academic license 2596424 - for non-commercial use only - registered to yu___@chalmers.se

Gurobi 12.0.0 (mac64[arm], gurobi_cl) logging started Tue May  6 21:05:17 2025

Set parameter WLSAccessID
Set parameter WLSSecret
Set parameter LicenseID to value 2596424
Set parameter LogFile to value "gurobi.log"
Using license file /Users/yunglong/Downloads/gurobi.lic
Academic license 2596424 - for non-commercial use only - registered to yu___@chalmers.se

Gurobi 12.0.0 (mac64[arm], gurobi_cl) logging started Tue May  6 21:10:53 2025

Set parameter WLSAccessID
Set parameter WLSSecret
Set parameter LicenseID to value 2596424
Set parameter LogFile to value "gurobi.log"
Using license file /Users/yunglong/Downloads/gurobi.lic
Academic license 2596424 - for non-commercial use only - registered to yu___@chalmers.se

Gurobi 12.0.0 (mac64[arm], gurobi_cl) logging started Tue May  6 21:16:19 2025

Set parameter WLSAccessID
Set parameter WLSSecret
Set parameter LicenseID to value 2596424
Set parameter LogFile to value "gurobi.log"
Using license file /Users/yunglong/Downloads/gurobi.lic
Academic license 2596424 - for non-commercial use only - registered to yu___@chalmers.se

Gurobi 12.0.0 (mac64[arm], gurobi_cl) logging started Tue May  6 21:22:36 2025

Set parameter WLSAccessID
Set parameter WLSSecret
Set parameter LicenseID to value 2596424
Set parameter LogFile to value "gurobi.log"
Using license file /Users/yunglong/Downloads/gurobi.lic
Academic license 2596424 - for non-commercial use only - registered to yu___@chalmers.se

Gurobi 12.0.0 (mac64[arm], gurobi_cl) logging started Tue May  6 21:47:18 2025

Set parameter WLSAccessID
Set parameter WLSSecret
Set parameter LicenseID to value 2596424
Set parameter LogFile to value "gurobi.log"
Using license file /Users/yunglong/Downloads/gurobi.lic
Academic license 2596424 - for non-commercial use only - registered to yu___@chalmers.se

Gurobi 12.0.0 (mac64[arm], gurobi_cl) logging started Tue May  6 21:47:38 2025

Set parameter WLSAccessID
Set parameter WLSSecret
Set parameter LicenseID to value 2596424
Set parameter LogFile to value "gurobi.log"
Using license file /Users/yunglong/Downloads/gurobi.lic
Academic license 2596424 - for non-commercial use only - registered to yu___@chalmers.se

Gurobi 12.0.0 (mac64[arm], gurobi_cl) logging started Tue May  6 21:52:43 2025

Set parameter WLSAccessID
Set parameter WLSSecret
Set parameter LicenseID to value 2596424
Set parameter LogFile to value "gurobi.log"
Using license file /Users/yunglong/Downloads/gurobi.lic
Academic license 2596424 - for non-commercial use only - registered to yu___@chalmers.se

Gurobi 12.0.0 (mac64[arm], gurobi_cl) logging started Tue May  6 21:57:57 2025

Set parameter WLSAccessID
Set parameter WLSSecret
Set parameter LicenseID to value 2596424
Set parameter LogFile to value "gurobi.log"
Using license file /Users/yunglong/Downloads/gurobi.lic
Academic license 2596424 - for non-commercial use only - registered to yu___@chalmers.se

Gurobi 12.0.0 (mac64[arm], gurobi_cl) logging started Tue May  6 22:03:35 2025

Set parameter WLSAccessID
Set parameter WLSSecret
Set parameter LicenseID to value 2596424
Set parameter LogFile to value "gurobi.log"
Using license file /Users/yunglong/Downloads/gurobi.lic
Academic license 2596424 - for non-commercial use only - registered to yu___@chalmers.se

Gurobi 12.0.0 (mac64[arm], gurobi_cl) logging started Tue May  6 22:09:05 2025

Set parameter WLSAccessID
Set parameter WLSSecret
Set parameter LicenseID to value 2596424
Set parameter LogFile to value "gurobi.log"
Using license file /Users/yunglong/Downloads/gurobi.lic
Academic license 2596424 - for non-commercial use only - registered to yu___@chalmers.se

Gurobi 12.0.0 (mac64[arm], gurobi_cl) logging started Tue May  6 22:14:28 2025

Set parameter WLSAccessID
Set parameter WLSSecret
Set parameter LicenseID to value 2596424
Set parameter LogFile to value "gurobi.log"
Using license file /Users/yunglong/Downloads/gurobi.lic
Academic license 2596424 - for non-commercial use only - registered to yu___@chalmers.se

Gurobi 12.0.0 (mac64[arm], gurobi_cl) logging started Tue May  6 22:20:16 2025

Set parameter WLSAccessID
Set parameter WLSSecret
Set parameter LicenseID to value 2596424
Set parameter LogFile to value "gurobi.log"
Using license file /Users/yunglong/Downloads/gurobi.lic
Academic license 2596424 - for non-commercial use only - registered to yu___@chalmers.se

Gurobi 12.0.0 (mac64[arm], gurobi_cl) logging started Tue May  6 22:26:23 2025

Set parameter WLSAccessID
Set parameter WLSSecret
Set parameter LicenseID to value 2596424
Set parameter LogFile to value "gurobi.log"
Using license file /Users/yunglong/Downloads/gurobi.lic
Academic license 2596424 - for non-commercial use only - registered to yu___@chalmers.se

Gurobi 12.0.0 (mac64[arm], gurobi_cl) logging started Tue May  6 23:51:59 2025

Set parameter WLSAccessID
Set parameter WLSSecret
Set parameter LicenseID to value 2596424
Set parameter LogFile to value "gurobi.log"
Using license file /Users/yunglong/Downloads/gurobi.lic
Academic license 2596424 - for non-commercial use only - registered to yu___@chalmers.se

Gurobi 12.0.0 (mac64[arm], gurobi_cl) logging started Tue May  6 23:52:27 2025

Set parameter WLSAccessID
Set parameter WLSSecret
Set parameter LicenseID to value 2596424
Set parameter LogFile to value "gurobi.log"
Using license file /Users/yunglong/Downloads/gurobi.lic
Academic license 2596424 - for non-commercial use only - registered to yu___@chalmers.se

Gurobi 12.0.0 (mac64[arm], gurobi_cl) logging started Wed May  7 06:32:11 2025

Set parameter WLSAccessID
Set parameter WLSSecret
Set parameter LicenseID to value 2596424
Set parameter LogFile to value "gurobi.log"
Using license file /Users/yunglong/Downloads/gurobi.lic
Academic license 2596424 - for non-commercial use only - registered to yu___@chalmers.se

Gurobi 12.0.0 (mac64[arm], gurobi_cl) logging started Wed May  7 06:32:28 2025

Set parameter WLSAccessID
Set parameter WLSSecret
Set parameter LicenseID to value 2596424
Set parameter LogFile to value "gurobi.log"
Using license file /Users/yunglong/Downloads/gurobi.lic
Academic license 2596424 - for non-commercial use only - registered to yu___@chalmers.se

Gurobi 12.0.0 (mac64[arm], gurobi_cl) logging started Wed May  7 06:37:55 2025

Set parameter WLSAccessID
Set parameter WLSSecret
Set parameter LicenseID to value 2596424
Set parameter LogFile to value "gurobi.log"
Using license file /Users/yunglong/Downloads/gurobi.lic
Academic license 2596424 - for non-commercial use only - registered to yu___@chalmers.se

Gurobi 12.0.0 (mac64[arm], gurobi_cl) logging started Wed May  7 06:43:22 2025

Set parameter WLSAccessID
Set parameter WLSSecret
Set parameter LicenseID to value 2596424
Set parameter LogFile to value "gurobi.log"
Using license file /Users/yunglong/Downloads/gurobi.lic
Academic license 2596424 - for non-commercial use only - registered to yu___@chalmers.se

Gurobi 12.0.0 (mac64[arm], gurobi_cl) logging started Wed May  7 06:48:56 2025

Set parameter WLSAccessID
Set parameter WLSSecret
Set parameter LicenseID to value 2596424
Set parameter LogFile to value "gurobi.log"
Using license file /Users/yunglong/Downloads/gurobi.lic
Academic license 2596424 - for non-commercial use only - registered to yu___@chalmers.se

Gurobi 12.0.0 (mac64[arm], gurobi_cl) logging started Wed May  7 06:54:33 2025

Set parameter WLSAccessID
Set parameter WLSSecret
Set parameter LicenseID to value 2596424
Set parameter LogFile to value "gurobi.log"
Using license file /Users/yunglong/Downloads/gurobi.lic
Academic license 2596424 - for non-commercial use only - registered to yu___@chalmers.se

Gurobi 12.0.0 (mac64[arm], gurobi_cl) logging started Wed May  7 07:00:23 2025

Set parameter WLSAccessID
Set parameter WLSSecret
Set parameter LicenseID to value 2596424
Set parameter LogFile to value "gurobi.log"
Using license file /Users/yunglong/Downloads/gurobi.lic
Academic license 2596424 - for non-commercial use only - registered to yu___@chalmers.se

Gurobi 12.0.0 (mac64[arm], gurobi_cl) logging started Wed May  7 07:05:48 2025

Set parameter WLSAccessID
Set parameter WLSSecret
Set parameter LicenseID to value 2596424
Set parameter LogFile to value "gurobi.log"
Using license file /Users/yunglong/Downloads/gurobi.lic
Academic license 2596424 - for non-commercial use only - registered to yu___@chalmers.se

Gurobi 12.0.0 (mac64[arm], gurobi_cl) logging started Wed May  7 13:11:47 2025

Set parameter WLSAccessID
Set parameter WLSSecret
Set parameter LicenseID to value 2596424
Set parameter LogFile to value "gurobi.log"
Using license file /Users/yunglong/Downloads/gurobi.lic
Academic license 2596424 - for non-commercial use only - registered to yu___@chalmers.se

Gurobi 12.0.0 (mac64[arm], gurobi_cl) logging started Wed May  7 13:12:10 2025

Set parameter WLSAccessID
Set parameter WLSSecret
Set parameter LicenseID to value 2596424
Set parameter LogFile to value "gurobi.log"
Using license file /Users/yunglong/Downloads/gurobi.lic
Academic license 2596424 - for non-commercial use only - registered to yu___@chalmers.se

Gurobi 12.0.0 (mac64[arm], gurobi_cl) logging started Wed May  7 13:19:12 2025

Set parameter WLSAccessID
Set parameter WLSSecret
Set parameter LicenseID to value 2596424
Set parameter LogFile to value "gurobi.log"
Using license file /Users/yunglong/Downloads/gurobi.lic
Academic license 2596424 - for non-commercial use only - registered to yu___@chalmers.se

Gurobi 12.0.0 (mac64[arm], gurobi_cl) logging started Wed May  7 13:19:25 2025

Set parameter WLSAccessID
Set parameter WLSSecret
Set parameter LicenseID to value 2596424
Set parameter LogFile to value "gurobi.log"
Using license file /Users/yunglong/Downloads/gurobi.lic
Academic license 2596424 - for non-commercial use only - registered to yu___@chalmers.se

Gurobi 12.0.0 (mac64[arm], gurobi_cl) logging started Wed May  7 13:29:09 2025

Set parameter WLSAccessID
Set parameter WLSSecret
Set parameter LicenseID to value 2596424
Set parameter LogFile to value "gurobi.log"
Using license file /Users/yunglong/Downloads/gurobi.lic
Academic license 2596424 - for non-commercial use only - registered to yu___@chalmers.se

Gurobi 12.0.0 (mac64[arm], gurobi_cl) logging started Wed May  7 13:29:20 2025

Set parameter WLSAccessID
Set parameter WLSSecret
Set parameter LicenseID to value 2596424
Set parameter LogFile to value "gurobi.log"
Using license file /Users/yunglong/Downloads/gurobi.lic
Academic license 2596424 - for non-commercial use only - registered to yu___@chalmers.se

Gurobi 12.0.0 (mac64[arm], gurobi_cl) logging started Wed May  7 13:44:16 2025

Set parameter WLSAccessID
Set parameter WLSSecret
Set parameter LicenseID to value 2596424
Set parameter LogFile to value "gurobi.log"
Using license file /Users/yunglong/Downloads/gurobi.lic
Academic license 2596424 - for non-commercial use only - registered to yu___@chalmers.se

Gurobi 12.0.0 (mac64[arm], gurobi_cl) logging started Wed May  7 13:44:38 2025

Set parameter WLSAccessID
Set parameter WLSSecret
Set parameter LicenseID to value 2596424
Set parameter LogFile to value "gurobi.log"
Using license file /Users/yunglong/Downloads/gurobi.lic
Academic license 2596424 - for non-commercial use only - registered to yu___@chalmers.se

Gurobi 12.0.0 (mac64[arm], gurobi_cl) logging started Wed May  7 14:19:12 2025

Set parameter WLSAccessID
Set parameter WLSSecret
Set parameter LicenseID to value 2596424
Set parameter LogFile to value "gurobi.log"
Using license file /Users/yunglong/Downloads/gurobi.lic
Academic license 2596424 - for non-commercial use only - registered to yu___@chalmers.se

Gurobi 12.0.0 (mac64[arm], gurobi_cl) logging started Wed May  7 14:19:41 2025

Set parameter WLSAccessID
Set parameter WLSSecret
Set parameter LicenseID to value 2596424
Set parameter LogFile to value "gurobi.log"
Using license file /Users/yunglong/Downloads/gurobi.lic
Academic license 2596424 - for non-commercial use only - registered to yu___@chalmers.se

Gurobi 12.0.0 (mac64[arm], gurobi_cl) logging started Wed May  7 14:32:39 2025

Set parameter WLSAccessID
Set parameter WLSSecret
Set parameter LicenseID to value 2596424
Set parameter LogFile to value "gurobi.log"
Using license file /Users/yunglong/Downloads/gurobi.lic
Academic license 2596424 - for non-commercial use only - registered to yu___@chalmers.se

Gurobi 12.0.0 (mac64[arm], gurobi_cl) logging started Wed May  7 14:33:03 2025

Set parameter WLSAccessID
Set parameter WLSSecret
Set parameter LicenseID to value 2596424
Set parameter LogFile to value "gurobi.log"
Using license file /Users/yunglong/Downloads/gurobi.lic
Academic license 2596424 - for non-commercial use only - registered to yu___@chalmers.se

Gurobi 12.0.0 (mac64[arm], gurobi_cl) logging started Wed May  7 14:49:03 2025

Set parameter WLSAccessID
Set parameter WLSSecret
Set parameter LicenseID to value 2596424
Set parameter LogFile to value "gurobi.log"
Using license file /Users/yunglong/Downloads/gurobi.lic
Academic license 2596424 - for non-commercial use only - registered to yu___@chalmers.se

Gurobi 12.0.0 (mac64[arm], gurobi_cl) logging started Wed May  7 14:49:23 2025

Set parameter WLSAccessID
Set parameter WLSSecret
Set parameter LicenseID to value 2596424
Set parameter LogFile to value "gurobi.log"
Using license file /Users/yunglong/Downloads/gurobi.lic
Academic license 2596424 - for non-commercial use only - registered to yu___@chalmers.se

Gurobi 12.0.0 (mac64[arm], gurobi_cl) logging started Wed May  7 14:55:00 2025

Set parameter WLSAccessID
Set parameter WLSSecret
Set parameter LicenseID to value 2596424
Set parameter LogFile to value "gurobi.log"
Using license file /Users/yunglong/Downloads/gurobi.lic
Academic license 2596424 - for non-commercial use only - registered to yu___@chalmers.se

Gurobi 12.0.0 (mac64[arm], gurobi_cl) logging started Wed May  7 15:00:14 2025

Set parameter WLSAccessID
Set parameter WLSSecret
Set parameter LicenseID to value 2596424
Set parameter LogFile to value "gurobi.log"
Using license file /Users/yunglong/Downloads/gurobi.lic
Academic license 2596424 - for non-commercial use only - registered to yu___@chalmers.se

Gurobi 12.0.0 (mac64[arm], gurobi_cl) logging started Wed May  7 15:05:55 2025

Set parameter WLSAccessID
Set parameter WLSSecret
Set parameter LicenseID to value 2596424
Set parameter LogFile to value "gurobi.log"
Using license file /Users/yunglong/Downloads/gurobi.lic
Academic license 2596424 - for non-commercial use only - registered to yu___@chalmers.se

Gurobi 12.0.0 (mac64[arm], gurobi_cl) logging started Wed May  7 15:12:10 2025

Set parameter WLSAccessID
Set parameter WLSSecret
Set parameter LicenseID to value 2596424
Set parameter LogFile to value "gurobi.log"
Using license file /Users/yunglong/Downloads/gurobi.lic
Academic license 2596424 - for non-commercial use only - registered to yu___@chalmers.se

Gurobi 12.0.0 (mac64[arm], gurobi_cl) logging started Wed May  7 15:18:21 2025

Set parameter WLSAccessID
Set parameter WLSSecret
Set parameter LicenseID to value 2596424
Set parameter LogFile to value "gurobi.log"
Using license file /Users/yunglong/Downloads/gurobi.lic
Academic license 2596424 - for non-commercial use only - registered to yu___@chalmers.se

Gurobi 12.0.0 (mac64[arm], gurobi_cl) logging started Wed May  7 15:24:09 2025

Set parameter WLSAccessID
Set parameter WLSSecret
Set parameter LicenseID to value 2596424
Set parameter LogFile to value "gurobi.log"
Using license file /Users/yunglong/Downloads/gurobi.lic
Academic license 2596424 - for non-commercial use only - registered to yu___@chalmers.se

Gurobi 12.0.0 (mac64[arm], gurobi_cl) logging started Wed May  7 15:30:28 2025

Set parameter WLSAccessID
Set parameter WLSSecret
Set parameter LicenseID to value 2596424
Set parameter LogFile to value "gurobi.log"
Using license file /Users/yunglong/Downloads/gurobi.lic
Academic license 2596424 - for non-commercial use only - registered to yu___@chalmers.se

Gurobi 12.0.0 (mac64[arm], gurobi_cl) logging started Wed May  7 15:59:56 2025

Set parameter WLSAccessID
Set parameter WLSSecret
Set parameter LicenseID to value 2596424
Set parameter LogFile to value "gurobi.log"
Using license file /Users/yunglong/Downloads/gurobi.lic
Academic license 2596424 - for non-commercial use only - registered to yu___@chalmers.se

Gurobi 12.0.0 (mac64[arm], gurobi_cl) logging started Wed May  7 16:00:21 2025

Set parameter WLSAccessID
Set parameter WLSSecret
Set parameter LicenseID to value 2596424
Set parameter LogFile to value "gurobi.log"
Using license file /Users/yunglong/Downloads/gurobi.lic
Academic license 2596424 - for non-commercial use only - registered to yu___@chalmers.se

Gurobi 12.0.0 (mac64[arm], gurobi_cl) logging started Wed May  7 16:05:37 2025

Set parameter WLSAccessID
Set parameter WLSSecret
Set parameter LicenseID to value 2596424
Set parameter LogFile to value "gurobi.log"
Using license file /Users/yunglong/Downloads/gurobi.lic
Academic license 2596424 - for non-commercial use only - registered to yu___@chalmers.se

Gurobi 12.0.0 (mac64[arm], gurobi_cl) logging started Wed May  7 16:10:44 2025

Set parameter WLSAccessID
Set parameter WLSSecret
Set parameter LicenseID to value 2596424
Set parameter LogFile to value "gurobi.log"
Using license file /Users/yunglong/Downloads/gurobi.lic
Academic license 2596424 - for non-commercial use only - registered to yu___@chalmers.se

Gurobi 12.0.0 (mac64[arm], gurobi_cl) logging started Wed May  7 16:15:45 2025

Set parameter WLSAccessID
Set parameter WLSSecret
Set parameter LicenseID to value 2596424
Set parameter LogFile to value "gurobi.log"
Using license file /Users/yunglong/Downloads/gurobi.lic
Academic license 2596424 - for non-commercial use only - registered to yu___@chalmers.se

Gurobi 12.0.0 (mac64[arm], gurobi_cl) logging started Wed May  7 16:21:27 2025

Set parameter WLSAccessID
Set parameter WLSSecret
Set parameter LicenseID to value 2596424
Set parameter LogFile to value "gurobi.log"
Using license file /Users/yunglong/Downloads/gurobi.lic
Academic license 2596424 - for non-commercial use only - registered to yu___@chalmers.se

Gurobi 12.0.0 (mac64[arm], gurobi_cl) logging started Wed May  7 16:27:20 2025

Set parameter WLSAccessID
Set parameter WLSSecret
Set parameter LicenseID to value 2596424
Set parameter LogFile to value "gurobi.log"
Using license file /Users/yunglong/Downloads/gurobi.lic
Academic license 2596424 - for non-commercial use only - registered to yu___@chalmers.se

Gurobi 12.0.0 (mac64[arm], gurobi_cl) logging started Wed May  7 16:33:29 2025

Set parameter WLSAccessID
Set parameter WLSSecret
Set parameter LicenseID to value 2596424
Set parameter LogFile to value "gurobi.log"
Using license file /Users/yunglong/Downloads/gurobi.lic
Academic license 2596424 - for non-commercial use only - registered to yu___@chalmers.se

Gurobi 12.0.0 (mac64[arm], gurobi_cl) logging started Wed May  7 16:39:17 2025

Set parameter WLSAccessID
Set parameter WLSSecret
Set parameter LicenseID to value 2596424
Set parameter LogFile to value "gurobi.log"
Using license file /Users/yunglong/Downloads/gurobi.lic
Academic license 2596424 - for non-commercial use only - registered to yu___@chalmers.se

Gurobi 12.0.0 (mac64[arm], gurobi_cl) logging started Wed May  7 21:40:34 2025

Set parameter WLSAccessID
Set parameter WLSSecret
Set parameter LicenseID to value 2596424
Set parameter LogFile to value "gurobi.log"
Using license file /Users/yunglong/Downloads/gurobi.lic
Academic license 2596424 - for non-commercial use only - registered to yu___@chalmers.se

Gurobi 12.0.0 (mac64[arm], gurobi_cl) logging started Wed May  7 21:41:01 2025

Set parameter WLSAccessID
Set parameter WLSSecret
Set parameter LicenseID to value 2596424
Set parameter LogFile to value "gurobi.log"
Using license file /Users/yunglong/Downloads/gurobi.lic
Academic license 2596424 - for non-commercial use only - registered to yu___@chalmers.se

Gurobi 12.0.0 (mac64[arm], gurobi_cl) logging started Wed May  7 21:46:25 2025

Set parameter WLSAccessID
Set parameter WLSSecret
Set parameter LicenseID to value 2596424
Set parameter LogFile to value "gurobi.log"
Using license file /Users/yunglong/Downloads/gurobi.lic
Academic license 2596424 - for non-commercial use only - registered to yu___@chalmers.se

Gurobi 12.0.0 (mac64[arm], gurobi_cl) logging started Wed May  7 21:51:43 2025

Set parameter WLSAccessID
Set parameter WLSSecret
Set parameter LicenseID to value 2596424
Set parameter LogFile to value "gurobi.log"
Using license file /Users/yunglong/Downloads/gurobi.lic
Academic license 2596424 - for non-commercial use only - registered to yu___@chalmers.se

Gurobi 12.0.0 (mac64[arm], gurobi_cl) logging started Wed May  7 21:57:11 2025

Set parameter WLSAccessID
Set parameter WLSSecret
Set parameter LicenseID to value 2596424
Set parameter LogFile to value "gurobi.log"
Using license file /Users/yunglong/Downloads/gurobi.lic
Academic license 2596424 - for non-commercial use only - registered to yu___@chalmers.se

Gurobi 12.0.0 (mac64[arm], gurobi_cl) logging started Wed May  7 22:03:07 2025

Set parameter WLSAccessID
Set parameter WLSSecret
Set parameter LicenseID to value 2596424
Set parameter LogFile to value "gurobi.log"
Using license file /Users/yunglong/Downloads/gurobi.lic
Academic license 2596424 - for non-commercial use only - registered to yu___@chalmers.se

Gurobi 12.0.0 (mac64[arm], gurobi_cl) logging started Wed May  7 22:12:42 2025

Set parameter WLSAccessID
Set parameter WLSSecret
Set parameter LicenseID to value 2596424
Set parameter LogFile to value "gurobi.log"
Using license file /Users/yunglong/Downloads/gurobi.lic
Academic license 2596424 - for non-commercial use only - registered to yu___@chalmers.se

Gurobi 12.0.0 (mac64[arm], gurobi_cl) logging started Wed May  7 22:13:02 2025

Set parameter WLSAccessID
Set parameter WLSSecret
Set parameter LicenseID to value 2596424
Set parameter LogFile to value "gurobi.log"
Using license file /Users/yunglong/Downloads/gurobi.lic
Academic license 2596424 - for non-commercial use only - registered to yu___@chalmers.se

Gurobi 12.0.0 (mac64[arm], gurobi_cl) logging started Wed May  7 22:18:36 2025

Set parameter WLSAccessID
Set parameter WLSSecret
Set parameter LicenseID to value 2596424
Set parameter LogFile to value "gurobi.log"
Using license file /Users/yunglong/Downloads/gurobi.lic
Academic license 2596424 - for non-commercial use only - registered to yu___@chalmers.se

Gurobi 12.0.0 (mac64[arm], gurobi_cl) logging started Wed May  7 22:24:12 2025

Set parameter WLSAccessID
Set parameter WLSSecret
Set parameter LicenseID to value 2596424
Set parameter LogFile to value "gurobi.log"
Using license file /Users/yunglong/Downloads/gurobi.lic
Academic license 2596424 - for non-commercial use only - registered to yu___@chalmers.se

Gurobi 12.0.0 (mac64[arm], gurobi_cl) logging started Wed May  7 22:30:00 2025

Set parameter WLSAccessID
Set parameter WLSSecret
Set parameter LicenseID to value 2596424
Set parameter LogFile to value "gurobi.log"
Using license file /Users/yunglong/Downloads/gurobi.lic
Academic license 2596424 - for non-commercial use only - registered to yu___@chalmers.se

Gurobi 12.0.0 (mac64[arm], gurobi_cl) logging started Wed May  7 22:36:27 2025

Set parameter WLSAccessID
Set parameter WLSSecret
Set parameter LicenseID to value 2596424
Set parameter LogFile to value "gurobi.log"
Using license file /Users/yunglong/Downloads/gurobi.lic
Academic license 2596424 - for non-commercial use only - registered to yu___@chalmers.se

Gurobi 12.0.0 (mac64[arm], gurobi_cl) logging started Thu May  8 10:11:54 2025

Set parameter WLSAccessID
Set parameter WLSSecret
Set parameter LicenseID to value 2596424
Set parameter LogFile to value "gurobi.log"
Using license file /Users/yunglong/Downloads/gurobi.lic
Academic license 2596424 - for non-commercial use only - registered to yu___@chalmers.se

Gurobi 12.0.0 (mac64[arm], gurobi_cl) logging started Thu May  8 10:12:13 2025

Set parameter WLSAccessID
Set parameter WLSSecret
Set parameter LicenseID to value 2596424
Set parameter LogFile to value "gurobi.log"
Using license file /Users/yunglong/Downloads/gurobi.lic
Academic license 2596424 - for non-commercial use only - registered to yu___@chalmers.se

Gurobi 12.0.0 (mac64[arm], gurobi_cl) logging started Thu May  8 13:20:20 2025

Set parameter WLSAccessID
Set parameter WLSSecret
Set parameter LicenseID to value 2596424
Set parameter LogFile to value "gurobi.log"
Using license file /Users/yunglong/Downloads/gurobi.lic
Academic license 2596424 - for non-commercial use only - registered to yu___@chalmers.se

Gurobi 12.0.0 (mac64[arm], gurobi_cl) logging started Thu May  8 13:20:40 2025

Set parameter WLSAccessID
Set parameter WLSSecret
Set parameter LicenseID to value 2596424
Set parameter LogFile to value "gurobi.log"
Using license file /Users/yunglong/Downloads/gurobi.lic
Academic license 2596424 - for non-commercial use only - registered to yu___@chalmers.se

Gurobi 12.0.0 (mac64[arm], gurobi_cl) logging started Thu May  8 13:26:18 2025

Set parameter WLSAccessID
Set parameter WLSSecret
Set parameter LicenseID to value 2596424
Set parameter LogFile to value "gurobi.log"
Using license file /Users/yunglong/Downloads/gurobi.lic
Academic license 2596424 - for non-commercial use only - registered to yu___@chalmers.se

Gurobi 12.0.0 (mac64[arm], gurobi_cl) logging started Thu May  8 13:32:15 2025

Set parameter WLSAccessID
Set parameter WLSSecret
Set parameter LicenseID to value 2596424
Set parameter LogFile to value "gurobi.log"
Using license file /Users/yunglong/Downloads/gurobi.lic
Academic license 2596424 - for non-commercial use only - registered to yu___@chalmers.se

Gurobi 12.0.0 (mac64[arm], gurobi_cl) logging started Thu May  8 13:38:24 2025

Set parameter WLSAccessID
Set parameter WLSSecret
Set parameter LicenseID to value 2596424
Set parameter LogFile to value "gurobi.log"
Using license file /Users/yunglong/Downloads/gurobi.lic
Academic license 2596424 - for non-commercial use only - registered to yu___@chalmers.se

Gurobi 12.0.0 (mac64[arm], gurobi_cl) logging started Thu May  8 13:52:49 2025

Set parameter WLSAccessID
Set parameter WLSSecret
Set parameter LicenseID to value 2596424
Set parameter LogFile to value "gurobi.log"
Using license file /Users/yunglong/Downloads/gurobi.lic
Academic license 2596424 - for non-commercial use only - registered to yu___@chalmers.se

Gurobi 12.0.0 (mac64[arm], gurobi_cl) logging started Thu May  8 13:53:03 2025

Set parameter WLSAccessID
Set parameter WLSSecret
Set parameter LicenseID to value 2596424
Set parameter LogFile to value "gurobi.log"
Using license file /Users/yunglong/Downloads/gurobi.lic
Academic license 2596424 - for non-commercial use only - registered to yu___@chalmers.se

Gurobi 12.0.0 (mac64[arm], gurobi_cl) logging started Thu May  8 13:58:49 2025

Set parameter WLSAccessID
Set parameter WLSSecret
Set parameter LicenseID to value 2596424
Set parameter LogFile to value "gurobi.log"
Using license file /Users/yunglong/Downloads/gurobi.lic
Academic license 2596424 - for non-commercial use only - registered to yu___@chalmers.se

Gurobi 12.0.0 (mac64[arm], gurobi_cl) logging started Thu May  8 14:05:11 2025

Set parameter WLSAccessID
Set parameter WLSSecret
Set parameter LicenseID to value 2596424
Set parameter LogFile to value "gurobi.log"
Using license file /Users/yunglong/Downloads/gurobi.lic
Academic license 2596424 - for non-commercial use only - registered to yu___@chalmers.se

Gurobi 12.0.0 (mac64[arm], gurobi_cl) logging started Thu May  8 14:11:13 2025

Set parameter WLSAccessID
Set parameter WLSSecret
Set parameter LicenseID to value 2596424
Set parameter LogFile to value "gurobi.log"
Using license file /Users/yunglong/Downloads/gurobi.lic
Academic license 2596424 - for non-commercial use only - registered to yu___@chalmers.se

Gurobi 12.0.0 (mac64[arm], gurobi_cl) logging started Thu May  8 14:20:42 2025

Set parameter WLSAccessID
Set parameter WLSSecret
Set parameter LicenseID to value 2596424
Set parameter LogFile to value "gurobi.log"
Using license file /Users/yunglong/Downloads/gurobi.lic
Academic license 2596424 - for non-commercial use only - registered to yu___@chalmers.se

Gurobi 12.0.0 (mac64[arm], gurobi_cl) logging started Thu May  8 14:20:51 2025

Set parameter WLSAccessID
Set parameter WLSSecret
Set parameter LicenseID to value 2596424
Set parameter LogFile to value "gurobi.log"
Using license file /Users/yunglong/Downloads/gurobi.lic
Academic license 2596424 - for non-commercial use only - registered to yu___@chalmers.se

Gurobi 12.0.0 (mac64[arm], gurobi_cl) logging started Thu May  8 14:26:53 2025

Set parameter WLSAccessID
Set parameter WLSSecret
Set parameter LicenseID to value 2596424
Set parameter LogFile to value "gurobi.log"
Using license file /Users/yunglong/Downloads/gurobi.lic
Academic license 2596424 - for non-commercial use only - registered to yu___@chalmers.se

Gurobi 12.0.0 (mac64[arm], gurobi_cl) logging started Thu May  8 14:51:44 2025

Set parameter WLSAccessID
Set parameter WLSSecret
Set parameter LicenseID to value 2596424
Set parameter LogFile to value "gurobi.log"
Using license file /Users/yunglong/Downloads/gurobi.lic
Academic license 2596424 - for non-commercial use only - registered to yu___@chalmers.se

Gurobi 12.0.0 (mac64[arm], gurobi_cl) logging started Thu May  8 14:52:09 2025

Set parameter WLSAccessID
Set parameter WLSSecret
Set parameter LicenseID to value 2596424
Set parameter LogFile to value "gurobi.log"
Using license file /Users/yunglong/Downloads/gurobi.lic
Academic license 2596424 - for non-commercial use only - registered to yu___@chalmers.se

Gurobi 12.0.0 (mac64[arm], gurobi_cl) logging started Thu May  8 14:57:24 2025

Set parameter WLSAccessID
Set parameter WLSSecret
Set parameter LicenseID to value 2596424
Set parameter LogFile to value "gurobi.log"
Using license file /Users/yunglong/Downloads/gurobi.lic
Academic license 2596424 - for non-commercial use only - registered to yu___@chalmers.se

Gurobi 12.0.0 (mac64[arm], gurobi_cl) logging started Thu May  8 15:03:22 2025

Set parameter WLSAccessID
Set parameter WLSSecret
Set parameter LicenseID to value 2596424
Set parameter LogFile to value "gurobi.log"
Using license file /Users/yunglong/Downloads/gurobi.lic
Academic license 2596424 - for non-commercial use only - registered to yu___@chalmers.se

Gurobi 12.0.0 (mac64[arm], gurobi_cl) logging started Thu May  8 15:09:01 2025

Set parameter WLSAccessID
Set parameter WLSSecret
Set parameter LicenseID to value 2596424
Set parameter LogFile to value "gurobi.log"
Using license file /Users/yunglong/Downloads/gurobi.lic
Academic license 2596424 - for non-commercial use only - registered to yu___@chalmers.se

Gurobi 12.0.0 (mac64[arm], gurobi_cl) logging started Thu May  8 15:14:47 2025

Set parameter WLSAccessID
Set parameter WLSSecret
Set parameter LicenseID to value 2596424
Set parameter LogFile to value "gurobi.log"
Using license file /Users/yunglong/Downloads/gurobi.lic
Academic license 2596424 - for non-commercial use only - registered to yu___@chalmers.se

Gurobi 12.0.0 (mac64[arm], gurobi_cl) logging started Thu May  8 15:20:26 2025

Set parameter WLSAccessID
Set parameter WLSSecret
Set parameter LicenseID to value 2596424
Set parameter LogFile to value "gurobi.log"
Using license file /Users/yunglong/Downloads/gurobi.lic
Academic license 2596424 - for non-commercial use only - registered to yu___@chalmers.se

Gurobi 12.0.0 (mac64[arm], gurobi_cl) logging started Wed May 21 18:33:48 2025

Set parameter WLSAccessID
Set parameter WLSSecret
Set parameter LicenseID to value 2596424
Set parameter LogFile to value "gurobi.log"
Using license file /Users/yunglong/Downloads/gurobi.lic
Academic license 2596424 - for non-commercial use only - registered to yu___@chalmers.se

Gurobi 12.0.0 (mac64[arm], gurobi_cl) logging started Wed May 21 18:34:40 2025

Set parameter WLSAccessID
Set parameter WLSSecret
Set parameter LicenseID to value 2596424
Set parameter LogFile to value "gurobi.log"
Using license file /Users/yunglong/Downloads/gurobi.lic
Academic license 2596424 - for non-commercial use only - registered to yu___@chalmers.se

Gurobi 12.0.0 (mac64[arm], gurobi_cl) logging started Wed May 21 18:35:05 2025

Set parameter WLSAccessID
Set parameter WLSSecret
Set parameter LicenseID to value 2596424
Set parameter LogFile to value "gurobi.log"
Using license file /Users/yunglong/Downloads/gurobi.lic
Academic license 2596424 - for non-commercial use only - registered to yu___@chalmers.se

Gurobi 12.0.0 (mac64[arm], gurobi_cl) logging started Wed May 21 18:35:18 2025

Set parameter WLSAccessID
Set parameter WLSSecret
Set parameter LicenseID to value 2596424
Set parameter LogFile to value "gurobi.log"
Using license file /Users/yunglong/Downloads/gurobi.lic
Academic license 2596424 - for non-commercial use only - registered to yu___@chalmers.se

Gurobi 12.0.0 (mac64[arm], gurobi_cl) logging started Wed May 21 18:35:29 2025

Set parameter WLSAccessID
Set parameter WLSSecret
Set parameter LicenseID to value 2596424
Set parameter LogFile to value "gurobi.log"
Using license file /Users/yunglong/Downloads/gurobi.lic

Gurobi 12.0.0 (mac64[arm], gurobi_cl) logging started Wed May 21 18:35:29 2025

Set parameter WLSAccessID
Set parameter WLSSecret
Set parameter LicenseID to value 2596424
Set parameter LogFile to value "gurobi.log"
Using license file /Users/yunglong/Downloads/gurobi.lic

Gurobi 12.0.0 (mac64[arm], gurobi_cl) logging started Wed May 21 18:35:29 2025

Set parameter WLSAccessID
Set parameter WLSSecret
Set parameter LicenseID to value 2596424
Set parameter LogFile to value "gurobi.log"
Using license file /Users/yunglong/Downloads/gurobi.lic
Academic license 2596424 - for non-commercial use only - registered to yu___@chalmers.se
Academic license 2596424 - for non-commercial use only - registered to yu___@chalmers.se
Academic license 2596424 - for non-commercial use only - registered to yu___@chalmers.se

Gurobi 12.0.0 (mac64[arm], gurobi_cl) logging started Wed May 21 18:35:34 2025

Set parameter WLSAccessID
Set parameter WLSSecret
Set parameter LicenseID to value 2596424
Set parameter LogFile to value "gurobi.log"
Using license file /Users/yunglong/Downloads/gurobi.lic
Academic license 2596424 - for non-commercial use only - registered to yu___@chalmers.se

Gurobi 12.0.0 (mac64[arm], gurobi_cl) logging started Wed May 21 18:35:34 2025

Set parameter WLSAccessID
Set parameter WLSSecret
Set parameter LicenseID to value 2596424
Set parameter LogFile to value "gurobi.log"
Using license file /Users/yunglong/Downloads/gurobi.lic
Academic license 2596424 - for non-commercial use only - registered to yu___@chalmers.se

Gurobi 12.0.0 (mac64[arm], gurobi_cl) logging started Wed May 21 18:35:36 2025

Set parameter WLSAccessID
Set parameter WLSSecret
Set parameter LicenseID to value 2596424
Set parameter LogFile to value "gurobi.log"
Using license file /Users/yunglong/Downloads/gurobi.lic
Academic license 2596424 - for non-commercial use only - registered to yu___@chalmers.se

Gurobi 12.0.0 (mac64[arm], gurobi_cl) logging started Wed May 21 18:38:00 2025

Set parameter WLSAccessID
Set parameter WLSSecret
Set parameter LicenseID to value 2596424
Set parameter LogFile to value "gurobi.log"
Using license file /Users/yunglong/Downloads/gurobi.lic
Academic license 2596424 - for non-commercial use only - registered to yu___@chalmers.se

Gurobi 12.0.0 (mac64[arm], gurobi_cl) logging started Wed May 21 18:49:48 2025


Gurobi 12.0.0 (mac64[arm], gurobi_cl) logging started Wed May 21 18:49:48 2025

Set parameter WLSAccessID
Set parameter WLSAccessID
Set parameter WLSSecret
Set parameter WLSSecret
Set parameter LicenseID to value 2596424
Set parameter LicenseID to value 2596424
Set parameter LogFile to value "gurobi.log"
Set parameter LogFile to value "gurobi.log"
Using license file /Users/yunglong/Downloads/gurobi.lic
Using license file /Users/yunglong/Downloads/gurobi.lic
Academic license 2596424 - for non-commercial use only - registered to yu___@chalmers.se
Academic license 2596424 - for non-commercial use only - registered to yu___@chalmers.se

Gurobi 12.0.0 (mac64[arm], gurobi_cl) logging started Wed May 21 19:04:05 2025

Set parameter WLSAccessID
Set parameter WLSSecret
Set parameter LicenseID to value 2596424
Set parameter LogFile to value "gurobi.log"
Using license file /Users/yunglong/Downloads/gurobi.lic
Academic license 2596424 - for non-commercial use only - registered to yu___@chalmers.se

Gurobi 12.0.0 (mac64[arm], gurobi_cl) logging started Wed May 21 22:20:02 2025

Set parameter WLSAccessID
Set parameter WLSSecret
Set parameter LicenseID to value 2596424
Set parameter LogFile to value "gurobi.log"
Using license file /Users/yunglong/Downloads/gurobi.lic
Academic license 2596424 - for non-commercial use only - registered to yu___@chalmers.se

Gurobi 12.0.0 (mac64[arm], gurobi_cl) logging started Wed May 21 22:27:50 2025

Set parameter WLSAccessID
Set parameter WLSSecret
Set parameter LicenseID to value 2596424
Set parameter LogFile to value "gurobi.log"
Using license file /Users/yunglong/Downloads/gurobi.lic
Academic license 2596424 - for non-commercial use only - registered to yu___@chalmers.se

Gurobi 12.0.0 (mac64[arm], gurobi_cl) logging started Wed May 21 22:28:24 2025

Set parameter WLSAccessID
Set parameter WLSSecret
Set parameter LicenseID to value 2596424
Set parameter LogFile to value "gurobi.log"
Using license file /Users/yunglong/Downloads/gurobi.lic
Academic license 2596424 - for non-commercial use only - registered to yu___@chalmers.se

Gurobi 12.0.0 (mac64[arm], gurobi_cl) logging started Wed May 21 22:50:25 2025

Set parameter WLSAccessID
Set parameter WLSSecret
Set parameter LicenseID to value 2596424
Set parameter LogFile to value "gurobi.log"
Using license file /Users/yunglong/Downloads/gurobi.lic
Academic license 2596424 - for non-commercial use only - registered to yu___@chalmers.se

Gurobi 12.0.0 (mac64[arm], gurobi_cl) logging started Wed May 21 22:50:51 2025

Set parameter WLSAccessID
Set parameter WLSSecret
Set parameter LicenseID to value 2596424
Set parameter LogFile to value "gurobi.log"
Using license file /Users/yunglong/Downloads/gurobi.lic
Academic license 2596424 - for non-commercial use only - registered to yu___@chalmers.se

Gurobi 12.0.0 (mac64[arm], gurobi_cl) logging started Wed May 21 23:10:33 2025

Set parameter WLSAccessID
Set parameter WLSSecret
Set parameter LicenseID to value 2596424
Set parameter LogFile to value "gurobi.log"
Using license file /Users/yunglong/Downloads/gurobi.lic
Academic license 2596424 - for non-commercial use only - registered to yu___@chalmers.se

Gurobi 12.0.0 (mac64[arm], gurobi_cl) logging started Wed May 21 23:11:03 2025

Set parameter WLSAccessID
Set parameter WLSSecret
Set parameter LicenseID to value 2596424
Set parameter LogFile to value "gurobi.log"
Using license file /Users/yunglong/Downloads/gurobi.lic
Academic license 2596424 - for non-commercial use only - registered to yu___@chalmers.se

Gurobi 12.0.0 (mac64[arm], gurobi_cl) logging started Wed May 21 23:23:09 2025

Set parameter WLSAccessID
Set parameter WLSSecret
Set parameter LicenseID to value 2596424
Set parameter LogFile to value "gurobi.log"
Using license file /Users/yunglong/Downloads/gurobi.lic
Academic license 2596424 - for non-commercial use only - registered to yu___@chalmers.se

Gurobi 12.0.0 (mac64[arm], gurobi_cl) logging started Wed May 21 23:24:31 2025

Set parameter WLSAccessID
Set parameter WLSSecret
Set parameter LicenseID to value 2596424
Set parameter LogFile to value "gurobi.log"
Using license file /Users/yunglong/Downloads/gurobi.lic
Academic license 2596424 - for non-commercial use only - registered to yu___@chalmers.se

Gurobi 12.0.0 (mac64[arm], gurobi_cl) logging started Wed May 21 23:24:50 2025

Set parameter WLSAccessID
Set parameter WLSSecret
Set parameter LicenseID to value 2596424
Set parameter LogFile to value "gurobi.log"
Using license file /Users/yunglong/Downloads/gurobi.lic
Academic license 2596424 - for non-commercial use only - registered to yu___@chalmers.se

Gurobi 12.0.0 (mac64[arm], gurobi_cl) logging started Thu May 22 08:26:37 2025

Set parameter WLSAccessID
Set parameter WLSSecret
Set parameter LicenseID to value 2596424
Set parameter LogFile to value "gurobi.log"
Using license file /Users/yunglong/Downloads/gurobi.lic
Academic license 2596424 - for non-commercial use only - registered to yu___@chalmers.se

Gurobi 12.0.0 (mac64[arm], gurobi_cl) logging started Thu May 22 08:27:09 2025

Set parameter WLSAccessID
Set parameter WLSSecret
Set parameter LicenseID to value 2596424
Set parameter LogFile to value "gurobi.log"
Using license file /Users/yunglong/Downloads/gurobi.lic
Academic license 2596424 - for non-commercial use only - registered to yu___@chalmers.se

Gurobi 12.0.0 (mac64[arm], gurobi_cl) logging started Thu May 22 08:35:33 2025

Set parameter WLSAccessID
Set parameter WLSSecret
Set parameter LicenseID to value 2596424
Set parameter LogFile to value "gurobi.log"
Using license file /Users/yunglong/Downloads/gurobi.lic
Academic license 2596424 - for non-commercial use only - registered to yu___@chalmers.se

Gurobi 12.0.0 (mac64[arm], gurobi_cl) logging started Thu May 22 09:03:17 2025

Set parameter WLSAccessID
Set parameter WLSSecret
Set parameter LicenseID to value 2596424
Set parameter LogFile to value "gurobi.log"
Using license file /Users/yunglong/Downloads/gurobi.lic
Academic license 2596424 - for non-commercial use only - registered to yu___@chalmers.se

Gurobi 12.0.0 (mac64[arm], gurobi_cl) logging started Thu May 22 09:03:53 2025

Set parameter WLSAccessID
Set parameter WLSSecret
Set parameter LicenseID to value 2596424
Set parameter LogFile to value "gurobi.log"
Using license file /Users/yunglong/Downloads/gurobi.lic
Academic license 2596424 - for non-commercial use only - registered to yu___@chalmers.se

Gurobi 12.0.0 (mac64[arm], gurobi_cl) logging started Thu May 22 09:15:38 2025

Set parameter WLSAccessID
Set parameter WLSSecret
Set parameter LicenseID to value 2596424
Set parameter LogFile to value "gurobi.log"
Using license file /Users/yunglong/Downloads/gurobi.lic
Academic license 2596424 - for non-commercial use only - registered to yu___@chalmers.se

Gurobi 12.0.0 (mac64[arm], gurobi_cl) logging started Thu May 22 09:16:11 2025

Set parameter WLSAccessID
Set parameter WLSSecret
Set parameter LicenseID to value 2596424
Set parameter LogFile to value "gurobi.log"
Using license file /Users/yunglong/Downloads/gurobi.lic
Academic license 2596424 - for non-commercial use only - registered to yu___@chalmers.se

Gurobi 12.0.0 (mac64[arm], gurobi_cl) logging started Thu May 22 09:28:45 2025

Set parameter WLSAccessID
Set parameter WLSSecret
Set parameter LicenseID to value 2596424
Set parameter LogFile to value "gurobi.log"
Using license file /Users/yunglong/Downloads/gurobi.lic
Academic license 2596424 - for non-commercial use only - registered to yu___@chalmers.se

Gurobi 12.0.0 (mac64[arm], gurobi_cl) logging started Thu May 22 09:30:39 2025

Set parameter WLSAccessID
Set parameter WLSSecret
Set parameter LicenseID to value 2596424
Set parameter LogFile to value "gurobi.log"
Using license file /Users/yunglong/Downloads/gurobi.lic
Academic license 2596424 - for non-commercial use only - registered to yu___@chalmers.se

Gurobi 12.0.0 (mac64[arm], gurobi_cl) logging started Thu May 22 09:31:00 2025

Set parameter WLSAccessID
Set parameter WLSSecret
Set parameter LicenseID to value 2596424
Set parameter LogFile to value "gurobi.log"
Using license file /Users/yunglong/Downloads/gurobi.lic
Academic license 2596424 - for non-commercial use only - registered to yu___@chalmers.se

Gurobi 12.0.0 (mac64[arm], gurobi_cl) logging started Thu May 22 09:42:31 2025

Set parameter WLSAccessID
Set parameter WLSSecret
Set parameter LicenseID to value 2596424
Set parameter LogFile to value "gurobi.log"
Using license file /Users/yunglong/Downloads/gurobi.lic
Academic license 2596424 - for non-commercial use only - registered to yu___@chalmers.se

Gurobi 12.0.0 (mac64[arm], gurobi_cl) logging started Thu May 22 09:42:53 2025

Set parameter WLSAccessID
Set parameter WLSSecret
Set parameter LicenseID to value 2596424
Set parameter LogFile to value "gurobi.log"
Using license file /Users/yunglong/Downloads/gurobi.lic
Academic license 2596424 - for non-commercial use only - registered to yu___@chalmers.se

Gurobi 12.0.0 (mac64[arm], gurobi_cl) logging started Thu May 22 10:27:32 2025

Set parameter WLSAccessID
Set parameter WLSSecret
Set parameter LicenseID to value 2596424
Set parameter LogFile to value "gurobi.log"
Using license file /Users/yunglong/Downloads/gurobi.lic
Academic license 2596424 - for non-commercial use only - registered to yu___@chalmers.se

Gurobi 12.0.0 (mac64[arm], gurobi_cl) logging started Thu May 22 10:30:05 2025

Set parameter WLSAccessID
Set parameter WLSSecret
Set parameter LicenseID to value 2596424
Set parameter LogFile to value "gurobi.log"
Using license file /Users/yunglong/Downloads/gurobi.lic
Academic license 2596424 - for non-commercial use only - registered to yu___@chalmers.se

Gurobi 12.0.0 (mac64[arm], gurobi_cl) logging started Thu May 22 10:31:15 2025

Set parameter WLSAccessID
Set parameter WLSSecret
Set parameter LicenseID to value 2596424
Set parameter LogFile to value "gurobi.log"
Using license file /Users/yunglong/Downloads/gurobi.lic
Academic license 2596424 - for non-commercial use only - registered to yu___@chalmers.se

Gurobi 12.0.0 (mac64[arm], gurobi_cl) logging started Thu May 22 10:33:36 2025

Set parameter WLSAccessID
Set parameter WLSSecret
Set parameter LicenseID to value 2596424
Set parameter LogFile to value "gurobi.log"
Using license file /Users/yunglong/Downloads/gurobi.lic
Academic license 2596424 - for non-commercial use only - registered to yu___@chalmers.se

Gurobi 12.0.0 (mac64[arm], gurobi_cl) logging started Thu May 22 10:44:00 2025

Set parameter WLSAccessID
Set parameter WLSSecret
Set parameter LicenseID to value 2596424
Set parameter LogFile to value "gurobi.log"
Using license file /Users/yunglong/Downloads/gurobi.lic
Academic license 2596424 - for non-commercial use only - registered to yu___@chalmers.se

Gurobi 12.0.0 (mac64[arm], gurobi_cl) logging started Thu May 22 14:06:52 2025

Set parameter WLSAccessID
Set parameter WLSSecret
Set parameter LicenseID to value 2596424
Set parameter LogFile to value "gurobi.log"
Using license file /Users/yunglong/Downloads/gurobi.lic
Academic license 2596424 - for non-commercial use only - registered to yu___@chalmers.se

Gurobi 12.0.0 (mac64[arm], gurobi_cl) logging started Thu May 22 14:11:50 2025

Set parameter WLSAccessID
Set parameter WLSSecret
Set parameter LicenseID to value 2596424
Set parameter LogFile to value "gurobi.log"
Using license file /Users/yunglong/Downloads/gurobi.lic
Academic license 2596424 - for non-commercial use only - registered to yu___@chalmers.se

Gurobi 12.0.0 (mac64[arm], gurobi_cl) logging started Thu May 22 14:29:58 2025

Set parameter WLSAccessID
Set parameter WLSSecret
Set parameter LicenseID to value 2596424
Set parameter LogFile to value "gurobi.log"
Using license file /Users/yunglong/Downloads/gurobi.lic
Academic license 2596424 - for non-commercial use only - registered to yu___@chalmers.se

Gurobi 12.0.0 (mac64[arm], gurobi_cl) logging started Fri May 23 00:26:35 2025

Set parameter WLSAccessID
Set parameter WLSSecret
Set parameter LicenseID to value 2596424
Set parameter LogFile to value "gurobi.log"
Using license file /Users/yunglong/Downloads/gurobi.lic
Academic license 2596424 - for non-commercial use only - registered to yu___@chalmers.se

Gurobi 12.0.0 (mac64[arm], gurobi_cl) logging started Fri May 23 00:58:07 2025

Set parameter WLSAccessID
Set parameter WLSSecret
Set parameter LicenseID to value 2596424
Set parameter LogFile to value "gurobi.log"
Using license file /Users/yunglong/Downloads/gurobi.lic
Academic license 2596424 - for non-commercial use only - registered to yu___@chalmers.se

Gurobi 12.0.0 (mac64[arm], gurobi_cl) logging started Fri May 23 08:05:32 2025

Set parameter WLSAccessID
Set parameter WLSSecret
Set parameter LicenseID to value 2596424
Set parameter LogFile to value "gurobi.log"
Using license file /Users/yunglong/Downloads/gurobi.lic
Academic license 2596424 - for non-commercial use only - registered to yu___@chalmers.se

Gurobi 12.0.0 (mac64[arm], gurobi_cl) logging started Fri May 23 08:58:57 2025

Set parameter WLSAccessID
Set parameter WLSSecret
Set parameter LicenseID to value 2596424
Set parameter LogFile to value "gurobi.log"
Using license file /Users/yunglong/Downloads/gurobi.lic
Academic license 2596424 - for non-commercial use only - registered to yu___@chalmers.se

Gurobi 12.0.0 (mac64[arm], gurobi_cl) logging started Fri May 23 09:00:25 2025

Set parameter WLSAccessID
Set parameter WLSSecret
Set parameter LicenseID to value 2596424
Set parameter LogFile to value "gurobi.log"
Using license file /Users/yunglong/Downloads/gurobi.lic
Academic license 2596424 - for non-commercial use only - registered to yu___@chalmers.se

Gurobi 12.0.0 (mac64[arm], gurobi_cl) logging started Fri May 23 09:03:44 2025

Set parameter WLSAccessID
Set parameter WLSSecret
Set parameter LicenseID to value 2596424
Set parameter LogFile to value "gurobi.log"
Using license file /Users/yunglong/Downloads/gurobi.lic
Academic license 2596424 - for non-commercial use only - registered to yu___@chalmers.se

Gurobi 12.0.0 (mac64[arm], gurobi_cl) logging started Fri May 23 09:06:58 2025

Set parameter WLSAccessID
Set parameter WLSSecret
Set parameter LicenseID to value 2596424
Set parameter LogFile to value "gurobi.log"
Using license file /Users/yunglong/Downloads/gurobi.lic
Academic license 2596424 - for non-commercial use only - registered to yu___@chalmers.se

Gurobi 12.0.0 (mac64[arm], gurobi_cl) logging started Fri May 23 09:11:47 2025

Set parameter WLSAccessID
Set parameter WLSSecret
Set parameter LicenseID to value 2596424
Set parameter LogFile to value "gurobi.log"
Using license file /Users/yunglong/Downloads/gurobi.lic
Academic license 2596424 - for non-commercial use only - registered to yu___@chalmers.se

Gurobi 12.0.0 (mac64[arm], gurobi_cl) logging started Fri May 23 09:14:06 2025

Set parameter WLSAccessID
Set parameter WLSSecret
Set parameter LicenseID to value 2596424
Set parameter LogFile to value "gurobi.log"
Using license file /Users/yunglong/Downloads/gurobi.lic
Academic license 2596424 - for non-commercial use only - registered to yu___@chalmers.se

Gurobi 12.0.0 (mac64[arm], gurobi_cl) logging started Fri May 23 11:20:56 2025

Set parameter WLSAccessID
Set parameter WLSSecret
Set parameter LicenseID to value 2596424
Set parameter LogFile to value "gurobi.log"
Using license file /Users/yunglong/Downloads/gurobi.lic
Academic license 2596424 - for non-commercial use only - registered to yu___@chalmers.se

Gurobi 12.0.0 (mac64[arm], gurobi_cl) logging started Fri May 23 11:24:07 2025

Set parameter WLSAccessID
Set parameter WLSSecret
Set parameter LicenseID to value 2596424
Set parameter LogFile to value "gurobi.log"
Using license file /Users/yunglong/Downloads/gurobi.lic
Academic license 2596424 - for non-commercial use only - registered to yu___@chalmers.se

Gurobi 12.0.0 (mac64[arm], gurobi_cl) logging started Fri May 23 11:26:02 2025

Set parameter WLSAccessID
Set parameter WLSSecret
Set parameter LicenseID to value 2596424
Set parameter LogFile to value "gurobi.log"
Using license file /Users/yunglong/Downloads/gurobi.lic
Academic license 2596424 - for non-commercial use only - registered to yu___@chalmers.se

Gurobi 12.0.0 (mac64[arm], gurobi_cl) logging started Fri May 23 11:26:47 2025

Set parameter WLSAccessID
Set parameter WLSSecret
Set parameter LicenseID to value 2596424
Set parameter LogFile to value "gurobi.log"
Using license file /Users/yunglong/Downloads/gurobi.lic
Academic license 2596424 - for non-commercial use only - registered to yu___@chalmers.se

Gurobi 12.0.0 (mac64[arm], gurobi_cl) logging started Fri May 23 11:36:05 2025

Set parameter WLSAccessID
Set parameter WLSSecret
Set parameter LicenseID to value 2596424
Set parameter LogFile to value "gurobi.log"
Using license file /Users/yunglong/Downloads/gurobi.lic
Academic license 2596424 - for non-commercial use only - registered to yu___@chalmers.se

Gurobi 12.0.0 (mac64[arm], gurobi_cl) logging started Fri May 23 11:37:19 2025

Set parameter WLSAccessID
Set parameter WLSSecret
Set parameter LicenseID to value 2596424
Set parameter LogFile to value "gurobi.log"
Using license file /Users/yunglong/Downloads/gurobi.lic
Academic license 2596424 - for non-commercial use only - registered to yu___@chalmers.se

Gurobi 12.0.0 (mac64[arm], gurobi_cl) logging started Fri May 23 11:40:19 2025

Set parameter WLSAccessID
Set parameter WLSSecret
Set parameter LicenseID to value 2596424
Set parameter LogFile to value "gurobi.log"
Using license file /Users/yunglong/Downloads/gurobi.lic
Academic license 2596424 - for non-commercial use only - registered to yu___@chalmers.se

Gurobi 12.0.0 (mac64[arm], gurobi_cl) logging started Fri May 23 11:45:12 2025

Set parameter WLSAccessID
Set parameter WLSSecret
Set parameter LicenseID to value 2596424
Set parameter LogFile to value "gurobi.log"
Using license file /Users/yunglong/Downloads/gurobi.lic
Academic license 2596424 - for non-commercial use only - registered to yu___@chalmers.se

Gurobi 12.0.0 (mac64[arm], gurobi_cl) logging started Fri May 23 11:49:26 2025

Set parameter WLSAccessID
Set parameter WLSSecret
Set parameter LicenseID to value 2596424
Set parameter LogFile to value "gurobi.log"
Using license file /Users/yunglong/Downloads/gurobi.lic
Academic license 2596424 - for non-commercial use only - registered to yu___@chalmers.se

Gurobi 12.0.0 (mac64[arm], gurobi_cl) logging started Fri May 23 13:14:04 2025

Set parameter WLSAccessID
Set parameter WLSSecret
Set parameter LicenseID to value 2596424
Set parameter LogFile to value "gurobi.log"
Using license file /Users/yunglong/Downloads/gurobi.lic
Academic license 2596424 - for non-commercial use only - registered to yu___@chalmers.se

Gurobi 12.0.0 (mac64[arm], gurobi_cl) logging started Fri May 23 13:17:37 2025

Set parameter WLSAccessID
Set parameter WLSSecret
Set parameter LicenseID to value 2596424
Set parameter LogFile to value "gurobi.log"
Using license file /Users/yunglong/Downloads/gurobi.lic
Academic license 2596424 - for non-commercial use only - registered to yu___@chalmers.se

Gurobi 12.0.0 (mac64[arm], gurobi_cl) logging started Fri May 23 13:25:24 2025

Set parameter WLSAccessID
Set parameter WLSSecret
Set parameter LicenseID to value 2596424
Set parameter LogFile to value "gurobi.log"
Using license file /Users/yunglong/Downloads/gurobi.lic
Academic license 2596424 - for non-commercial use only - registered to yu___@chalmers.se

Gurobi 12.0.0 (mac64[arm], gurobi_cl) logging started Fri May 23 15:46:19 2025

Set parameter WLSAccessID
Set parameter WLSSecret
Set parameter LicenseID to value 2596424
Set parameter LogFile to value "gurobi.log"
Using license file /Users/yunglong/Downloads/gurobi.lic
Academic license 2596424 - for non-commercial use only - registered to yu___@chalmers.se

Gurobi 12.0.0 (mac64[arm], gurobi_cl) logging started Fri May 23 15:48:06 2025

Set parameter WLSAccessID
Set parameter WLSSecret
Set parameter LicenseID to value 2596424
Set parameter LogFile to value "gurobi.log"
Using license file /Users/yunglong/Downloads/gurobi.lic
Academic license 2596424 - for non-commercial use only - registered to yu___@chalmers.se

Gurobi 12.0.0 (mac64[arm], gurobi_cl) logging started Fri May 23 15:51:05 2025

Set parameter WLSAccessID
Set parameter WLSSecret
Set parameter LicenseID to value 2596424
Set parameter LogFile to value "gurobi.log"
Using license file /Users/yunglong/Downloads/gurobi.lic
Academic license 2596424 - for non-commercial use only - registered to yu___@chalmers.se

Gurobi 12.0.0 (mac64[arm], gurobi_cl) logging started Fri May 23 15:52:43 2025

Set parameter WLSAccessID
Set parameter WLSSecret
Set parameter LicenseID to value 2596424
Set parameter LogFile to value "gurobi.log"
Using license file /Users/yunglong/Downloads/gurobi.lic
Academic license 2596424 - for non-commercial use only - registered to yu___@chalmers.se

Gurobi 12.0.0 (mac64[arm], gurobi_cl) logging started Fri May 23 16:06:09 2025

Set parameter WLSAccessID
Set parameter WLSSecret
Set parameter LicenseID to value 2596424
Set parameter LogFile to value "gurobi.log"
Using license file /Users/yunglong/Downloads/gurobi.lic
Academic license 2596424 - for non-commercial use only - registered to yu___@chalmers.se

Gurobi 12.0.0 (mac64[arm], gurobi_cl) logging started Fri May 23 16:17:03 2025

Set parameter WLSAccessID
Set parameter WLSSecret
Set parameter LicenseID to value 2596424
Set parameter LogFile to value "gurobi.log"
Using license file /Users/yunglong/Downloads/gurobi.lic
Academic license 2596424 - for non-commercial use only - registered to yu___@chalmers.se

Gurobi 12.0.0 (mac64[arm], gurobi_cl) logging started Fri May 23 16:19:12 2025

Set parameter WLSAccessID
Set parameter WLSSecret
Set parameter LicenseID to value 2596424
Set parameter LogFile to value "gurobi.log"
Using license file /Users/yunglong/Downloads/gurobi.lic
Academic license 2596424 - for non-commercial use only - registered to yu___@chalmers.se

Gurobi 12.0.0 (mac64[arm], gurobi_cl) logging started Fri May 23 16:19:26 2025

Set parameter WLSAccessID
Set parameter WLSSecret
Set parameter LicenseID to value 2596424
Set parameter LogFile to value "gurobi.log"
Using license file /Users/yunglong/Downloads/gurobi.lic
Academic license 2596424 - for non-commercial use only - registered to yu___@chalmers.se

Gurobi 12.0.0 (mac64[arm], gurobi_cl) logging started Fri May 23 16:29:36 2025

Set parameter WLSAccessID
Set parameter WLSSecret
Set parameter LicenseID to value 2596424
Set parameter LogFile to value "gurobi.log"
Using license file /Users/yunglong/Downloads/gurobi.lic
Academic license 2596424 - for non-commercial use only - registered to yu___@chalmers.se

Gurobi 12.0.0 (mac64[arm], gurobi_cl) logging started Fri May 23 16:30:02 2025

Set parameter WLSAccessID
Set parameter WLSSecret
Set parameter LicenseID to value 2596424
Set parameter LogFile to value "gurobi.log"
Using license file /Users/yunglong/Downloads/gurobi.lic
Academic license 2596424 - for non-commercial use only - registered to yu___@chalmers.se

Gurobi 12.0.0 (mac64[arm], gurobi_cl) logging started Fri May 23 16:36:08 2025

Set parameter WLSAccessID
Set parameter WLSSecret
Set parameter LicenseID to value 2596424
Set parameter LogFile to value "gurobi.log"
Using license file /Users/yunglong/Downloads/gurobi.lic
Academic license 2596424 - for non-commercial use only - registered to yu___@chalmers.se

Gurobi 12.0.0 (mac64[arm], gurobi_cl) logging started Fri May 23 16:38:04 2025

Set parameter WLSAccessID
Set parameter WLSSecret
Set parameter LicenseID to value 2596424
Set parameter LogFile to value "gurobi.log"
Using license file /Users/yunglong/Downloads/gurobi.lic
Academic license 2596424 - for non-commercial use only - registered to yu___@chalmers.se

Gurobi 12.0.0 (mac64[arm], gurobi_cl) logging started Fri May 23 16:38:36 2025

Set parameter WLSAccessID
Set parameter WLSSecret
Set parameter LicenseID to value 2596424
Set parameter LogFile to value "gurobi.log"
Using license file /Users/yunglong/Downloads/gurobi.lic
Academic license 2596424 - for non-commercial use only - registered to yu___@chalmers.se

Gurobi 12.0.0 (mac64[arm], gurobi_cl) logging started Fri May 23 16:42:00 2025

Set parameter WLSAccessID
Set parameter WLSSecret
Set parameter LicenseID to value 2596424
Set parameter LogFile to value "gurobi.log"
Using license file /Users/yunglong/Downloads/gurobi.lic
Academic license 2596424 - for non-commercial use only - registered to yu___@chalmers.se

Gurobi 12.0.0 (mac64[arm], gurobi_cl) logging started Fri May 23 16:44:01 2025

Set parameter WLSAccessID
Set parameter WLSSecret
Set parameter LicenseID to value 2596424
Set parameter LogFile to value "gurobi.log"
Using license file /Users/yunglong/Downloads/gurobi.lic
Academic license 2596424 - for non-commercial use only - registered to yu___@chalmers.se

Gurobi 12.0.0 (mac64[arm], gurobi_cl) logging started Fri May 23 16:44:24 2025

Set parameter WLSAccessID
Set parameter WLSSecret
Set parameter LicenseID to value 2596424
Set parameter LogFile to value "gurobi.log"
Using license file /Users/yunglong/Downloads/gurobi.lic
Academic license 2596424 - for non-commercial use only - registered to yu___@chalmers.se

Gurobi 12.0.0 (mac64[arm], gurobi_cl) logging started Fri May 23 16:53:30 2025

Set parameter WLSAccessID
Set parameter WLSSecret
Set parameter LicenseID to value 2596424
Set parameter LogFile to value "gurobi.log"
Using license file /Users/yunglong/Downloads/gurobi.lic
Academic license 2596424 - for non-commercial use only - registered to yu___@chalmers.se

Gurobi 12.0.0 (mac64[arm], gurobi_cl) logging started Fri May 23 17:02:42 2025

Set parameter WLSAccessID
Set parameter WLSSecret
Set parameter LicenseID to value 2596424
Set parameter LogFile to value "gurobi.log"
Using license file /Users/yunglong/Downloads/gurobi.lic
Academic license 2596424 - for non-commercial use only - registered to yu___@chalmers.se

Gurobi 12.0.0 (mac64[arm], gurobi_cl) logging started Sat May 24 15:58:13 2025

Set parameter WLSAccessID
Set parameter WLSSecret
Set parameter LicenseID to value 2596424
Set parameter LogFile to value "gurobi.log"
Using license file /Users/yunglong/Downloads/gurobi.lic
Academic license 2596424 - for non-commercial use only - registered to yu___@chalmers.se

Gurobi 12.0.0 (mac64[arm], gurobi_cl) logging started Sat May 24 17:21:40 2025

Set parameter WLSAccessID
Set parameter WLSSecret
Set parameter LicenseID to value 2596424
Set parameter LogFile to value "gurobi.log"
Using license file /Users/yunglong/Downloads/gurobi.lic
Academic license 2596424 - for non-commercial use only - registered to yu___@chalmers.se

Gurobi 12.0.0 (mac64[arm], gurobi_cl) logging started Sat May 24 17:22:51 2025

Set parameter WLSAccessID
Set parameter WLSSecret
Set parameter LicenseID to value 2596424
Set parameter LogFile to value "gurobi.log"
Using license file /Users/yunglong/Downloads/gurobi.lic
Academic license 2596424 - for non-commercial use only - registered to yu___@chalmers.se

Gurobi 12.0.0 (mac64[arm], gurobi_cl) logging started Sat May 24 17:23:36 2025

Set parameter WLSAccessID
Set parameter WLSSecret
Set parameter LicenseID to value 2596424
Set parameter LogFile to value "gurobi.log"
Using license file /Users/yunglong/Downloads/gurobi.lic
Academic license 2596424 - for non-commercial use only - registered to yu___@chalmers.se

Gurobi 12.0.0 (mac64[arm], gurobi_cl) logging started Sat May 24 17:26:39 2025

Set parameter WLSAccessID
Set parameter WLSSecret
Set parameter LicenseID to value 2596424
Set parameter LogFile to value "gurobi.log"
Using license file /Users/yunglong/Downloads/gurobi.lic
Academic license 2596424 - for non-commercial use only - registered to yu___@chalmers.se

Gurobi 12.0.0 (mac64[arm], gurobi_cl) logging started Sat May 24 17:30:53 2025

Set parameter WLSAccessID
Set parameter WLSSecret
Set parameter LicenseID to value 2596424
Set parameter LogFile to value "gurobi.log"
Using license file /Users/yunglong/Downloads/gurobi.lic
Academic license 2596424 - for non-commercial use only - registered to yu___@chalmers.se

Gurobi 12.0.0 (mac64[arm], gurobi_cl) logging started Sat May 24 17:31:08 2025

Set parameter WLSAccessID
Set parameter WLSSecret
Set parameter LicenseID to value 2596424
Set parameter LogFile to value "gurobi.log"
Using license file /Users/yunglong/Downloads/gurobi.lic
Academic license 2596424 - for non-commercial use only - registered to yu___@chalmers.se

Gurobi 12.0.0 (mac64[arm], gurobi_cl) logging started Sat May 24 18:06:31 2025

Set parameter WLSAccessID
Set parameter WLSSecret
Set parameter LicenseID to value 2596424
Set parameter LogFile to value "gurobi.log"
Using license file /Users/yunglong/Downloads/gurobi.lic
Academic license 2596424 - for non-commercial use only - registered to yu___@chalmers.se

Gurobi 12.0.0 (mac64[arm], gurobi_cl) logging started Sat May 24 18:14:12 2025

Set parameter WLSAccessID
Set parameter WLSSecret
Set parameter LicenseID to value 2596424
Set parameter LogFile to value "gurobi.log"
Using license file /Users/yunglong/Downloads/gurobi.lic
Academic license 2596424 - for non-commercial use only - registered to yu___@chalmers.se

Gurobi 12.0.0 (mac64[arm], gurobi_cl) logging started Sat May 24 18:15:02 2025

Set parameter WLSAccessID
Set parameter WLSSecret
Set parameter LicenseID to value 2596424
Set parameter LogFile to value "gurobi.log"
Using license file /Users/yunglong/Downloads/gurobi.lic
Academic license 2596424 - for non-commercial use only - registered to yu___@chalmers.se

Gurobi 12.0.0 (mac64[arm], gurobi_cl) logging started Sat May 24 18:15:27 2025

Set parameter WLSAccessID
Set parameter WLSSecret
Set parameter LicenseID to value 2596424
Set parameter LogFile to value "gurobi.log"
Using license file /Users/yunglong/Downloads/gurobi.lic
Academic license 2596424 - for non-commercial use only - registered to yu___@chalmers.se

Gurobi 12.0.0 (mac64[arm], gurobi_cl) logging started Sat May 24 18:16:21 2025

Set parameter WLSAccessID
Set parameter WLSSecret
Set parameter LicenseID to value 2596424
Set parameter LogFile to value "gurobi.log"
Using license file /Users/yunglong/Downloads/gurobi.lic
Academic license 2596424 - for non-commercial use only - registered to yu___@chalmers.se

Gurobi 12.0.0 (mac64[arm], gurobi_cl) logging started Sat May 24 18:16:48 2025

Set parameter WLSAccessID
Set parameter WLSSecret
Set parameter LicenseID to value 2596424
Set parameter LogFile to value "gurobi.log"
Using license file /Users/yunglong/Downloads/gurobi.lic
Academic license 2596424 - for non-commercial use only - registered to yu___@chalmers.se

Gurobi 12.0.0 (mac64[arm], gurobi_cl) logging started Sat May 24 18:18:06 2025

Set parameter WLSAccessID
Set parameter WLSSecret
Set parameter LicenseID to value 2596424
Set parameter LogFile to value "gurobi.log"
Using license file /Users/yunglong/Downloads/gurobi.lic
Academic license 2596424 - for non-commercial use only - registered to yu___@chalmers.se

Gurobi 12.0.0 (mac64[arm], gurobi_cl) logging started Sat May 24 18:19:24 2025

Set parameter WLSAccessID
Set parameter WLSSecret
Set parameter LicenseID to value 2596424
Set parameter LogFile to value "gurobi.log"
Using license file /Users/yunglong/Downloads/gurobi.lic
Academic license 2596424 - for non-commercial use only - registered to yu___@chalmers.se

Gurobi 12.0.0 (mac64[arm], gurobi_cl) logging started Sat May 24 18:21:46 2025

Set parameter WLSAccessID
Set parameter WLSSecret
Set parameter LicenseID to value 2596424
Set parameter LogFile to value "gurobi.log"
Using license file /Users/yunglong/Downloads/gurobi.lic
Academic license 2596424 - for non-commercial use only - registered to yu___@chalmers.se

Gurobi 12.0.0 (mac64[arm], gurobi_cl) logging started Sat May 24 18:22:06 2025

Set parameter WLSAccessID
Set parameter WLSSecret
Set parameter LicenseID to value 2596424
Set parameter LogFile to value "gurobi.log"
Using license file /Users/yunglong/Downloads/gurobi.lic
Academic license 2596424 - for non-commercial use only - registered to yu___@chalmers.se

Gurobi 12.0.0 (mac64[arm], gurobi_cl) logging started Sat May 24 18:33:28 2025

Set parameter WLSAccessID
Set parameter WLSSecret
Set parameter LicenseID to value 2596424
Set parameter LogFile to value "gurobi.log"
Using license file /Users/yunglong/Downloads/gurobi.lic
Academic license 2596424 - for non-commercial use only - registered to yu___@chalmers.se

Gurobi 12.0.0 (mac64[arm], gurobi_cl) logging started Sat May 24 18:33:42 2025

Set parameter WLSAccessID
Set parameter WLSSecret
Set parameter LicenseID to value 2596424
Set parameter LogFile to value "gurobi.log"
Using license file /Users/yunglong/Downloads/gurobi.lic
Academic license 2596424 - for non-commercial use only - registered to yu___@chalmers.se

Gurobi 12.0.0 (mac64[arm], gurobi_cl) logging started Sat May 24 18:46:17 2025

Set parameter WLSAccessID
Set parameter WLSSecret
Set parameter LicenseID to value 2596424
Set parameter LogFile to value "gurobi.log"
Using license file /Users/yunglong/Downloads/gurobi.lic
Academic license 2596424 - for non-commercial use only - registered to yu___@chalmers.se

Gurobi 12.0.0 (mac64[arm], gurobi_cl) logging started Sat May 24 18:47:43 2025

Set parameter WLSAccessID
Set parameter WLSSecret
Set parameter LicenseID to value 2596424
Set parameter LogFile to value "gurobi.log"
Using license file /Users/yunglong/Downloads/gurobi.lic
Academic license 2596424 - for non-commercial use only - registered to yu___@chalmers.se

Gurobi 12.0.0 (mac64[arm], gurobi_cl) logging started Sat May 24 18:47:56 2025

Set parameter WLSAccessID
Set parameter WLSSecret
Set parameter LicenseID to value 2596424
Set parameter LogFile to value "gurobi.log"
Using license file /Users/yunglong/Downloads/gurobi.lic
Academic license 2596424 - for non-commercial use only - registered to yu___@chalmers.se

Gurobi 12.0.0 (mac64[arm], gurobi_cl) logging started Sat May 24 18:49:22 2025

Set parameter WLSAccessID
Set parameter WLSSecret
Set parameter LicenseID to value 2596424
Set parameter LogFile to value "gurobi.log"
Using license file /Users/yunglong/Downloads/gurobi.lic
Academic license 2596424 - for non-commercial use only - registered to yu___@chalmers.se

Gurobi 12.0.0 (mac64[arm], gurobi_cl) logging started Sat May 24 18:49:37 2025

Set parameter WLSAccessID
Set parameter WLSSecret
Set parameter LicenseID to value 2596424
Set parameter LogFile to value "gurobi.log"
Using license file /Users/yunglong/Downloads/gurobi.lic
Academic license 2596424 - for non-commercial use only - registered to yu___@chalmers.se

Gurobi 12.0.0 (mac64[arm], gurobi_cl) logging started Sat May 24 18:58:44 2025

Set parameter WLSAccessID
Set parameter WLSSecret
Set parameter LicenseID to value 2596424
Set parameter LogFile to value "gurobi.log"
Using license file /Users/yunglong/Downloads/gurobi.lic
Academic license 2596424 - for non-commercial use only - registered to yu___@chalmers.se

Gurobi 12.0.0 (mac64[arm], gurobi_cl) logging started Sat May 24 18:58:59 2025

Set parameter WLSAccessID
Set parameter WLSSecret
Set parameter LicenseID to value 2596424
Set parameter LogFile to value "gurobi.log"
Using license file /Users/yunglong/Downloads/gurobi.lic
Academic license 2596424 - for non-commercial use only - registered to yu___@chalmers.se

Gurobi 12.0.0 (mac64[arm], gurobi_cl) logging started Sun May 25 00:41:30 2025

Set parameter WLSAccessID
Set parameter WLSSecret
Set parameter LicenseID to value 2596424
Set parameter LogFile to value "gurobi.log"
Using license file /Users/yunglong/Downloads/gurobi.lic
Academic license 2596424 - for non-commercial use only - registered to yu___@chalmers.se

Gurobi 12.0.0 (mac64[arm], gurobi_cl) logging started Sun May 25 00:51:10 2025

Set parameter WLSAccessID
Set parameter WLSSecret
Set parameter LicenseID to value 2596424
Set parameter LogFile to value "gurobi.log"
Using license file /Users/yunglong/Downloads/gurobi.lic
Academic license 2596424 - for non-commercial use only - registered to yu___@chalmers.se

Gurobi 12.0.0 (mac64[arm], gurobi_cl) logging started Sun May 25 00:59:56 2025

Set parameter WLSAccessID
Set parameter WLSSecret
Set parameter LicenseID to value 2596424
Set parameter LogFile to value "gurobi.log"
Using license file /Users/yunglong/Downloads/gurobi.lic
Academic license 2596424 - for non-commercial use only - registered to yu___@chalmers.se

Gurobi 12.0.0 (mac64[arm], gurobi_cl) logging started Sun May 25 01:00:20 2025

Set parameter WLSAccessID
Set parameter WLSSecret
Set parameter LicenseID to value 2596424
Set parameter LogFile to value "gurobi.log"
Using license file /Users/yunglong/Downloads/gurobi.lic
Academic license 2596424 - for non-commercial use only - registered to yu___@chalmers.se

Gurobi 12.0.0 (mac64[arm], gurobi_cl) logging started Sun May 25 01:25:13 2025

Set parameter WLSAccessID
Set parameter WLSSecret
Set parameter LicenseID to value 2596424
Set parameter LogFile to value "gurobi.log"
Using license file /Users/yunglong/Downloads/gurobi.lic
Academic license 2596424 - for non-commercial use only - registered to yu___@chalmers.se

Gurobi 12.0.0 (mac64[arm], gurobi_cl) logging started Sun May 25 01:25:41 2025

Set parameter WLSAccessID
Set parameter WLSSecret
Set parameter LicenseID to value 2596424
Set parameter LogFile to value "gurobi.log"
Using license file /Users/yunglong/Downloads/gurobi.lic
Academic license 2596424 - for non-commercial use only - registered to yu___@chalmers.se

Gurobi 12.0.0 (mac64[arm], gurobi_cl) logging started Sun May 25 08:41:03 2025

Set parameter WLSAccessID
Set parameter WLSSecret
Set parameter LicenseID to value 2596424
Set parameter LogFile to value "gurobi.log"
Using license file /Users/yunglong/Downloads/gurobi.lic
Academic license 2596424 - for non-commercial use only - registered to yu___@chalmers.se

Gurobi 12.0.0 (mac64[arm], gurobi_cl) logging started Sun May 25 08:42:24 2025

Set parameter WLSAccessID
Set parameter WLSSecret
Set parameter LicenseID to value 2596424
Set parameter LogFile to value "gurobi.log"
Using license file /Users/yunglong/Downloads/gurobi.lic
Academic license 2596424 - for non-commercial use only - registered to yu___@chalmers.se

Gurobi 12.0.0 (mac64[arm], gurobi_cl) logging started Sun May 25 08:44:02 2025

Set parameter WLSAccessID
Set parameter WLSSecret
Set parameter LicenseID to value 2596424
Set parameter LogFile to value "gurobi.log"
Using license file /Users/yunglong/Downloads/gurobi.lic
Academic license 2596424 - for non-commercial use only - registered to yu___@chalmers.se

Gurobi 12.0.0 (mac64[arm], gurobi_cl) logging started Sun May 25 08:44:24 2025

Set parameter WLSAccessID
Set parameter WLSSecret
Set parameter LicenseID to value 2596424
Set parameter LogFile to value "gurobi.log"
Using license file /Users/yunglong/Downloads/gurobi.lic
Academic license 2596424 - for non-commercial use only - registered to yu___@chalmers.se

Gurobi 12.0.0 (mac64[arm], gurobi_cl) logging started Sun May 25 08:48:27 2025

Set parameter WLSAccessID
Set parameter WLSSecret
Set parameter LicenseID to value 2596424
Set parameter LogFile to value "gurobi.log"
Using license file /Users/yunglong/Downloads/gurobi.lic
Academic license 2596424 - for non-commercial use only - registered to yu___@chalmers.se

Gurobi 12.0.0 (mac64[arm], gurobi_cl) logging started Sun May 25 08:48:51 2025

Set parameter WLSAccessID
Set parameter WLSSecret
Set parameter LicenseID to value 2596424
Set parameter LogFile to value "gurobi.log"
Using license file /Users/yunglong/Downloads/gurobi.lic
Academic license 2596424 - for non-commercial use only - registered to yu___@chalmers.se

Gurobi 12.0.0 (mac64[arm], gurobi_cl) logging started Sun May 25 09:02:16 2025

Set parameter WLSAccessID
Set parameter WLSSecret
Set parameter LicenseID to value 2596424
Set parameter LogFile to value "gurobi.log"
Using license file /Users/yunglong/Downloads/gurobi.lic
Academic license 2596424 - for non-commercial use only - registered to yu___@chalmers.se

Gurobi 12.0.0 (mac64[arm], gurobi_cl) logging started Sun May 25 09:02:41 2025

Set parameter WLSAccessID
Set parameter WLSSecret
Set parameter LicenseID to value 2596424
Set parameter LogFile to value "gurobi.log"
Using license file /Users/yunglong/Downloads/gurobi.lic
Academic license 2596424 - for non-commercial use only - registered to yu___@chalmers.se

Gurobi 12.0.0 (mac64[arm], gurobi_cl) logging started Sun May 25 09:16:57 2025

Set parameter WLSAccessID
Set parameter WLSSecret
Set parameter LicenseID to value 2596424
Set parameter LogFile to value "gurobi.log"
Using license file /Users/yunglong/Downloads/gurobi.lic
Academic license 2596424 - for non-commercial use only - registered to yu___@chalmers.se

Gurobi 12.0.0 (mac64[arm], gurobi_cl) logging started Sun May 25 09:20:58 2025

Set parameter WLSAccessID
Set parameter WLSSecret
Set parameter LicenseID to value 2596424
Set parameter LogFile to value "gurobi.log"
Using license file /Users/yunglong/Downloads/gurobi.lic
Academic license 2596424 - for non-commercial use only - registered to yu___@chalmers.se

Gurobi 12.0.0 (mac64[arm], gurobi_cl) logging started Sun May 25 09:22:11 2025

Set parameter WLSAccessID
Set parameter WLSSecret
Set parameter LicenseID to value 2596424
Set parameter LogFile to value "gurobi.log"
Using license file /Users/yunglong/Downloads/gurobi.lic
Academic license 2596424 - for non-commercial use only - registered to yu___@chalmers.se

Gurobi 12.0.0 (mac64[arm], gurobi_cl) logging started Sun May 25 09:28:39 2025

Set parameter WLSAccessID
Set parameter WLSSecret
Set parameter LicenseID to value 2596424
Set parameter LogFile to value "gurobi.log"
Using license file /Users/yunglong/Downloads/gurobi.lic
Academic license 2596424 - for non-commercial use only - registered to yu___@chalmers.se

Gurobi 12.0.0 (mac64[arm], gurobi_cl) logging started Sun May 25 09:45:26 2025

Set parameter WLSAccessID
Set parameter WLSSecret
Set parameter LicenseID to value 2596424
Set parameter LogFile to value "gurobi.log"
Using license file /Users/yunglong/Downloads/gurobi.lic
Academic license 2596424 - for non-commercial use only - registered to yu___@chalmers.se

Gurobi 12.0.0 (mac64[arm], gurobi_cl) logging started Sun May 25 09:48:55 2025

Set parameter WLSAccessID
Set parameter WLSSecret
Set parameter LicenseID to value 2596424
Set parameter LogFile to value "gurobi.log"
Using license file /Users/yunglong/Downloads/gurobi.lic
Academic license 2596424 - for non-commercial use only - registered to yu___@chalmers.se

Gurobi 12.0.0 (mac64[arm], gurobi_cl) logging started Sun May 25 09:52:15 2025

Set parameter WLSAccessID
Set parameter WLSSecret
Set parameter LicenseID to value 2596424
Set parameter LogFile to value "gurobi.log"
Using license file /Users/yunglong/Downloads/gurobi.lic
Academic license 2596424 - for non-commercial use only - registered to yu___@chalmers.se

Gurobi 12.0.0 (mac64[arm], gurobi_cl) logging started Sun May 25 09:52:54 2025

Set parameter WLSAccessID
Set parameter WLSSecret
Set parameter LicenseID to value 2596424
Set parameter LogFile to value "gurobi.log"
Using license file /Users/yunglong/Downloads/gurobi.lic
Academic license 2596424 - for non-commercial use only - registered to yu___@chalmers.se

Gurobi 12.0.0 (mac64[arm], gurobi_cl) logging started Sun May 25 09:57:31 2025

Set parameter WLSAccessID
Set parameter WLSSecret
Set parameter LicenseID to value 2596424
Set parameter LogFile to value "gurobi.log"
Using license file /Users/yunglong/Downloads/gurobi.lic
Academic license 2596424 - for non-commercial use only - registered to yu___@chalmers.se

Gurobi 12.0.0 (mac64[arm], gurobi_cl) logging started Sun May 25 10:02:55 2025

Set parameter WLSAccessID
Set parameter WLSSecret
Set parameter LicenseID to value 2596424
Set parameter LogFile to value "gurobi.log"
Using license file /Users/yunglong/Downloads/gurobi.lic
Academic license 2596424 - for non-commercial use only - registered to yu___@chalmers.se

Gurobi 12.0.0 (mac64[arm], gurobi_cl) logging started Sun May 25 10:03:27 2025

Set parameter WLSAccessID
Set parameter WLSSecret
Set parameter LicenseID to value 2596424
Set parameter LogFile to value "gurobi.log"
Using license file /Users/yunglong/Downloads/gurobi.lic
Academic license 2596424 - for non-commercial use only - registered to yu___@chalmers.se

Gurobi 12.0.0 (mac64[arm], gurobi_cl) logging started Sun May 25 10:16:31 2025

Set parameter WLSAccessID
Set parameter WLSSecret
Set parameter LicenseID to value 2596424
Set parameter LogFile to value "gurobi.log"
Using license file /Users/yunglong/Downloads/gurobi.lic
Academic license 2596424 - for non-commercial use only - registered to yu___@chalmers.se

Gurobi 12.0.0 (mac64[arm], gurobi_cl) logging started Sun May 25 10:19:43 2025

Set parameter WLSAccessID
Set parameter WLSSecret
Set parameter LicenseID to value 2596424
Set parameter LogFile to value "gurobi.log"
Using license file /Users/yunglong/Downloads/gurobi.lic
Academic license 2596424 - for non-commercial use only - registered to yu___@chalmers.se

Gurobi 12.0.0 (mac64[arm], gurobi_cl) logging started Sun May 25 10:22:54 2025

Set parameter WLSAccessID
Set parameter WLSSecret
Set parameter LicenseID to value 2596424
Set parameter LogFile to value "gurobi.log"
Using license file /Users/yunglong/Downloads/gurobi.lic
Academic license 2596424 - for non-commercial use only - registered to yu___@chalmers.se

Gurobi 12.0.0 (mac64[arm], gurobi_cl) logging started Sun May 25 10:23:14 2025

Set parameter WLSAccessID
Set parameter WLSSecret
Set parameter LicenseID to value 2596424
Set parameter LogFile to value "gurobi.log"
Using license file /Users/yunglong/Downloads/gurobi.lic
Academic license 2596424 - for non-commercial use only - registered to yu___@chalmers.se

Gurobi 12.0.0 (mac64[arm], gurobi_cl) logging started Sun May 25 10:33:11 2025

Set parameter WLSAccessID
Set parameter WLSSecret
Set parameter LicenseID to value 2596424
Set parameter LogFile to value "gurobi.log"
Using license file /Users/yunglong/Downloads/gurobi.lic
Academic license 2596424 - for non-commercial use only - registered to yu___@chalmers.se

Gurobi 12.0.0 (mac64[arm], gurobi_cl) logging started Sun May 25 10:38:28 2025

Set parameter WLSAccessID
Set parameter WLSSecret
Set parameter LicenseID to value 2596424
Set parameter LogFile to value "gurobi.log"
Using license file /Users/yunglong/Downloads/gurobi.lic
Academic license 2596424 - for non-commercial use only - registered to yu___@chalmers.se

Gurobi 12.0.0 (mac64[arm], gurobi_cl) logging started Sun May 25 10:49:57 2025

Set parameter WLSAccessID
Set parameter WLSSecret
Set parameter LicenseID to value 2596424
Set parameter LogFile to value "gurobi.log"
Using license file /Users/yunglong/Downloads/gurobi.lic
Academic license 2596424 - for non-commercial use only - registered to yu___@chalmers.se

Gurobi 12.0.0 (mac64[arm], gurobi_cl) logging started Sun May 25 10:51:28 2025

Set parameter WLSAccessID
Set parameter WLSSecret
Set parameter LicenseID to value 2596424
Set parameter LogFile to value "gurobi.log"
Using license file /Users/yunglong/Downloads/gurobi.lic
Academic license 2596424 - for non-commercial use only - registered to yu___@chalmers.se

Gurobi 12.0.0 (mac64[arm], gurobi_cl) logging started Sun May 25 10:58:56 2025

Set parameter WLSAccessID
Set parameter WLSSecret
Set parameter LicenseID to value 2596424
Set parameter LogFile to value "gurobi.log"
Using license file /Users/yunglong/Downloads/gurobi.lic
Academic license 2596424 - for non-commercial use only - registered to yu___@chalmers.se

Gurobi 12.0.0 (mac64[arm], gurobi_cl) logging started Sun May 25 10:59:16 2025

Set parameter WLSAccessID
Set parameter WLSSecret
Set parameter LicenseID to value 2596424
Set parameter LogFile to value "gurobi.log"
Using license file /Users/yunglong/Downloads/gurobi.lic
Academic license 2596424 - for non-commercial use only - registered to yu___@chalmers.se

Gurobi 12.0.0 (mac64[arm], gurobi_cl) logging started Sun May 25 11:09:32 2025

Set parameter WLSAccessID
Set parameter WLSSecret
Set parameter LicenseID to value 2596424
Set parameter LogFile to value "gurobi.log"
Using license file /Users/yunglong/Downloads/gurobi.lic
Academic license 2596424 - for non-commercial use only - registered to yu___@chalmers.se

Gurobi 12.0.0 (mac64[arm], gurobi_cl) logging started Sun May 25 11:10:03 2025

Set parameter WLSAccessID
Set parameter WLSSecret
Set parameter LicenseID to value 2596424
Set parameter LogFile to value "gurobi.log"
Using license file /Users/yunglong/Downloads/gurobi.lic
Academic license 2596424 - for non-commercial use only - registered to yu___@chalmers.se

Gurobi 12.0.0 (mac64[arm], gurobi_cl) logging started Sun May 25 11:13:38 2025

Set parameter WLSAccessID
Set parameter WLSSecret
Set parameter LicenseID to value 2596424
Set parameter LogFile to value "gurobi.log"
Using license file /Users/yunglong/Downloads/gurobi.lic
Academic license 2596424 - for non-commercial use only - registered to yu___@chalmers.se

Gurobi 12.0.0 (mac64[arm], gurobi_cl) logging started Sun May 25 11:14:01 2025

Set parameter WLSAccessID
Set parameter WLSSecret
Set parameter LicenseID to value 2596424
Set parameter LogFile to value "gurobi.log"
Using license file /Users/yunglong/Downloads/gurobi.lic
Academic license 2596424 - for non-commercial use only - registered to yu___@chalmers.se

Gurobi 12.0.0 (mac64[arm], gurobi_cl) logging started Sun May 25 11:42:09 2025

Set parameter WLSAccessID
Set parameter WLSSecret
Set parameter LicenseID to value 2596424
Set parameter LogFile to value "gurobi.log"
Using license file /Users/yunglong/Downloads/gurobi.lic
Academic license 2596424 - for non-commercial use only - registered to yu___@chalmers.se

Gurobi 12.0.0 (mac64[arm], gurobi_cl) logging started Sun May 25 11:44:56 2025

Set parameter WLSAccessID
Set parameter WLSSecret
Set parameter LicenseID to value 2596424
Set parameter LogFile to value "gurobi.log"
Using license file /Users/yunglong/Downloads/gurobi.lic
Academic license 2596424 - for non-commercial use only - registered to yu___@chalmers.se

Gurobi 12.0.0 (mac64[arm], gurobi_cl) logging started Sun May 25 11:45:44 2025

Set parameter WLSAccessID
Set parameter WLSSecret
Set parameter LicenseID to value 2596424
Set parameter LogFile to value "gurobi.log"
Using license file /Users/yunglong/Downloads/gurobi.lic
Academic license 2596424 - for non-commercial use only - registered to yu___@chalmers.se

Gurobi 12.0.0 (mac64[arm], gurobi_cl) logging started Sun May 25 11:46:11 2025

Set parameter WLSAccessID
Set parameter WLSSecret
Set parameter LicenseID to value 2596424
Set parameter LogFile to value "gurobi.log"
Using license file /Users/yunglong/Downloads/gurobi.lic
Academic license 2596424 - for non-commercial use only - registered to yu___@chalmers.se

Gurobi 12.0.0 (mac64[arm], gurobi_cl) logging started Sun May 25 11:47:06 2025

Set parameter WLSAccessID
Set parameter WLSSecret
Set parameter LicenseID to value 2596424
Set parameter LogFile to value "gurobi.log"
Using license file /Users/yunglong/Downloads/gurobi.lic
Academic license 2596424 - for non-commercial use only - registered to yu___@chalmers.se

Gurobi 12.0.0 (mac64[arm], gurobi_cl) logging started Sun May 25 11:47:33 2025

Set parameter WLSAccessID
Set parameter WLSSecret
Set parameter LicenseID to value 2596424
Set parameter LogFile to value "gurobi.log"
Using license file /Users/yunglong/Downloads/gurobi.lic
Academic license 2596424 - for non-commercial use only - registered to yu___@chalmers.se

Gurobi 12.0.0 (mac64[arm], gurobi_cl) logging started Sun May 25 11:58:40 2025

Set parameter WLSAccessID
Set parameter WLSSecret
Set parameter LicenseID to value 2596424
Set parameter LogFile to value "gurobi.log"
Using license file /Users/yunglong/Downloads/gurobi.lic
Academic license 2596424 - for non-commercial use only - registered to yu___@chalmers.se

Gurobi 12.0.0 (mac64[arm], gurobi_cl) logging started Sun May 25 11:59:03 2025

Set parameter WLSAccessID
Set parameter WLSSecret
Set parameter LicenseID to value 2596424
Set parameter LogFile to value "gurobi.log"
Using license file /Users/yunglong/Downloads/gurobi.lic
Academic license 2596424 - for non-commercial use only - registered to yu___@chalmers.se

Gurobi 12.0.0 (mac64[arm], gurobi_cl) logging started Sun May 25 12:07:23 2025

Set parameter WLSAccessID
Set parameter WLSSecret
Set parameter LicenseID to value 2596424
Set parameter LogFile to value "gurobi.log"
Using license file /Users/yunglong/Downloads/gurobi.lic
Academic license 2596424 - for non-commercial use only - registered to yu___@chalmers.se

Gurobi 12.0.0 (mac64[arm], gurobi_cl) logging started Sun May 25 12:07:45 2025

Set parameter WLSAccessID
Set parameter WLSSecret
Set parameter LicenseID to value 2596424
Set parameter LogFile to value "gurobi.log"
Using license file /Users/yunglong/Downloads/gurobi.lic
Academic license 2596424 - for non-commercial use only - registered to yu___@chalmers.se

Gurobi 12.0.0 (mac64[arm], gurobi_cl) logging started Sun May 25 12:13:59 2025

Set parameter WLSAccessID
Set parameter WLSSecret
Set parameter LicenseID to value 2596424
Set parameter LogFile to value "gurobi.log"
Using license file /Users/yunglong/Downloads/gurobi.lic
Academic license 2596424 - for non-commercial use only - registered to yu___@chalmers.se

Gurobi 12.0.0 (mac64[arm], gurobi_cl) logging started Sun May 25 12:14:33 2025

Set parameter WLSAccessID
Set parameter WLSSecret
Set parameter LicenseID to value 2596424
Set parameter LogFile to value "gurobi.log"
Using license file /Users/yunglong/Downloads/gurobi.lic
Academic license 2596424 - for non-commercial use only - registered to yu___@chalmers.se

Gurobi 12.0.0 (mac64[arm], gurobi_cl) logging started Sun May 25 12:14:53 2025

Set parameter WLSAccessID
Set parameter WLSSecret
Set parameter LicenseID to value 2596424
Set parameter LogFile to value "gurobi.log"
Using license file /Users/yunglong/Downloads/gurobi.lic
Academic license 2596424 - for non-commercial use only - registered to yu___@chalmers.se

Gurobi 12.0.0 (mac64[arm], gurobi_cl) logging started Sun May 25 12:27:39 2025

Set parameter WLSAccessID
Set parameter WLSSecret
Set parameter LicenseID to value 2596424
Set parameter LogFile to value "gurobi.log"
Using license file /Users/yunglong/Downloads/gurobi.lic
Academic license 2596424 - for non-commercial use only - registered to yu___@chalmers.se

Gurobi 12.0.0 (mac64[arm], gurobi_cl) logging started Sun May 25 12:28:03 2025

Set parameter WLSAccessID
Set parameter WLSSecret
Set parameter LicenseID to value 2596424
Set parameter LogFile to value "gurobi.log"
Using license file /Users/yunglong/Downloads/gurobi.lic
Academic license 2596424 - for non-commercial use only - registered to yu___@chalmers.se

Gurobi 12.0.0 (mac64[arm], gurobi_cl) logging started Sun May 25 13:24:26 2025

Set parameter WLSAccessID
Set parameter WLSSecret
Set parameter LicenseID to value 2596424
Set parameter LogFile to value "gurobi.log"
Using license file /Users/yunglong/Downloads/gurobi.lic
Academic license 2596424 - for non-commercial use only - registered to yu___@chalmers.se

Gurobi 12.0.0 (mac64[arm], gurobi_cl) logging started Sun May 25 13:24:52 2025

Set parameter WLSAccessID
Set parameter WLSSecret
Set parameter LicenseID to value 2596424
Set parameter LogFile to value "gurobi.log"
Using license file /Users/yunglong/Downloads/gurobi.lic
Academic license 2596424 - for non-commercial use only - registered to yu___@chalmers.se

Gurobi 12.0.0 (mac64[arm], gurobi_cl) logging started Sun May 25 13:50:26 2025

Set parameter WLSAccessID
Set parameter WLSSecret
Set parameter LicenseID to value 2596424
Set parameter LogFile to value "gurobi.log"
Using license file /Users/yunglong/Downloads/gurobi.lic
Academic license 2596424 - for non-commercial use only - registered to yu___@chalmers.se

Gurobi 12.0.0 (mac64[arm], gurobi_cl) logging started Sun May 25 13:50:57 2025

Set parameter WLSAccessID
Set parameter WLSSecret
Set parameter LicenseID to value 2596424
Set parameter LogFile to value "gurobi.log"
Using license file /Users/yunglong/Downloads/gurobi.lic
Academic license 2596424 - for non-commercial use only - registered to yu___@chalmers.se

Gurobi 12.0.0 (mac64[arm], gurobi_cl) logging started Sun May 25 13:56:51 2025

Set parameter WLSAccessID
Set parameter WLSSecret
Set parameter LicenseID to value 2596424
Set parameter LogFile to value "gurobi.log"
Using license file /Users/yunglong/Downloads/gurobi.lic
Academic license 2596424 - for non-commercial use only - registered to yu___@chalmers.se

Gurobi 12.0.0 (mac64[arm], gurobi_cl) logging started Sun May 25 14:03:41 2025

Set parameter WLSAccessID
Set parameter WLSSecret
Set parameter LicenseID to value 2596424
Set parameter LogFile to value "gurobi.log"
Using license file /Users/yunglong/Downloads/gurobi.lic
Academic license 2596424 - for non-commercial use only - registered to yu___@chalmers.se

Gurobi 12.0.0 (mac64[arm], gurobi_cl) logging started Sun May 25 14:41:56 2025

Set parameter WLSAccessID
Set parameter WLSSecret
Set parameter LicenseID to value 2596424
Set parameter LogFile to value "gurobi.log"
Using license file /Users/yunglong/Downloads/gurobi.lic
Academic license 2596424 - for non-commercial use only - registered to yu___@chalmers.se

Gurobi 12.0.0 (mac64[arm], gurobi_cl) logging started Sun May 25 14:42:21 2025

Set parameter WLSAccessID
Set parameter WLSSecret
Set parameter LicenseID to value 2596424
Set parameter LogFile to value "gurobi.log"
Using license file /Users/yunglong/Downloads/gurobi.lic
Academic license 2596424 - for non-commercial use only - registered to yu___@chalmers.se

Gurobi 12.0.0 (mac64[arm], gurobi_cl) logging started Sun May 25 14:48:22 2025

Set parameter WLSAccessID
Set parameter WLSSecret
Set parameter LicenseID to value 2596424
Set parameter LogFile to value "gurobi.log"
Using license file /Users/yunglong/Downloads/gurobi.lic
Academic license 2596424 - for non-commercial use only - registered to yu___@chalmers.se

Gurobi 12.0.0 (mac64[arm], gurobi_cl) logging started Sun May 25 14:54:36 2025

Set parameter WLSAccessID
Set parameter WLSSecret
Set parameter LicenseID to value 2596424
Set parameter LogFile to value "gurobi.log"
Using license file /Users/yunglong/Downloads/gurobi.lic
Academic license 2596424 - for non-commercial use only - registered to yu___@chalmers.se

Gurobi 12.0.0 (mac64[arm], gurobi_cl) logging started Sun May 25 15:00:22 2025

Set parameter WLSAccessID
Set parameter WLSSecret
Set parameter LicenseID to value 2596424
Set parameter LogFile to value "gurobi.log"
Using license file /Users/yunglong/Downloads/gurobi.lic
Academic license 2596424 - for non-commercial use only - registered to yu___@chalmers.se

Gurobi 12.0.0 (mac64[arm], gurobi_cl) logging started Sun May 25 15:06:59 2025

Set parameter WLSAccessID
Set parameter WLSSecret
Set parameter LicenseID to value 2596424
Set parameter LogFile to value "gurobi.log"
Using license file /Users/yunglong/Downloads/gurobi.lic
Academic license 2596424 - for non-commercial use only - registered to yu___@chalmers.se

Gurobi 12.0.0 (mac64[arm], gurobi_cl) logging started Sun May 25 15:15:07 2025

Set parameter WLSAccessID
Set parameter WLSSecret
Set parameter LicenseID to value 2596424
Set parameter LogFile to value "gurobi.log"
Using license file /Users/yunglong/Downloads/gurobi.lic
Academic license 2596424 - for non-commercial use only - registered to yu___@chalmers.se

Gurobi 12.0.0 (mac64[arm], gurobi_cl) logging started Sun May 25 15:24:48 2025

Set parameter WLSAccessID
Set parameter WLSSecret
Set parameter LicenseID to value 2596424
Set parameter LogFile to value "gurobi.log"
Using license file /Users/yunglong/Downloads/gurobi.lic
Academic license 2596424 - for non-commercial use only - registered to yu___@chalmers.se

Gurobi 12.0.0 (mac64[arm], gurobi_cl) logging started Sun May 25 15:31:10 2025

Set parameter WLSAccessID
Set parameter WLSSecret
Set parameter LicenseID to value 2596424
Set parameter LogFile to value "gurobi.log"
Using license file /Users/yunglong/Downloads/gurobi.lic
Academic license 2596424 - for non-commercial use only - registered to yu___@chalmers.se

Gurobi 12.0.0 (mac64[arm], gurobi_cl) logging started Sun May 25 15:49:04 2025

Set parameter WLSAccessID
Set parameter WLSSecret
Set parameter LicenseID to value 2596424
Set parameter LogFile to value "gurobi.log"
Using license file /Users/yunglong/Downloads/gurobi.lic
Academic license 2596424 - for non-commercial use only - registered to yu___@chalmers.se

Gurobi 12.0.0 (mac64[arm], gurobi_cl) logging started Sun May 25 16:07:34 2025

Set parameter WLSAccessID
Set parameter WLSSecret
Set parameter LicenseID to value 2596424
Set parameter LogFile to value "gurobi.log"
Using license file /Users/yunglong/Downloads/gurobi.lic
Academic license 2596424 - for non-commercial use only - registered to yu___@chalmers.se

Gurobi 12.0.0 (mac64[arm], gurobi_cl) logging started Sun May 25 16:08:17 2025

Set parameter WLSAccessID
Set parameter WLSSecret
Set parameter LicenseID to value 2596424
Set parameter LogFile to value "gurobi.log"
Using license file /Users/yunglong/Downloads/gurobi.lic
Academic license 2596424 - for non-commercial use only - registered to yu___@chalmers.se

Gurobi 12.0.0 (mac64[arm], gurobi_cl) logging started Sun May 25 16:09:43 2025

Set parameter WLSAccessID
Set parameter WLSSecret
Set parameter LicenseID to value 2596424
Set parameter LogFile to value "gurobi.log"
Using license file /Users/yunglong/Downloads/gurobi.lic
Academic license 2596424 - for non-commercial use only - registered to yu___@chalmers.se

Gurobi 12.0.0 (mac64[arm], gurobi_cl) logging started Sun May 25 16:17:41 2025

Set parameter WLSAccessID
Set parameter WLSSecret
Set parameter LicenseID to value 2596424
Set parameter LogFile to value "gurobi.log"
Using license file /Users/yunglong/Downloads/gurobi.lic
Academic license 2596424 - for non-commercial use only - registered to yu___@chalmers.se

Gurobi 12.0.0 (mac64[arm], gurobi_cl) logging started Sun May 25 16:19:23 2025

Set parameter WLSAccessID
Set parameter WLSSecret
Set parameter LicenseID to value 2596424
Set parameter LogFile to value "gurobi.log"
Using license file /Users/yunglong/Downloads/gurobi.lic
Academic license 2596424 - for non-commercial use only - registered to yu___@chalmers.se

Gurobi 12.0.0 (mac64[arm], gurobi_cl) logging started Sun May 25 16:22:07 2025

Set parameter WLSAccessID
Set parameter WLSSecret
Set parameter LicenseID to value 2596424
Set parameter LogFile to value "gurobi.log"
Using license file /Users/yunglong/Downloads/gurobi.lic
Academic license 2596424 - for non-commercial use only - registered to yu___@chalmers.se

Gurobi 12.0.0 (mac64[arm], gurobi_cl) logging started Sun May 25 16:25:13 2025

Set parameter WLSAccessID
Set parameter WLSSecret
Set parameter LicenseID to value 2596424
Set parameter LogFile to value "gurobi.log"
Using license file /Users/yunglong/Downloads/gurobi.lic
Academic license 2596424 - for non-commercial use only - registered to yu___@chalmers.se

Gurobi 12.0.0 (mac64[arm], gurobi_cl) logging started Sun May 25 16:31:27 2025

Set parameter WLSAccessID
Set parameter WLSSecret
Set parameter LicenseID to value 2596424
Set parameter LogFile to value "gurobi.log"
Using license file /Users/yunglong/Downloads/gurobi.lic
Academic license 2596424 - for non-commercial use only - registered to yu___@chalmers.se

Gurobi 12.0.0 (mac64[arm], gurobi_cl) logging started Sun May 25 16:40:52 2025

Set parameter WLSAccessID
Set parameter WLSSecret
Set parameter LicenseID to value 2596424
Set parameter LogFile to value "gurobi.log"
Using license file /Users/yunglong/Downloads/gurobi.lic
Academic license 2596424 - for non-commercial use only - registered to yu___@chalmers.se

Gurobi 12.0.0 (mac64[arm], gurobi_cl) logging started Sun May 25 16:47:30 2025

Set parameter WLSAccessID
Set parameter WLSSecret
Set parameter LicenseID to value 2596424
Set parameter LogFile to value "gurobi.log"
Using license file /Users/yunglong/Downloads/gurobi.lic
Academic license 2596424 - for non-commercial use only - registered to yu___@chalmers.se

Gurobi 12.0.0 (mac64[arm], gurobi_cl) logging started Sun May 25 16:54:01 2025

Set parameter WLSAccessID
Set parameter WLSSecret
Set parameter LicenseID to value 2596424
Set parameter LogFile to value "gurobi.log"
Using license file /Users/yunglong/Downloads/gurobi.lic
Academic license 2596424 - for non-commercial use only - registered to yu___@chalmers.se

Gurobi 12.0.0 (mac64[arm], gurobi_cl) logging started Sun May 25 17:04:58 2025

Set parameter WLSAccessID
Set parameter WLSSecret
Set parameter LicenseID to value 2596424
Set parameter LogFile to value "gurobi.log"
Using license file /Users/yunglong/Downloads/gurobi.lic
Academic license 2596424 - for non-commercial use only - registered to yu___@chalmers.se

Gurobi 12.0.0 (mac64[arm], gurobi_cl) logging started Sun May 25 17:06:19 2025

Set parameter WLSAccessID
Set parameter WLSSecret
Set parameter LicenseID to value 2596424
Set parameter LogFile to value "gurobi.log"
Using license file /Users/yunglong/Downloads/gurobi.lic
Academic license 2596424 - for non-commercial use only - registered to yu___@chalmers.se

Gurobi 12.0.0 (mac64[arm], gurobi_cl) logging started Sun May 25 17:06:40 2025

Set parameter WLSAccessID
Set parameter WLSSecret
Set parameter LicenseID to value 2596424
Set parameter LogFile to value "gurobi.log"
Using license file /Users/yunglong/Downloads/gurobi.lic
Academic license 2596424 - for non-commercial use only - registered to yu___@chalmers.se

Gurobi 12.0.0 (mac64[arm], gurobi_cl) logging started Sun May 25 17:20:08 2025

Set parameter WLSAccessID
Set parameter WLSSecret
Set parameter LicenseID to value 2596424
Set parameter LogFile to value "gurobi.log"
Using license file /Users/yunglong/Downloads/gurobi.lic
Academic license 2596424 - for non-commercial use only - registered to yu___@chalmers.se

Gurobi 12.0.0 (mac64[arm], gurobi_cl) logging started Sun May 25 17:20:32 2025

Set parameter WLSAccessID
Set parameter WLSSecret
Set parameter LicenseID to value 2596424
Set parameter LogFile to value "gurobi.log"
Using license file /Users/yunglong/Downloads/gurobi.lic
Academic license 2596424 - for non-commercial use only - registered to yu___@chalmers.se

Gurobi 12.0.0 (mac64[arm], gurobi_cl) logging started Sun May 25 17:29:09 2025

Set parameter WLSAccessID
Set parameter WLSSecret
Set parameter LicenseID to value 2596424
Set parameter LogFile to value "gurobi.log"
Using license file /Users/yunglong/Downloads/gurobi.lic
Academic license 2596424 - for non-commercial use only - registered to yu___@chalmers.se

Gurobi 12.0.0 (mac64[arm], gurobi_cl) logging started Sun May 25 17:29:27 2025

Set parameter WLSAccessID
Set parameter WLSSecret
Set parameter LicenseID to value 2596424
Set parameter LogFile to value "gurobi.log"
Using license file /Users/yunglong/Downloads/gurobi.lic
Academic license 2596424 - for non-commercial use only - registered to yu___@chalmers.se

Gurobi 12.0.0 (mac64[arm], gurobi_cl) logging started Sun May 25 17:51:23 2025

Set parameter WLSAccessID
Set parameter WLSSecret
Set parameter LicenseID to value 2596424
Set parameter LogFile to value "gurobi.log"
Using license file /Users/yunglong/Downloads/gurobi.lic
Academic license 2596424 - for non-commercial use only - registered to yu___@chalmers.se

Gurobi 12.0.0 (mac64[arm], gurobi_cl) logging started Sun May 25 17:52:18 2025

Set parameter WLSAccessID
Set parameter WLSSecret
Set parameter LicenseID to value 2596424
Set parameter LogFile to value "gurobi.log"
Using license file /Users/yunglong/Downloads/gurobi.lic
Academic license 2596424 - for non-commercial use only - registered to yu___@chalmers.se

Gurobi 12.0.0 (mac64[arm], gurobi_cl) logging started Sun May 25 17:52:57 2025

Set parameter WLSAccessID
Set parameter WLSSecret
Set parameter LicenseID to value 2596424
Set parameter LogFile to value "gurobi.log"
Using license file /Users/yunglong/Downloads/gurobi.lic
Academic license 2596424 - for non-commercial use only - registered to yu___@chalmers.se

Gurobi 12.0.0 (mac64[arm], gurobi_cl) logging started Sun May 25 17:53:18 2025

Set parameter WLSAccessID
Set parameter WLSSecret
Set parameter LicenseID to value 2596424
Set parameter LogFile to value "gurobi.log"
Using license file /Users/yunglong/Downloads/gurobi.lic
Academic license 2596424 - for non-commercial use only - registered to yu___@chalmers.se

Gurobi 12.0.0 (mac64[arm], gurobi_cl) logging started Sun May 25 18:10:11 2025

Set parameter WLSAccessID
Set parameter WLSSecret
Set parameter LicenseID to value 2596424
Set parameter LogFile to value "gurobi.log"
Using license file /Users/yunglong/Downloads/gurobi.lic
Academic license 2596424 - for non-commercial use only - registered to yu___@chalmers.se

Gurobi 12.0.0 (mac64[arm], gurobi_cl) logging started Sun May 25 18:10:31 2025

Set parameter WLSAccessID
Set parameter WLSSecret
Set parameter LicenseID to value 2596424
Set parameter LogFile to value "gurobi.log"
Using license file /Users/yunglong/Downloads/gurobi.lic
Academic license 2596424 - for non-commercial use only - registered to yu___@chalmers.se

Gurobi 12.0.0 (mac64[arm], gurobi_cl) logging started Sun May 25 18:20:38 2025

Set parameter WLSAccessID
Set parameter WLSSecret
Set parameter LicenseID to value 2596424
Set parameter LogFile to value "gurobi.log"
Using license file /Users/yunglong/Downloads/gurobi.lic
Academic license 2596424 - for non-commercial use only - registered to yu___@chalmers.se

Gurobi 12.0.0 (mac64[arm], gurobi_cl) logging started Sun May 25 18:21:11 2025

Set parameter WLSAccessID
Set parameter WLSSecret
Set parameter LicenseID to value 2596424
Set parameter LogFile to value "gurobi.log"
Using license file /Users/yunglong/Downloads/gurobi.lic
Academic license 2596424 - for non-commercial use only - registered to yu___@chalmers.se

Gurobi 12.0.0 (mac64[arm], gurobi_cl) logging started Sun May 25 18:27:10 2025

Set parameter WLSAccessID
Set parameter WLSSecret
Set parameter LicenseID to value 2596424
Set parameter LogFile to value "gurobi.log"
Using license file /Users/yunglong/Downloads/gurobi.lic
Academic license 2596424 - for non-commercial use only - registered to yu___@chalmers.se

Gurobi 12.0.0 (mac64[arm], gurobi_cl) logging started Sun May 25 18:33:45 2025

Set parameter WLSAccessID
Set parameter WLSSecret
Set parameter LicenseID to value 2596424
Set parameter LogFile to value "gurobi.log"
Using license file /Users/yunglong/Downloads/gurobi.lic
Academic license 2596424 - for non-commercial use only - registered to yu___@chalmers.se

Gurobi 12.0.0 (mac64[arm], gurobi_cl) logging started Sun May 25 18:44:25 2025

Set parameter WLSAccessID
Set parameter WLSSecret
Set parameter LicenseID to value 2596424
Set parameter LogFile to value "gurobi.log"
Using license file /Users/yunglong/Downloads/gurobi.lic
Academic license 2596424 - for non-commercial use only - registered to yu___@chalmers.se

Gurobi 12.0.0 (mac64[arm], gurobi_cl) logging started Sun May 25 18:44:42 2025

Set parameter WLSAccessID
Set parameter WLSSecret
Set parameter LicenseID to value 2596424
Set parameter LogFile to value "gurobi.log"
Using license file /Users/yunglong/Downloads/gurobi.lic
Academic license 2596424 - for non-commercial use only - registered to yu___@chalmers.se

Gurobi 12.0.0 (mac64[arm], gurobi_cl) logging started Sun May 25 18:50:58 2025

Set parameter WLSAccessID
Set parameter WLSSecret
Set parameter LicenseID to value 2596424
Set parameter LogFile to value "gurobi.log"
Using license file /Users/yunglong/Downloads/gurobi.lic
Academic license 2596424 - for non-commercial use only - registered to yu___@chalmers.se

Gurobi 12.0.0 (mac64[arm], gurobi_cl) logging started Sun May 25 18:57:21 2025

Set parameter WLSAccessID
Set parameter WLSSecret
Set parameter LicenseID to value 2596424
Set parameter LogFile to value "gurobi.log"
Using license file /Users/yunglong/Downloads/gurobi.lic
Academic license 2596424 - for non-commercial use only - registered to yu___@chalmers.se

Gurobi 12.0.0 (mac64[arm], gurobi_cl) logging started Sun May 25 19:03:55 2025

Set parameter WLSAccessID
Set parameter WLSSecret
Set parameter LicenseID to value 2596424
Set parameter LogFile to value "gurobi.log"
Using license file /Users/yunglong/Downloads/gurobi.lic
Academic license 2596424 - for non-commercial use only - registered to yu___@chalmers.se

Gurobi 12.0.0 (mac64[arm], gurobi_cl) logging started Sun May 25 19:36:01 2025

Set parameter WLSAccessID
Set parameter WLSSecret
Set parameter LicenseID to value 2596424
Set parameter LogFile to value "gurobi.log"
Using license file /Users/yunglong/Downloads/gurobi.lic
Academic license 2596424 - for non-commercial use only - registered to yu___@chalmers.se

Gurobi 12.0.0 (mac64[arm], gurobi_cl) logging started Sun May 25 19:36:47 2025

Set parameter WLSAccessID
Set parameter WLSSecret
Set parameter LicenseID to value 2596424
Set parameter LogFile to value "gurobi.log"
Using license file /Users/yunglong/Downloads/gurobi.lic
Academic license 2596424 - for non-commercial use only - registered to yu___@chalmers.se

Gurobi 12.0.0 (mac64[arm], gurobi_cl) logging started Sun May 25 19:47:57 2025

Set parameter WLSAccessID
Set parameter WLSSecret
Set parameter LicenseID to value 2596424
Set parameter LogFile to value "gurobi.log"
Using license file /Users/yunglong/Downloads/gurobi.lic
Academic license 2596424 - for non-commercial use only - registered to yu___@chalmers.se

Gurobi 12.0.0 (mac64[arm], gurobi_cl) logging started Sun May 25 19:48:21 2025

Set parameter WLSAccessID
Set parameter WLSSecret
Set parameter LicenseID to value 2596424
Set parameter LogFile to value "gurobi.log"
Using license file /Users/yunglong/Downloads/gurobi.lic
Academic license 2596424 - for non-commercial use only - registered to yu___@chalmers.se

Gurobi 12.0.0 (mac64[arm], gurobi_cl) logging started Sun May 25 19:49:15 2025

Set parameter WLSAccessID
Set parameter WLSSecret
Set parameter LicenseID to value 2596424
Set parameter LogFile to value "gurobi.log"
Using license file /Users/yunglong/Downloads/gurobi.lic
Academic license 2596424 - for non-commercial use only - registered to yu___@chalmers.se

Gurobi 12.0.0 (mac64[arm], gurobi_cl) logging started Sun May 25 19:49:30 2025

Set parameter WLSAccessID
Set parameter WLSSecret
Set parameter LicenseID to value 2596424
Set parameter LogFile to value "gurobi.log"
Using license file /Users/yunglong/Downloads/gurobi.lic
Academic license 2596424 - for non-commercial use only - registered to yu___@chalmers.se

Gurobi 12.0.0 (mac64[arm], gurobi_cl) logging started Sun May 25 20:02:36 2025

Set parameter WLSAccessID
Set parameter WLSSecret
Set parameter LicenseID to value 2596424
Set parameter LogFile to value "gurobi.log"
Using license file /Users/yunglong/Downloads/gurobi.lic
Academic license 2596424 - for non-commercial use only - registered to yu___@chalmers.se

Gurobi 12.0.0 (mac64[arm], gurobi_cl) logging started Sun May 25 20:03:13 2025

Set parameter WLSAccessID
Set parameter WLSSecret
Set parameter LicenseID to value 2596424
Set parameter LogFile to value "gurobi.log"
Using license file /Users/yunglong/Downloads/gurobi.lic
Academic license 2596424 - for non-commercial use only - registered to yu___@chalmers.se

Gurobi 12.0.0 (mac64[arm], gurobi_cl) logging started Sun May 25 20:28:39 2025

Set parameter WLSAccessID
Set parameter WLSSecret
Set parameter LicenseID to value 2596424
Set parameter LogFile to value "gurobi.log"
Using license file /Users/yunglong/Downloads/gurobi.lic
Academic license 2596424 - for non-commercial use only - registered to yu___@chalmers.se

Gurobi 12.0.0 (mac64[arm], gurobi_cl) logging started Sun May 25 20:29:14 2025

Set parameter WLSAccessID
Set parameter WLSSecret
Set parameter LicenseID to value 2596424
Set parameter LogFile to value "gurobi.log"
Using license file /Users/yunglong/Downloads/gurobi.lic
Academic license 2596424 - for non-commercial use only - registered to yu___@chalmers.se

Gurobi 12.0.0 (mac64[arm], gurobi_cl) logging started Sun May 25 20:35:33 2025

Set parameter WLSAccessID
Set parameter WLSSecret
Set parameter LicenseID to value 2596424
Set parameter LogFile to value "gurobi.log"
Using license file /Users/yunglong/Downloads/gurobi.lic
Academic license 2596424 - for non-commercial use only - registered to yu___@chalmers.se

Gurobi 12.0.0 (mac64[arm], gurobi_cl) logging started Sun May 25 20:54:54 2025

Set parameter WLSAccessID
Set parameter WLSSecret
Set parameter LicenseID to value 2596424
Set parameter LogFile to value "gurobi.log"
Using license file /Users/yunglong/Downloads/gurobi.lic
Academic license 2596424 - for non-commercial use only - registered to yu___@chalmers.se

Gurobi 12.0.0 (mac64[arm], gurobi_cl) logging started Sun May 25 20:55:22 2025

Set parameter WLSAccessID
Set parameter WLSSecret
Set parameter LicenseID to value 2596424
Set parameter LogFile to value "gurobi.log"
Using license file /Users/yunglong/Downloads/gurobi.lic
Academic license 2596424 - for non-commercial use only - registered to yu___@chalmers.se

Gurobi 12.0.0 (mac64[arm], gurobi_cl) logging started Sun May 25 21:01:30 2025

Set parameter WLSAccessID
Set parameter WLSSecret
Set parameter LicenseID to value 2596424
Set parameter LogFile to value "gurobi.log"
Using license file /Users/yunglong/Downloads/gurobi.lic
Academic license 2596424 - for non-commercial use only - registered to yu___@chalmers.se

Gurobi 12.0.0 (mac64[arm], gurobi_cl) logging started Sun May 25 21:11:33 2025

Set parameter WLSAccessID
Set parameter WLSSecret
Set parameter LicenseID to value 2596424
Set parameter LogFile to value "gurobi.log"
Using license file /Users/yunglong/Downloads/gurobi.lic
Academic license 2596424 - for non-commercial use only - registered to yu___@chalmers.se

Gurobi 12.0.0 (mac64[arm], gurobi_cl) logging started Sun May 25 21:11:49 2025

Set parameter WLSAccessID
Set parameter WLSSecret
Set parameter LicenseID to value 2596424
Set parameter LogFile to value "gurobi.log"
Using license file /Users/yunglong/Downloads/gurobi.lic
Academic license 2596424 - for non-commercial use only - registered to yu___@chalmers.se

Gurobi 12.0.0 (mac64[arm], gurobi_cl) logging started Sun May 25 21:20:10 2025

Set parameter WLSAccessID
Set parameter WLSSecret
Set parameter LicenseID to value 2596424
Set parameter LogFile to value "gurobi.log"
Using license file /Users/yunglong/Downloads/gurobi.lic
Academic license 2596424 - for non-commercial use only - registered to yu___@chalmers.se

Gurobi 12.0.0 (mac64[arm], gurobi_cl) logging started Sun May 25 21:20:27 2025

Set parameter WLSAccessID
Set parameter WLSSecret
Set parameter LicenseID to value 2596424
Set parameter LogFile to value "gurobi.log"
Using license file /Users/yunglong/Downloads/gurobi.lic
Academic license 2596424 - for non-commercial use only - registered to yu___@chalmers.se

Gurobi 12.0.0 (mac64[arm], gurobi_cl) logging started Sun May 25 21:55:50 2025

Set parameter WLSAccessID
Set parameter WLSSecret
Set parameter LicenseID to value 2596424
Set parameter LogFile to value "gurobi.log"
Using license file /Users/yunglong/Downloads/gurobi.lic
Academic license 2596424 - for non-commercial use only - registered to yu___@chalmers.se

Gurobi 12.0.0 (mac64[arm], gurobi_cl) logging started Sun May 25 21:58:01 2025

Set parameter WLSAccessID
Set parameter WLSSecret
Set parameter LicenseID to value 2596424
Set parameter LogFile to value "gurobi.log"
Using license file /Users/yunglong/Downloads/gurobi.lic
Academic license 2596424 - for non-commercial use only - registered to yu___@chalmers.se

Gurobi 12.0.0 (mac64[arm], gurobi_cl) logging started Sun May 25 21:59:20 2025

Set parameter WLSAccessID
Set parameter WLSSecret
Set parameter LicenseID to value 2596424
Set parameter LogFile to value "gurobi.log"
Using license file /Users/yunglong/Downloads/gurobi.lic
Academic license 2596424 - for non-commercial use only - registered to yu___@chalmers.se

Gurobi 12.0.0 (mac64[arm], gurobi_cl) logging started Sun May 25 21:59:42 2025

Set parameter WLSAccessID
Set parameter WLSSecret
Set parameter LicenseID to value 2596424
Set parameter LogFile to value "gurobi.log"
Using license file /Users/yunglong/Downloads/gurobi.lic
Academic license 2596424 - for non-commercial use only - registered to yu___@chalmers.se

Gurobi 12.0.0 (mac64[arm], gurobi_cl) logging started Sun May 25 22:10:56 2025

Set parameter WLSAccessID
Set parameter WLSSecret
Set parameter LicenseID to value 2596424
Set parameter LogFile to value "gurobi.log"
Using license file /Users/yunglong/Downloads/gurobi.lic
Academic license 2596424 - for non-commercial use only - registered to yu___@chalmers.se

Gurobi 12.0.0 (mac64[arm], gurobi_cl) logging started Sun May 25 22:11:18 2025

Set parameter WLSAccessID
Set parameter WLSSecret
Set parameter LicenseID to value 2596424
Set parameter LogFile to value "gurobi.log"
Using license file /Users/yunglong/Downloads/gurobi.lic
Academic license 2596424 - for non-commercial use only - registered to yu___@chalmers.se

Gurobi 12.0.0 (mac64[arm], gurobi_cl) logging started Sun May 25 22:23:46 2025

Set parameter WLSAccessID
Set parameter WLSSecret
Set parameter LicenseID to value 2596424
Set parameter LogFile to value "gurobi.log"
Using license file /Users/yunglong/Downloads/gurobi.lic
Academic license 2596424 - for non-commercial use only - registered to yu___@chalmers.se

Gurobi 12.0.0 (mac64[arm], gurobi_cl) logging started Sun May 25 22:24:08 2025

Set parameter WLSAccessID
Set parameter WLSSecret
Set parameter LicenseID to value 2596424
Set parameter LogFile to value "gurobi.log"
Using license file /Users/yunglong/Downloads/gurobi.lic
Academic license 2596424 - for non-commercial use only - registered to yu___@chalmers.se

Gurobi 12.0.0 (mac64[arm], gurobi_cl) logging started Sun May 25 23:09:31 2025

Set parameter WLSAccessID
Set parameter WLSSecret
Set parameter LicenseID to value 2596424
Set parameter LogFile to value "gurobi.log"
Using license file /Users/yunglong/Downloads/gurobi.lic
Academic license 2596424 - for non-commercial use only - registered to yu___@chalmers.se

Gurobi 12.0.0 (mac64[arm], gurobi_cl) logging started Sun May 25 23:10:03 2025

Set parameter WLSAccessID
Set parameter WLSSecret
Set parameter LicenseID to value 2596424
Set parameter LogFile to value "gurobi.log"
Using license file /Users/yunglong/Downloads/gurobi.lic
Academic license 2596424 - for non-commercial use only - registered to yu___@chalmers.se

Gurobi 12.0.0 (mac64[arm], gurobi_cl) logging started Sun May 25 23:34:14 2025

Set parameter WLSAccessID
Set parameter WLSSecret
Set parameter LicenseID to value 2596424
Set parameter LogFile to value "gurobi.log"
Using license file /Users/yunglong/Downloads/gurobi.lic
Academic license 2596424 - for non-commercial use only - registered to yu___@chalmers.se

Gurobi 12.0.0 (mac64[arm], gurobi_cl) logging started Sun May 25 23:35:03 2025

Set parameter WLSAccessID
Set parameter WLSSecret
Set parameter LicenseID to value 2596424
Set parameter LogFile to value "gurobi.log"
Using license file /Users/yunglong/Downloads/gurobi.lic
Academic license 2596424 - for non-commercial use only - registered to yu___@chalmers.se

Gurobi 12.0.0 (mac64[arm], gurobi_cl) logging started Sun May 25 23:36:12 2025

Set parameter WLSAccessID
Set parameter WLSSecret
Set parameter LicenseID to value 2596424
Set parameter LogFile to value "gurobi.log"
Using license file /Users/yunglong/Downloads/gurobi.lic
Academic license 2596424 - for non-commercial use only - registered to yu___@chalmers.se

Gurobi 12.0.0 (mac64[arm], gurobi_cl) logging started Sun May 25 23:36:31 2025

Set parameter WLSAccessID
Set parameter WLSSecret
Set parameter LicenseID to value 2596424
Set parameter LogFile to value "gurobi.log"
Using license file /Users/yunglong/Downloads/gurobi.lic
Academic license 2596424 - for non-commercial use only - registered to yu___@chalmers.se

Gurobi 12.0.0 (mac64[arm], gurobi_cl) logging started Sun May 25 23:40:20 2025

Set parameter WLSAccessID
Set parameter WLSSecret
Set parameter LicenseID to value 2596424
Set parameter LogFile to value "gurobi.log"
Using license file /Users/yunglong/Downloads/gurobi.lic
Academic license 2596424 - for non-commercial use only - registered to yu___@chalmers.se

Gurobi 12.0.0 (mac64[arm], gurobi_cl) logging started Sun May 25 23:40:39 2025

Set parameter WLSAccessID
Set parameter WLSSecret
Set parameter LicenseID to value 2596424
Set parameter LogFile to value "gurobi.log"
Using license file /Users/yunglong/Downloads/gurobi.lic
Academic license 2596424 - for non-commercial use only - registered to yu___@chalmers.se

Gurobi 12.0.0 (mac64[arm], gurobi_cl) logging started Mon May 26 00:52:34 2025

Set parameter WLSAccessID
Set parameter WLSSecret
Set parameter LicenseID to value 2596424
Set parameter LogFile to value "gurobi.log"
Using license file /Users/yunglong/Downloads/gurobi.lic
Academic license 2596424 - for non-commercial use only - registered to yu___@chalmers.se

Gurobi 12.0.0 (mac64[arm], gurobi_cl) logging started Mon May 26 00:53:27 2025

Set parameter WLSAccessID
Set parameter WLSSecret
Set parameter LicenseID to value 2596424
Set parameter LogFile to value "gurobi.log"
Using license file /Users/yunglong/Downloads/gurobi.lic
Academic license 2596424 - for non-commercial use only - registered to yu___@chalmers.se

Gurobi 12.0.0 (mac64[arm], gurobi_cl) logging started Mon May 26 00:58:20 2025

Set parameter WLSAccessID
Set parameter WLSSecret
Set parameter LicenseID to value 2596424
Set parameter LogFile to value "gurobi.log"
Using license file /Users/yunglong/Downloads/gurobi.lic
Academic license 2596424 - for non-commercial use only - registered to yu___@chalmers.se

Gurobi 12.0.0 (mac64[arm], gurobi_cl) logging started Mon May 26 00:58:35 2025

Set parameter WLSAccessID
Set parameter WLSSecret
Set parameter LicenseID to value 2596424
Set parameter LogFile to value "gurobi.log"
Using license file /Users/yunglong/Downloads/gurobi.lic
Academic license 2596424 - for non-commercial use only - registered to yu___@chalmers.se

Gurobi 12.0.0 (mac64[arm], gurobi_cl) logging started Mon May 26 01:04:35 2025

Set parameter WLSAccessID
Set parameter WLSSecret
Set parameter LicenseID to value 2596424
Set parameter LogFile to value "gurobi.log"
Using license file /Users/yunglong/Downloads/gurobi.lic
Academic license 2596424 - for non-commercial use only - registered to yu___@chalmers.se

Gurobi 12.0.0 (mac64[arm], gurobi_cl) logging started Mon May 26 01:10:57 2025

Set parameter WLSAccessID
Set parameter WLSSecret
Set parameter LicenseID to value 2596424
Set parameter LogFile to value "gurobi.log"
Using license file /Users/yunglong/Downloads/gurobi.lic
Academic license 2596424 - for non-commercial use only - registered to yu___@chalmers.se

Gurobi 12.0.0 (mac64[arm], gurobi_cl) logging started Mon May 26 01:17:00 2025

Set parameter WLSAccessID
Set parameter WLSSecret
Set parameter LicenseID to value 2596424
Set parameter LogFile to value "gurobi.log"
Using license file /Users/yunglong/Downloads/gurobi.lic
Academic license 2596424 - for non-commercial use only - registered to yu___@chalmers.se

Gurobi 12.0.0 (mac64[arm], gurobi_cl) logging started Mon May 26 01:22:59 2025

Set parameter WLSAccessID
Set parameter WLSSecret
Set parameter LicenseID to value 2596424
Set parameter LogFile to value "gurobi.log"
Using license file /Users/yunglong/Downloads/gurobi.lic
Academic license 2596424 - for non-commercial use only - registered to yu___@chalmers.se

Gurobi 12.0.0 (mac64[arm], gurobi_cl) logging started Mon May 26 01:28:37 2025

Set parameter WLSAccessID
Set parameter WLSSecret
Set parameter LicenseID to value 2596424
Set parameter LogFile to value "gurobi.log"
Using license file /Users/yunglong/Downloads/gurobi.lic
Academic license 2596424 - for non-commercial use only - registered to yu___@chalmers.se

Gurobi 12.0.0 (mac64[arm], gurobi_cl) logging started Mon May 26 06:57:14 2025

Set parameter WLSAccessID
Set parameter WLSSecret
Set parameter LicenseID to value 2596424
Set parameter LogFile to value "gurobi.log"
Using license file /Users/yunglong/Downloads/gurobi.lic
Academic license 2596424 - for non-commercial use only - registered to yu___@chalmers.se

Gurobi 12.0.0 (mac64[arm], gurobi_cl) logging started Mon May 26 06:58:19 2025

Set parameter WLSAccessID
Set parameter WLSSecret
Set parameter LicenseID to value 2596424
Set parameter LogFile to value "gurobi.log"
Using license file /Users/yunglong/Downloads/gurobi.lic
Academic license 2596424 - for non-commercial use only - registered to yu___@chalmers.se

Gurobi 12.0.0 (mac64[arm], gurobi_cl) logging started Mon May 26 06:58:52 2025

Set parameter WLSAccessID
Set parameter WLSSecret
Set parameter LicenseID to value 2596424
Set parameter LogFile to value "gurobi.log"
Using license file /Users/yunglong/Downloads/gurobi.lic
Academic license 2596424 - for non-commercial use only - registered to yu___@chalmers.se

Gurobi 12.0.0 (mac64[arm], gurobi_cl) logging started Mon May 26 07:04:10 2025

Set parameter WLSAccessID
Set parameter WLSSecret
Set parameter LicenseID to value 2596424
Set parameter LogFile to value "gurobi.log"
Using license file /Users/yunglong/Downloads/gurobi.lic
Academic license 2596424 - for non-commercial use only - registered to yu___@chalmers.se

Gurobi 12.0.0 (mac64[arm], gurobi_cl) logging started Mon May 26 07:09:44 2025

Set parameter WLSAccessID
Set parameter WLSSecret
Set parameter LicenseID to value 2596424
Set parameter LogFile to value "gurobi.log"
Using license file /Users/yunglong/Downloads/gurobi.lic
Academic license 2596424 - for non-commercial use only - registered to yu___@chalmers.se

Gurobi 12.0.0 (mac64[arm], gurobi_cl) logging started Mon May 26 07:16:01 2025

Set parameter WLSAccessID
Set parameter WLSSecret
Set parameter LicenseID to value 2596424
Set parameter LogFile to value "gurobi.log"
Using license file /Users/yunglong/Downloads/gurobi.lic
Academic license 2596424 - for non-commercial use only - registered to yu___@chalmers.se

Gurobi 12.0.0 (mac64[arm], gurobi_cl) logging started Mon May 26 07:21:59 2025

Set parameter WLSAccessID
Set parameter WLSSecret
Set parameter LicenseID to value 2596424
Set parameter LogFile to value "gurobi.log"
Using license file /Users/yunglong/Downloads/gurobi.lic
Academic license 2596424 - for non-commercial use only - registered to yu___@chalmers.se

Gurobi 12.0.0 (mac64[arm], gurobi_cl) logging started Mon May 26 07:27:52 2025

Set parameter WLSAccessID
Set parameter WLSSecret
Set parameter LicenseID to value 2596424
Set parameter LogFile to value "gurobi.log"
Using license file /Users/yunglong/Downloads/gurobi.lic
Academic license 2596424 - for non-commercial use only - registered to yu___@chalmers.se

Gurobi 12.0.0 (mac64[arm], gurobi_cl) logging started Mon May 26 07:46:16 2025

Set parameter WLSAccessID
Set parameter WLSSecret
Set parameter LicenseID to value 2596424
Set parameter LogFile to value "gurobi.log"
Using license file /Users/yunglong/Downloads/gurobi.lic
Academic license 2596424 - for non-commercial use only - registered to yu___@chalmers.se

Gurobi 12.0.0 (mac64[arm], gurobi_cl) logging started Mon May 26 07:46:41 2025

Set parameter WLSAccessID
Set parameter WLSSecret
Set parameter LicenseID to value 2596424
Set parameter LogFile to value "gurobi.log"
Using license file /Users/yunglong/Downloads/gurobi.lic
Academic license 2596424 - for non-commercial use only - registered to yu___@chalmers.se

Gurobi 12.0.0 (mac64[arm], gurobi_cl) logging started Mon May 26 07:52:41 2025

Set parameter WLSAccessID
Set parameter WLSSecret
Set parameter LicenseID to value 2596424
Set parameter LogFile to value "gurobi.log"
Using license file /Users/yunglong/Downloads/gurobi.lic
Academic license 2596424 - for non-commercial use only - registered to yu___@chalmers.se

Gurobi 12.0.0 (mac64[arm], gurobi_cl) logging started Mon May 26 07:59:02 2025

Set parameter WLSAccessID
Set parameter WLSSecret
Set parameter LicenseID to value 2596424
Set parameter LogFile to value "gurobi.log"
Using license file /Users/yunglong/Downloads/gurobi.lic
Academic license 2596424 - for non-commercial use only - registered to yu___@chalmers.se

Gurobi 12.0.0 (mac64[arm], gurobi_cl) logging started Mon May 26 08:05:00 2025

Set parameter WLSAccessID
Set parameter WLSSecret
Set parameter LicenseID to value 2596424
Set parameter LogFile to value "gurobi.log"
Using license file /Users/yunglong/Downloads/gurobi.lic
Academic license 2596424 - for non-commercial use only - registered to yu___@chalmers.se

Gurobi 12.0.0 (mac64[arm], gurobi_cl) logging started Mon May 26 08:11:14 2025

Set parameter WLSAccessID
Set parameter WLSSecret
Set parameter LicenseID to value 2596424
Set parameter LogFile to value "gurobi.log"
Using license file /Users/yunglong/Downloads/gurobi.lic
Academic license 2596424 - for non-commercial use only - registered to yu___@chalmers.se

Gurobi 12.0.0 (mac64[arm], gurobi_cl) logging started Mon May 26 08:17:05 2025

Set parameter WLSAccessID
Set parameter WLSSecret
Set parameter LicenseID to value 2596424
Set parameter LogFile to value "gurobi.log"
Using license file /Users/yunglong/Downloads/gurobi.lic
Academic license 2596424 - for non-commercial use only - registered to yu___@chalmers.se

Gurobi 12.0.0 (mac64[arm], gurobi_cl) logging started Mon May 26 13:23:57 2025

Set parameter WLSAccessID
Set parameter WLSSecret
Set parameter LicenseID to value 2596424
Set parameter LogFile to value "gurobi.log"
Using license file /Users/yunglong/Downloads/gurobi.lic
Academic license 2596424 - for non-commercial use only - registered to yu___@chalmers.se

Gurobi 12.0.0 (mac64[arm], gurobi_cl) logging started Mon May 26 13:24:29 2025

Set parameter WLSAccessID
Set parameter WLSSecret
Set parameter LicenseID to value 2596424
Set parameter LogFile to value "gurobi.log"
Using license file /Users/yunglong/Downloads/gurobi.lic
Academic license 2596424 - for non-commercial use only - registered to yu___@chalmers.se

Gurobi 12.0.0 (mac64[arm], gurobi_cl) logging started Mon May 26 13:30:00 2025

Set parameter WLSAccessID
Set parameter WLSSecret
Set parameter LicenseID to value 2596424
Set parameter LogFile to value "gurobi.log"
Using license file /Users/yunglong/Downloads/gurobi.lic
Academic license 2596424 - for non-commercial use only - registered to yu___@chalmers.se

Gurobi 12.0.0 (mac64[arm], gurobi_cl) logging started Mon May 26 13:43:08 2025

Set parameter WLSAccessID
Set parameter WLSSecret
Set parameter LicenseID to value 2596424
Set parameter LogFile to value "gurobi.log"
Using license file /Users/yunglong/Downloads/gurobi.lic
Academic license 2596424 - for non-commercial use only - registered to yu___@chalmers.se

Gurobi 12.0.0 (mac64[arm], gurobi_cl) logging started Mon May 26 13:43:25 2025

Set parameter WLSAccessID
Set parameter WLSSecret
Set parameter LicenseID to value 2596424
Set parameter LogFile to value "gurobi.log"
Using license file /Users/yunglong/Downloads/gurobi.lic
Academic license 2596424 - for non-commercial use only - registered to yu___@chalmers.se

Gurobi 12.0.0 (mac64[arm], gurobi_cl) logging started Mon May 26 13:55:33 2025

Set parameter WLSAccessID
Set parameter WLSSecret
Set parameter LicenseID to value 2596424
Set parameter LogFile to value "gurobi.log"
Using license file /Users/yunglong/Downloads/gurobi.lic
Academic license 2596424 - for non-commercial use only - registered to yu___@chalmers.se

Gurobi 12.0.0 (mac64[arm], gurobi_cl) logging started Mon May 26 13:55:59 2025

Set parameter WLSAccessID
Set parameter WLSSecret
Set parameter LicenseID to value 2596424
Set parameter LogFile to value "gurobi.log"
Using license file /Users/yunglong/Downloads/gurobi.lic
Academic license 2596424 - for non-commercial use only - registered to yu___@chalmers.se

Gurobi 12.0.0 (mac64[arm], gurobi_cl) logging started Mon May 26 15:24:42 2025

Set parameter WLSAccessID
Set parameter WLSSecret
Set parameter LicenseID to value 2596424
Set parameter LogFile to value "gurobi.log"
Using license file /Users/yunglong/Downloads/gurobi.lic
Academic license 2596424 - for non-commercial use only - registered to yu___@chalmers.se

Gurobi 12.0.0 (mac64[arm], gurobi_cl) logging started Mon May 26 15:25:09 2025

Set parameter WLSAccessID
Set parameter WLSSecret
Set parameter LicenseID to value 2596424
Set parameter LogFile to value "gurobi.log"
Using license file /Users/yunglong/Downloads/gurobi.lic
Academic license 2596424 - for non-commercial use only - registered to yu___@chalmers.se

Gurobi 12.0.0 (mac64[arm], gurobi_cl) logging started Mon May 26 15:34:20 2025

Set parameter WLSAccessID
Set parameter WLSSecret
Set parameter LicenseID to value 2596424
Set parameter LogFile to value "gurobi.log"
Using license file /Users/yunglong/Downloads/gurobi.lic
Academic license 2596424 - for non-commercial use only - registered to yu___@chalmers.se

Gurobi 12.0.0 (mac64[arm], gurobi_cl) logging started Mon May 26 15:34:28 2025

Set parameter WLSAccessID
Set parameter WLSSecret
Set parameter LicenseID to value 2596424
Set parameter LogFile to value "gurobi.log"
Using license file /Users/yunglong/Downloads/gurobi.lic
Academic license 2596424 - for non-commercial use only - registered to yu___@chalmers.se

Gurobi 12.0.0 (mac64[arm], gurobi_cl) logging started Mon May 26 15:42:07 2025

Set parameter WLSAccessID
Set parameter WLSSecret
Set parameter LicenseID to value 2596424
Set parameter LogFile to value "gurobi.log"
Using license file /Users/yunglong/Downloads/gurobi.lic
Academic license 2596424 - for non-commercial use only - registered to yu___@chalmers.se

Gurobi 12.0.0 (mac64[arm], gurobi_cl) logging started Mon May 26 15:42:40 2025

Set parameter WLSAccessID
Set parameter WLSSecret
Set parameter LicenseID to value 2596424
Set parameter LogFile to value "gurobi.log"
Using license file /Users/yunglong/Downloads/gurobi.lic
Academic license 2596424 - for non-commercial use only - registered to yu___@chalmers.se

Gurobi 12.0.0 (mac64[arm], gurobi_cl) logging started Mon May 26 15:42:57 2025

Set parameter WLSAccessID
Set parameter WLSSecret
Set parameter LicenseID to value 2596424
Set parameter LogFile to value "gurobi.log"
Using license file /Users/yunglong/Downloads/gurobi.lic
Academic license 2596424 - for non-commercial use only - registered to yu___@chalmers.se

Gurobi 12.0.0 (mac64[arm], gurobi_cl) logging started Mon May 26 16:01:47 2025

Set parameter WLSAccessID
Set parameter WLSSecret
Set parameter LicenseID to value 2596424
Set parameter LogFile to value "gurobi.log"
Using license file /Users/yunglong/Downloads/gurobi.lic
Academic license 2596424 - for non-commercial use only - registered to yu___@chalmers.se

Gurobi 12.0.0 (mac64[arm], gurobi_cl) logging started Mon May 26 16:02:18 2025

Set parameter WLSAccessID
Set parameter WLSSecret
Set parameter LicenseID to value 2596424
Set parameter LogFile to value "gurobi.log"
Using license file /Users/yunglong/Downloads/gurobi.lic
Academic license 2596424 - for non-commercial use only - registered to yu___@chalmers.se

Gurobi 12.0.0 (mac64[arm], gurobi_cl) logging started Mon May 26 16:09:06 2025

Set parameter WLSAccessID
Set parameter WLSSecret
Set parameter LicenseID to value 2596424
Set parameter LogFile to value "gurobi.log"
Using license file /Users/yunglong/Downloads/gurobi.lic
Academic license 2596424 - for non-commercial use only - registered to yu___@chalmers.se

Gurobi 12.0.0 (mac64[arm], gurobi_cl) logging started Mon May 26 16:09:31 2025

Set parameter WLSAccessID
Set parameter WLSSecret
Set parameter LicenseID to value 2596424
Set parameter LogFile to value "gurobi.log"
Using license file /Users/yunglong/Downloads/gurobi.lic
Academic license 2596424 - for non-commercial use only - registered to yu___@chalmers.se

Gurobi 12.0.0 (mac64[arm], gurobi_cl) logging started Mon May 26 16:14:15 2025

Set parameter WLSAccessID
Set parameter WLSSecret
Set parameter LicenseID to value 2596424
Set parameter LogFile to value "gurobi.log"
Using license file /Users/yunglong/Downloads/gurobi.lic
Academic license 2596424 - for non-commercial use only - registered to yu___@chalmers.se

Gurobi 12.0.0 (mac64[arm], gurobi_cl) logging started Mon May 26 16:14:29 2025

Set parameter WLSAccessID
Set parameter WLSSecret
Set parameter LicenseID to value 2596424
Set parameter LogFile to value "gurobi.log"
Using license file /Users/yunglong/Downloads/gurobi.lic
Academic license 2596424 - for non-commercial use only - registered to yu___@chalmers.se

Gurobi 12.0.0 (mac64[arm], gurobi_cl) logging started Mon May 26 16:25:37 2025

Set parameter WLSAccessID
Set parameter WLSSecret
Set parameter LicenseID to value 2596424
Set parameter LogFile to value "gurobi.log"
Using license file /Users/yunglong/Downloads/gurobi.lic
Academic license 2596424 - for non-commercial use only - registered to yu___@chalmers.se

Gurobi 12.0.0 (mac64[arm], gurobi_cl) logging started Mon May 26 16:26:08 2025

Set parameter WLSAccessID
Set parameter WLSSecret
Set parameter LicenseID to value 2596424
Set parameter LogFile to value "gurobi.log"
Using license file /Users/yunglong/Downloads/gurobi.lic
Academic license 2596424 - for non-commercial use only - registered to yu___@chalmers.se

Gurobi 12.0.0 (mac64[arm], gurobi_cl) logging started Mon May 26 16:31:59 2025

Set parameter WLSAccessID
Set parameter WLSSecret
Set parameter LicenseID to value 2596424
Set parameter LogFile to value "gurobi.log"
Using license file /Users/yunglong/Downloads/gurobi.lic
Academic license 2596424 - for non-commercial use only - registered to yu___@chalmers.se

Gurobi 12.0.0 (mac64[arm], gurobi_cl) logging started Mon May 26 16:32:13 2025

Set parameter WLSAccessID
Set parameter WLSSecret
Set parameter LicenseID to value 2596424
Set parameter LogFile to value "gurobi.log"
Using license file /Users/yunglong/Downloads/gurobi.lic
Academic license 2596424 - for non-commercial use only - registered to yu___@chalmers.se

Gurobi 12.0.0 (mac64[arm], gurobi_cl) logging started Mon May 26 17:18:25 2025

Set parameter WLSAccessID
Set parameter WLSSecret
Set parameter LicenseID to value 2596424
Set parameter LogFile to value "gurobi.log"
Using license file /Users/yunglong/Downloads/gurobi.lic
Academic license 2596424 - for non-commercial use only - registered to yu___@chalmers.se

Gurobi 12.0.0 (mac64[arm], gurobi_cl) logging started Mon May 26 17:18:51 2025

Set parameter WLSAccessID
Set parameter WLSSecret
Set parameter LicenseID to value 2596424
Set parameter LogFile to value "gurobi.log"
Using license file /Users/yunglong/Downloads/gurobi.lic
Academic license 2596424 - for non-commercial use only - registered to yu___@chalmers.se

Gurobi 12.0.0 (mac64[arm], gurobi_cl) logging started Mon May 26 17:40:16 2025

Set parameter WLSAccessID
Set parameter WLSSecret
Set parameter LicenseID to value 2596424
Set parameter LogFile to value "gurobi.log"
Using license file /Users/yunglong/Downloads/gurobi.lic
Academic license 2596424 - for non-commercial use only - registered to yu___@chalmers.se

Gurobi 12.0.0 (mac64[arm], gurobi_cl) logging started Mon May 26 17:40:53 2025

Set parameter WLSAccessID
Set parameter WLSSecret
Set parameter LicenseID to value 2596424
Set parameter LogFile to value "gurobi.log"
Using license file /Users/yunglong/Downloads/gurobi.lic
Academic license 2596424 - for non-commercial use only - registered to yu___@chalmers.se

Gurobi 12.0.0 (mac64[arm], gurobi_cl) logging started Mon May 26 17:42:03 2025

Set parameter WLSAccessID
Set parameter WLSSecret
Set parameter LicenseID to value 2596424
Set parameter LogFile to value "gurobi.log"
Using license file /Users/yunglong/Downloads/gurobi.lic
Academic license 2596424 - for non-commercial use only - registered to yu___@chalmers.se

Gurobi 12.0.0 (mac64[arm], gurobi_cl) logging started Mon May 26 17:42:17 2025

Set parameter WLSAccessID
Set parameter WLSSecret
Set parameter LicenseID to value 2596424
Set parameter LogFile to value "gurobi.log"
Using license file /Users/yunglong/Downloads/gurobi.lic
Academic license 2596424 - for non-commercial use only - registered to yu___@chalmers.se

Gurobi 12.0.0 (mac64[arm], gurobi_cl) logging started Mon May 26 18:08:43 2025

Set parameter WLSAccessID
Set parameter WLSSecret
Set parameter LicenseID to value 2596424
Set parameter LogFile to value "gurobi.log"
Using license file /Users/yunglong/Downloads/gurobi.lic
Academic license 2596424 - for non-commercial use only - registered to yu___@chalmers.se

Gurobi 12.0.0 (mac64[arm], gurobi_cl) logging started Mon May 26 18:09:10 2025

Set parameter WLSAccessID
Set parameter WLSSecret
Set parameter LicenseID to value 2596424
Set parameter LogFile to value "gurobi.log"
Using license file /Users/yunglong/Downloads/gurobi.lic
Academic license 2596424 - for non-commercial use only - registered to yu___@chalmers.se

Gurobi 12.0.0 (mac64[arm], gurobi_cl) logging started Tue May 27 09:49:12 2025

Set parameter WLSAccessID
Set parameter WLSSecret
Set parameter LicenseID to value 2596424
Set parameter LogFile to value "gurobi.log"
Using license file /Users/yunglong/Downloads/gurobi.lic
Academic license 2596424 - for non-commercial use only - registered to yu___@chalmers.se

Gurobi 12.0.0 (mac64[arm], gurobi_cl) logging started Tue May 27 09:49:47 2025

Set parameter WLSAccessID
Set parameter WLSSecret
Set parameter LicenseID to value 2596424
Set parameter LogFile to value "gurobi.log"
Using license file /Users/yunglong/Downloads/gurobi.lic
Academic license 2596424 - for non-commercial use only - registered to yu___@chalmers.se

Gurobi 12.0.0 (mac64[arm], gurobi_cl) logging started Tue May 27 09:58:00 2025

Set parameter WLSAccessID
Set parameter WLSSecret
Set parameter LicenseID to value 2596424
Set parameter LogFile to value "gurobi.log"
Using license file /Users/yunglong/Downloads/gurobi.lic
Academic license 2596424 - for non-commercial use only - registered to yu___@chalmers.se

Gurobi 12.0.0 (mac64[arm], gurobi_cl) logging started Tue May 27 09:58:19 2025

Set parameter WLSAccessID
Set parameter WLSSecret
Set parameter LicenseID to value 2596424
Set parameter LogFile to value "gurobi.log"
Using license file /Users/yunglong/Downloads/gurobi.lic
Academic license 2596424 - for non-commercial use only - registered to yu___@chalmers.se

Gurobi 12.0.0 (mac64[arm], gurobi_cl) logging started Tue May 27 10:03:31 2025

Set parameter WLSAccessID
Set parameter WLSSecret
Set parameter LicenseID to value 2596424
Set parameter LogFile to value "gurobi.log"
Using license file /Users/yunglong/Downloads/gurobi.lic
Academic license 2596424 - for non-commercial use only - registered to yu___@chalmers.se

Gurobi 12.0.0 (mac64[arm], gurobi_cl) logging started Tue May 27 10:04:04 2025

Set parameter WLSAccessID
Set parameter WLSSecret
Set parameter LicenseID to value 2596424
Set parameter LogFile to value "gurobi.log"
Using license file /Users/yunglong/Downloads/gurobi.lic
Academic license 2596424 - for non-commercial use only - registered to yu___@chalmers.se

Gurobi 12.0.0 (mac64[arm], gurobi_cl) logging started Tue May 27 10:22:43 2025

Set parameter WLSAccessID
Set parameter WLSSecret
Set parameter LicenseID to value 2596424
Set parameter LogFile to value "gurobi.log"
Using license file /Users/yunglong/Downloads/gurobi.lic
Academic license 2596424 - for non-commercial use only - registered to yu___@chalmers.se

Gurobi 12.0.0 (mac64[arm], gurobi_cl) logging started Tue May 27 10:23:45 2025

Set parameter WLSAccessID
Set parameter WLSSecret
Set parameter LicenseID to value 2596424
Set parameter LogFile to value "gurobi.log"
Using license file /Users/yunglong/Downloads/gurobi.lic
Academic license 2596424 - for non-commercial use only - registered to yu___@chalmers.se

Gurobi 12.0.0 (mac64[arm], gurobi_cl) logging started Tue May 27 11:45:18 2025

Set parameter WLSAccessID
Set parameter WLSSecret
Set parameter LicenseID to value 2596424
Set parameter LogFile to value "gurobi.log"
Using license file /Users/yunglong/Downloads/gurobi.lic
Academic license 2596424 - for non-commercial use only - registered to yu___@chalmers.se

Gurobi 12.0.0 (mac64[arm], gurobi_cl) logging started Tue May 27 11:45:50 2025

Set parameter WLSAccessID
Set parameter WLSSecret
Set parameter LicenseID to value 2596424
Set parameter LogFile to value "gurobi.log"
Using license file /Users/yunglong/Downloads/gurobi.lic
Academic license 2596424 - for non-commercial use only - registered to yu___@chalmers.se

Gurobi 12.0.0 (mac64[arm], gurobi_cl) logging started Tue May 27 17:06:14 2025

Set parameter WLSAccessID
Set parameter WLSSecret
Set parameter LicenseID to value 2596424
Set parameter LogFile to value "gurobi.log"
Using license file /Users/yunglong/Downloads/gurobi.lic
Academic license 2596424 - for non-commercial use only - registered to yu___@chalmers.se

Gurobi 12.0.0 (mac64[arm], gurobi_cl) logging started Tue May 27 17:11:25 2025

Set parameter WLSAccessID
Set parameter WLSSecret
Set parameter LicenseID to value 2596424
Set parameter LogFile to value "gurobi.log"
Using license file /Users/yunglong/Downloads/gurobi.lic
Academic license 2596424 - for non-commercial use only - registered to yu___@chalmers.se

Gurobi 12.0.0 (mac64[arm], gurobi_cl) logging started Tue May 27 17:11:48 2025

Set parameter WLSAccessID
Set parameter WLSSecret
Set parameter LicenseID to value 2596424
Set parameter LogFile to value "gurobi.log"
Using license file /Users/yunglong/Downloads/gurobi.lic
Academic license 2596424 - for non-commercial use only - registered to yu___@chalmers.se

Gurobi 12.0.0 (mac64[arm], gurobi_cl) logging started Tue May 27 17:25:15 2025

Set parameter WLSAccessID
Set parameter WLSSecret
Set parameter LicenseID to value 2596424
Set parameter LogFile to value "gurobi.log"
Using license file /Users/yunglong/Downloads/gurobi.lic
Academic license 2596424 - for non-commercial use only - registered to yu___@chalmers.se

Gurobi 12.0.0 (mac64[arm], gurobi_cl) logging started Tue May 27 17:31:21 2025

Set parameter WLSAccessID
Set parameter WLSSecret
Set parameter LicenseID to value 2596424
Set parameter LogFile to value "gurobi.log"
Using license file /Users/yunglong/Downloads/gurobi.lic
Academic license 2596424 - for non-commercial use only - registered to yu___@chalmers.se

Gurobi 12.0.0 (mac64[arm], gurobi_cl) logging started Tue May 27 17:31:48 2025

Set parameter WLSAccessID
Set parameter WLSSecret
Set parameter LicenseID to value 2596424
Set parameter LogFile to value "gurobi.log"
Using license file /Users/yunglong/Downloads/gurobi.lic
Academic license 2596424 - for non-commercial use only - registered to yu___@chalmers.se

Gurobi 12.0.0 (mac64[arm], gurobi_cl) logging started Tue May 27 17:37:37 2025

Set parameter WLSAccessID
Set parameter WLSSecret
Set parameter LicenseID to value 2596424
Set parameter LogFile to value "gurobi.log"
Using license file /Users/yunglong/Downloads/gurobi.lic
Academic license 2596424 - for non-commercial use only - registered to yu___@chalmers.se

Gurobi 12.0.0 (mac64[arm], gurobi_cl) logging started Tue May 27 17:40:29 2025

Set parameter WLSAccessID
Set parameter WLSSecret
Set parameter LicenseID to value 2596424
Set parameter LogFile to value "gurobi.log"
Using license file /Users/yunglong/Downloads/gurobi.lic
Academic license 2596424 - for non-commercial use only - registered to yu___@chalmers.se

Gurobi 12.0.0 (mac64[arm], gurobi_cl) logging started Tue May 27 17:40:53 2025

Set parameter WLSAccessID
Set parameter WLSSecret
Set parameter LicenseID to value 2596424
Set parameter LogFile to value "gurobi.log"
Using license file /Users/yunglong/Downloads/gurobi.lic
Academic license 2596424 - for non-commercial use only - registered to yu___@chalmers.se

Gurobi 12.0.0 (mac64[arm], gurobi_cl) logging started Tue May 27 17:44:59 2025

Set parameter WLSAccessID
Set parameter WLSSecret
Set parameter LicenseID to value 2596424
Set parameter LogFile to value "gurobi.log"
Using license file /Users/yunglong/Downloads/gurobi.lic
Academic license 2596424 - for non-commercial use only - registered to yu___@chalmers.se

Gurobi 12.0.0 (mac64[arm], gurobi_cl) logging started Tue May 27 17:45:42 2025

Set parameter WLSAccessID
Set parameter WLSSecret
Set parameter LicenseID to value 2596424
Set parameter LogFile to value "gurobi.log"
Using license file /Users/yunglong/Downloads/gurobi.lic
Academic license 2596424 - for non-commercial use only - registered to yu___@chalmers.se

Gurobi 12.0.0 (mac64[arm], gurobi_cl) logging started Tue May 27 18:01:21 2025

Set parameter WLSAccessID
Set parameter WLSSecret
Set parameter LicenseID to value 2596424
Set parameter LogFile to value "gurobi.log"
Using license file /Users/yunglong/Downloads/gurobi.lic
Academic license 2596424 - for non-commercial use only - registered to yu___@chalmers.se

Gurobi 12.0.0 (mac64[arm], gurobi_cl) logging started Tue May 27 18:01:41 2025

Set parameter WLSAccessID
Set parameter WLSSecret
Set parameter LicenseID to value 2596424
Set parameter LogFile to value "gurobi.log"
Using license file /Users/yunglong/Downloads/gurobi.lic
Academic license 2596424 - for non-commercial use only - registered to yu___@chalmers.se

Gurobi 12.0.0 (mac64[arm], gurobi_cl) logging started Tue May 27 18:04:20 2025

Set parameter WLSAccessID
Set parameter WLSSecret
Set parameter LicenseID to value 2596424
Set parameter LogFile to value "gurobi.log"
Using license file /Users/yunglong/Downloads/gurobi.lic
Academic license 2596424 - for non-commercial use only - registered to yu___@chalmers.se

Gurobi 12.0.0 (mac64[arm], gurobi_cl) logging started Tue May 27 18:04:28 2025

Set parameter WLSAccessID
Set parameter WLSSecret
Set parameter LicenseID to value 2596424
Set parameter LogFile to value "gurobi.log"
Using license file /Users/yunglong/Downloads/gurobi.lic
Academic license 2596424 - for non-commercial use only - registered to yu___@chalmers.se

Gurobi 12.0.0 (mac64[arm], gurobi_cl) logging started Tue May 27 18:11:17 2025

Set parameter WLSAccessID
Set parameter WLSSecret
Set parameter LicenseID to value 2596424
Set parameter LogFile to value "gurobi.log"
Using license file /Users/yunglong/Downloads/gurobi.lic
Academic license 2596424 - for non-commercial use only - registered to yu___@chalmers.se

Gurobi 12.0.0 (mac64[arm], gurobi_cl) logging started Tue May 27 18:11:30 2025

Set parameter WLSAccessID
Set parameter WLSSecret
Set parameter LicenseID to value 2596424
Set parameter LogFile to value "gurobi.log"
Using license file /Users/yunglong/Downloads/gurobi.lic
Academic license 2596424 - for non-commercial use only - registered to yu___@chalmers.se

Gurobi 12.0.0 (mac64[arm], gurobi_cl) logging started Tue May 27 18:16:24 2025

Set parameter WLSAccessID
Set parameter WLSSecret
Set parameter LicenseID to value 2596424
Set parameter LogFile to value "gurobi.log"
Using license file /Users/yunglong/Downloads/gurobi.lic
Academic license 2596424 - for non-commercial use only - registered to yu___@chalmers.se

Gurobi 12.0.0 (mac64[arm], gurobi_cl) logging started Tue May 27 18:16:41 2025

Set parameter WLSAccessID
Set parameter WLSSecret
Set parameter LicenseID to value 2596424
Set parameter LogFile to value "gurobi.log"
Using license file /Users/yunglong/Downloads/gurobi.lic
Academic license 2596424 - for non-commercial use only - registered to yu___@chalmers.se

Gurobi 12.0.0 (mac64[arm], gurobi_cl) logging started Tue May 27 21:47:27 2025

Set parameter WLSAccessID
Set parameter WLSSecret
Set parameter LicenseID to value 2596424
Set parameter LogFile to value "gurobi.log"
Using license file /Users/yunglong/Downloads/gurobi.lic
Academic license 2596424 - for non-commercial use only - registered to yu___@chalmers.se

Gurobi 12.0.0 (mac64[arm], gurobi_cl) logging started Tue May 27 21:48:34 2025

Set parameter WLSAccessID
Set parameter WLSSecret
Set parameter LicenseID to value 2596424
Set parameter LogFile to value "gurobi.log"
Using license file /Users/yunglong/Downloads/gurobi.lic
Academic license 2596424 - for non-commercial use only - registered to yu___@chalmers.se

Gurobi 12.0.0 (mac64[arm], gurobi_cl) logging started Tue May 27 21:50:17 2025

Set parameter WLSAccessID
Set parameter WLSSecret
Set parameter LicenseID to value 2596424
Set parameter LogFile to value "gurobi.log"
Using license file /Users/yunglong/Downloads/gurobi.lic
Academic license 2596424 - for non-commercial use only - registered to yu___@chalmers.se

Gurobi 12.0.0 (mac64[arm], gurobi_cl) logging started Tue May 27 21:52:19 2025

Set parameter WLSAccessID
Set parameter WLSSecret
Set parameter LicenseID to value 2596424
Set parameter LogFile to value "gurobi.log"
Using license file /Users/yunglong/Downloads/gurobi.lic
Academic license 2596424 - for non-commercial use only - registered to yu___@chalmers.se

Gurobi 12.0.0 (mac64[arm], gurobi_cl) logging started Tue May 27 21:54:19 2025

Set parameter WLSAccessID
Set parameter WLSSecret
Set parameter LicenseID to value 2596424
Set parameter LogFile to value "gurobi.log"
Using license file /Users/yunglong/Downloads/gurobi.lic
Academic license 2596424 - for non-commercial use only - registered to yu___@chalmers.se

Gurobi 12.0.0 (mac64[arm], gurobi_cl) logging started Tue May 27 21:56:17 2025

Set parameter WLSAccessID
Set parameter WLSSecret
Set parameter LicenseID to value 2596424
Set parameter LogFile to value "gurobi.log"
Using license file /Users/yunglong/Downloads/gurobi.lic
Academic license 2596424 - for non-commercial use only - registered to yu___@chalmers.se

Gurobi 12.0.0 (mac64[arm], gurobi_cl) logging started Tue May 27 21:58:11 2025

Set parameter WLSAccessID
Set parameter WLSSecret
Set parameter LicenseID to value 2596424
Set parameter LogFile to value "gurobi.log"
Using license file /Users/yunglong/Downloads/gurobi.lic
Academic license 2596424 - for non-commercial use only - registered to yu___@chalmers.se

Gurobi 12.0.0 (mac64[arm], gurobi_cl) logging started Tue May 27 22:06:21 2025

Set parameter WLSAccessID
Set parameter WLSSecret
Set parameter LicenseID to value 2596424
Set parameter LogFile to value "gurobi.log"
Using license file /Users/yunglong/Downloads/gurobi.lic
Academic license 2596424 - for non-commercial use only - registered to yu___@chalmers.se

Gurobi 12.0.0 (mac64[arm], gurobi_cl) logging started Tue May 27 22:06:53 2025

Set parameter WLSAccessID
Set parameter WLSSecret
Set parameter LicenseID to value 2596424
Set parameter LogFile to value "gurobi.log"
Using license file /Users/yunglong/Downloads/gurobi.lic
Academic license 2596424 - for non-commercial use only - registered to yu___@chalmers.se

Gurobi 12.0.0 (mac64[arm], gurobi_cl) logging started Tue May 27 22:08:34 2025

Set parameter WLSAccessID
Set parameter WLSSecret
Set parameter LicenseID to value 2596424
Set parameter LogFile to value "gurobi.log"
Using license file /Users/yunglong/Downloads/gurobi.lic
Academic license 2596424 - for non-commercial use only - registered to yu___@chalmers.se

Gurobi 12.0.0 (mac64[arm], gurobi_cl) logging started Tue May 27 22:10:35 2025

Set parameter WLSAccessID
Set parameter WLSSecret
Set parameter LicenseID to value 2596424
Set parameter LogFile to value "gurobi.log"
Using license file /Users/yunglong/Downloads/gurobi.lic
Academic license 2596424 - for non-commercial use only - registered to yu___@chalmers.se

Gurobi 12.0.0 (mac64[arm], gurobi_cl) logging started Tue May 27 22:12:39 2025

Set parameter WLSAccessID
Set parameter WLSSecret
Set parameter LicenseID to value 2596424
Set parameter LogFile to value "gurobi.log"
Using license file /Users/yunglong/Downloads/gurobi.lic
Academic license 2596424 - for non-commercial use only - registered to yu___@chalmers.se

Gurobi 12.0.0 (mac64[arm], gurobi_cl) logging started Tue May 27 22:14:39 2025

Set parameter WLSAccessID
Set parameter WLSSecret
Set parameter LicenseID to value 2596424
Set parameter LogFile to value "gurobi.log"
Using license file /Users/yunglong/Downloads/gurobi.lic
Academic license 2596424 - for non-commercial use only - registered to yu___@chalmers.se

Gurobi 12.0.0 (mac64[arm], gurobi_cl) logging started Tue May 27 22:16:43 2025

Set parameter WLSAccessID
Set parameter WLSSecret
Set parameter LicenseID to value 2596424
Set parameter LogFile to value "gurobi.log"
Using license file /Users/yunglong/Downloads/gurobi.lic
Academic license 2596424 - for non-commercial use only - registered to yu___@chalmers.se

Gurobi 12.0.0 (mac64[arm], gurobi_cl) logging started Tue May 27 22:24:13 2025

Set parameter WLSAccessID
Set parameter WLSSecret
Set parameter LicenseID to value 2596424
Set parameter LogFile to value "gurobi.log"
Using license file /Users/yunglong/Downloads/gurobi.lic
Academic license 2596424 - for non-commercial use only - registered to yu___@chalmers.se

Gurobi 12.0.0 (mac64[arm], gurobi_cl) logging started Tue May 27 22:24:29 2025

Set parameter WLSAccessID
Set parameter WLSSecret
Set parameter LicenseID to value 2596424
Set parameter LogFile to value "gurobi.log"
Using license file /Users/yunglong/Downloads/gurobi.lic
Academic license 2596424 - for non-commercial use only - registered to yu___@chalmers.se

Gurobi 12.0.0 (mac64[arm], gurobi_cl) logging started Tue May 27 22:26:10 2025

Set parameter WLSAccessID
Set parameter WLSSecret
Set parameter LicenseID to value 2596424
Set parameter LogFile to value "gurobi.log"
Using license file /Users/yunglong/Downloads/gurobi.lic
Academic license 2596424 - for non-commercial use only - registered to yu___@chalmers.se

Gurobi 12.0.0 (mac64[arm], gurobi_cl) logging started Tue May 27 22:28:13 2025

Set parameter WLSAccessID
Set parameter WLSSecret
Set parameter LicenseID to value 2596424
Set parameter LogFile to value "gurobi.log"
Using license file /Users/yunglong/Downloads/gurobi.lic
Academic license 2596424 - for non-commercial use only - registered to yu___@chalmers.se

Gurobi 12.0.0 (mac64[arm], gurobi_cl) logging started Tue May 27 22:40:02 2025

Set parameter WLSAccessID
Set parameter WLSSecret
Set parameter LicenseID to value 2596424
Set parameter LogFile to value "gurobi.log"
Using license file /Users/yunglong/Downloads/gurobi.lic
Academic license 2596424 - for non-commercial use only - registered to yu___@chalmers.se

Gurobi 12.0.0 (mac64[arm], gurobi_cl) logging started Tue May 27 22:44:07 2025

Set parameter WLSAccessID
Set parameter WLSSecret
Set parameter LicenseID to value 2596424
Set parameter LogFile to value "gurobi.log"
Using license file /Users/yunglong/Downloads/gurobi.lic
Academic license 2596424 - for non-commercial use only - registered to yu___@chalmers.se

Gurobi 12.0.0 (mac64[arm], gurobi_cl) logging started Tue May 27 22:46:36 2025

Set parameter WLSAccessID
Set parameter WLSSecret
Set parameter LicenseID to value 2596424
Set parameter LogFile to value "gurobi.log"
Using license file /Users/yunglong/Downloads/gurobi.lic
Academic license 2596424 - for non-commercial use only - registered to yu___@chalmers.se

Gurobi 12.0.0 (mac64[arm], gurobi_cl) logging started Tue May 27 22:47:08 2025

Set parameter WLSAccessID
Set parameter WLSSecret
Set parameter LicenseID to value 2596424
Set parameter LogFile to value "gurobi.log"
Using license file /Users/yunglong/Downloads/gurobi.lic
Academic license 2596424 - for non-commercial use only - registered to yu___@chalmers.se

Gurobi 12.0.0 (mac64[arm], gurobi_cl) logging started Tue May 27 22:48:51 2025

Set parameter WLSAccessID
Set parameter WLSSecret
Set parameter LicenseID to value 2596424
Set parameter LogFile to value "gurobi.log"
Using license file /Users/yunglong/Downloads/gurobi.lic
Academic license 2596424 - for non-commercial use only - registered to yu___@chalmers.se

Gurobi 12.0.0 (mac64[arm], gurobi_cl) logging started Tue May 27 22:50:36 2025

Set parameter WLSAccessID
Set parameter WLSSecret
Set parameter LicenseID to value 2596424
Set parameter LogFile to value "gurobi.log"
Using license file /Users/yunglong/Downloads/gurobi.lic
Academic license 2596424 - for non-commercial use only - registered to yu___@chalmers.se

Gurobi 12.0.0 (mac64[arm], gurobi_cl) logging started Tue May 27 22:52:42 2025

Set parameter WLSAccessID
Set parameter WLSSecret
Set parameter LicenseID to value 2596424
Set parameter LogFile to value "gurobi.log"
Using license file /Users/yunglong/Downloads/gurobi.lic
Academic license 2596424 - for non-commercial use only - registered to yu___@chalmers.se

Gurobi 12.0.0 (mac64[arm], gurobi_cl) logging started Tue May 27 22:54:47 2025

Set parameter WLSAccessID
Set parameter WLSSecret
Set parameter LicenseID to value 2596424
Set parameter LogFile to value "gurobi.log"
Using license file /Users/yunglong/Downloads/gurobi.lic
Academic license 2596424 - for non-commercial use only - registered to yu___@chalmers.se

Gurobi 12.0.0 (mac64[arm], gurobi_cl) logging started Tue May 27 22:57:18 2025

Set parameter WLSAccessID
Set parameter WLSSecret
Set parameter LicenseID to value 2596424
Set parameter LogFile to value "gurobi.log"
Using license file /Users/yunglong/Downloads/gurobi.lic
Academic license 2596424 - for non-commercial use only - registered to yu___@chalmers.se

Gurobi 12.0.0 (mac64[arm], gurobi_cl) logging started Tue May 27 22:59:48 2025

Set parameter WLSAccessID
Set parameter WLSSecret
Set parameter LicenseID to value 2596424
Set parameter LogFile to value "gurobi.log"
Using license file /Users/yunglong/Downloads/gurobi.lic
Academic license 2596424 - for non-commercial use only - registered to yu___@chalmers.se

Gurobi 12.0.0 (mac64[arm], gurobi_cl) logging started Tue May 27 23:01:59 2025

Set parameter WLSAccessID
Set parameter WLSSecret
Set parameter LicenseID to value 2596424
Set parameter LogFile to value "gurobi.log"
Using license file /Users/yunglong/Downloads/gurobi.lic
Academic license 2596424 - for non-commercial use only - registered to yu___@chalmers.se

Gurobi 12.0.0 (mac64[arm], gurobi_cl) logging started Tue May 27 23:03:59 2025

Set parameter WLSAccessID
Set parameter WLSSecret
Set parameter LicenseID to value 2596424
Set parameter LogFile to value "gurobi.log"
Using license file /Users/yunglong/Downloads/gurobi.lic
Academic license 2596424 - for non-commercial use only - registered to yu___@chalmers.se

Gurobi 12.0.0 (mac64[arm], gurobi_cl) logging started Tue May 27 23:17:17 2025

Set parameter WLSAccessID
Set parameter WLSSecret
Set parameter LicenseID to value 2596424
Set parameter LogFile to value "gurobi.log"
Using license file /Users/yunglong/Downloads/gurobi.lic
Academic license 2596424 - for non-commercial use only - registered to yu___@chalmers.se

Gurobi 12.0.0 (mac64[arm], gurobi_cl) logging started Tue May 27 23:18:10 2025

Set parameter WLSAccessID
Set parameter WLSSecret
Set parameter LicenseID to value 2596424
Set parameter LogFile to value "gurobi.log"
Using license file /Users/yunglong/Downloads/gurobi.lic
Academic license 2596424 - for non-commercial use only - registered to yu___@chalmers.se

Gurobi 12.0.0 (mac64[arm], gurobi_cl) logging started Tue May 27 23:19:56 2025

Set parameter WLSAccessID
Set parameter WLSSecret
Set parameter LicenseID to value 2596424
Set parameter LogFile to value "gurobi.log"
Using license file /Users/yunglong/Downloads/gurobi.lic
Academic license 2596424 - for non-commercial use only - registered to yu___@chalmers.se

Gurobi 12.0.0 (mac64[arm], gurobi_cl) logging started Tue May 27 23:21:48 2025

Set parameter WLSAccessID
Set parameter WLSSecret
Set parameter LicenseID to value 2596424
Set parameter LogFile to value "gurobi.log"
Using license file /Users/yunglong/Downloads/gurobi.lic
Academic license 2596424 - for non-commercial use only - registered to yu___@chalmers.se

Gurobi 12.0.0 (mac64[arm], gurobi_cl) logging started Tue May 27 23:23:43 2025

Set parameter WLSAccessID
Set parameter WLSSecret
Set parameter LicenseID to value 2596424
Set parameter LogFile to value "gurobi.log"
Using license file /Users/yunglong/Downloads/gurobi.lic
Academic license 2596424 - for non-commercial use only - registered to yu___@chalmers.se

Gurobi 12.0.0 (mac64[arm], gurobi_cl) logging started Tue May 27 23:25:57 2025

Set parameter WLSAccessID
Set parameter WLSSecret
Set parameter LicenseID to value 2596424
Set parameter LogFile to value "gurobi.log"
Using license file /Users/yunglong/Downloads/gurobi.lic
Academic license 2596424 - for non-commercial use only - registered to yu___@chalmers.se

Gurobi 12.0.0 (mac64[arm], gurobi_cl) logging started Tue May 27 23:28:23 2025

Set parameter WLSAccessID
Set parameter WLSSecret
Set parameter LicenseID to value 2596424
Set parameter LogFile to value "gurobi.log"
Using license file /Users/yunglong/Downloads/gurobi.lic
Academic license 2596424 - for non-commercial use only - registered to yu___@chalmers.se

Gurobi 12.0.0 (mac64[arm], gurobi_cl) logging started Tue May 27 23:30:44 2025

Set parameter WLSAccessID
Set parameter WLSSecret
Set parameter LicenseID to value 2596424
Set parameter LogFile to value "gurobi.log"
Using license file /Users/yunglong/Downloads/gurobi.lic
Academic license 2596424 - for non-commercial use only - registered to yu___@chalmers.se

Gurobi 12.0.0 (mac64[arm], gurobi_cl) logging started Tue May 27 23:32:44 2025

Set parameter WLSAccessID
Set parameter WLSSecret
Set parameter LicenseID to value 2596424
Set parameter LogFile to value "gurobi.log"
Using license file /Users/yunglong/Downloads/gurobi.lic
Academic license 2596424 - for non-commercial use only - registered to yu___@chalmers.se

Gurobi 12.0.0 (mac64[arm], gurobi_cl) logging started Tue May 27 23:34:42 2025

Set parameter WLSAccessID
Set parameter WLSSecret
Set parameter LicenseID to value 2596424
Set parameter LogFile to value "gurobi.log"
Using license file /Users/yunglong/Downloads/gurobi.lic
Academic license 2596424 - for non-commercial use only - registered to yu___@chalmers.se

Gurobi 12.0.0 (mac64[arm], gurobi_cl) logging started Tue May 27 23:50:13 2025

Set parameter WLSAccessID
Set parameter WLSSecret
Set parameter LicenseID to value 2596424
Set parameter LogFile to value "gurobi.log"
Using license file /Users/yunglong/Downloads/gurobi.lic
Academic license 2596424 - for non-commercial use only - registered to yu___@chalmers.se

Gurobi 12.0.0 (mac64[arm], gurobi_cl) logging started Tue May 27 23:50:53 2025

Set parameter WLSAccessID
Set parameter WLSSecret
Set parameter LicenseID to value 2596424
Set parameter LogFile to value "gurobi.log"
Using license file /Users/yunglong/Downloads/gurobi.lic
Academic license 2596424 - for non-commercial use only - registered to yu___@chalmers.se

Gurobi 12.0.0 (mac64[arm], gurobi_cl) logging started Tue May 27 23:52:39 2025

Set parameter WLSAccessID
Set parameter WLSSecret
Set parameter LicenseID to value 2596424
Set parameter LogFile to value "gurobi.log"
Using license file /Users/yunglong/Downloads/gurobi.lic
Academic license 2596424 - for non-commercial use only - registered to yu___@chalmers.se

Gurobi 12.0.0 (mac64[arm], gurobi_cl) logging started Tue May 27 23:54:29 2025

Set parameter WLSAccessID
Set parameter WLSSecret
Set parameter LicenseID to value 2596424
Set parameter LogFile to value "gurobi.log"
Using license file /Users/yunglong/Downloads/gurobi.lic
Academic license 2596424 - for non-commercial use only - registered to yu___@chalmers.se

Gurobi 12.0.0 (mac64[arm], gurobi_cl) logging started Tue May 27 23:57:01 2025

Set parameter WLSAccessID
Set parameter WLSSecret
Set parameter LicenseID to value 2596424
Set parameter LogFile to value "gurobi.log"
Using license file /Users/yunglong/Downloads/gurobi.lic
Academic license 2596424 - for non-commercial use only - registered to yu___@chalmers.se

Gurobi 12.0.0 (mac64[arm], gurobi_cl) logging started Tue May 27 23:59:05 2025

Set parameter WLSAccessID
Set parameter WLSSecret
Set parameter LicenseID to value 2596424
Set parameter LogFile to value "gurobi.log"
Using license file /Users/yunglong/Downloads/gurobi.lic
Academic license 2596424 - for non-commercial use only - registered to yu___@chalmers.se

Gurobi 12.0.0 (mac64[arm], gurobi_cl) logging started Wed May 28 00:01:47 2025

Set parameter WLSAccessID
Set parameter WLSSecret
Set parameter LicenseID to value 2596424
Set parameter LogFile to value "gurobi.log"
Using license file /Users/yunglong/Downloads/gurobi.lic
Academic license 2596424 - for non-commercial use only - registered to yu___@chalmers.se

Gurobi 12.0.0 (mac64[arm], gurobi_cl) logging started Wed May 28 00:04:19 2025

Set parameter WLSAccessID
Set parameter WLSSecret
Set parameter LicenseID to value 2596424
Set parameter LogFile to value "gurobi.log"
Using license file /Users/yunglong/Downloads/gurobi.lic
Academic license 2596424 - for non-commercial use only - registered to yu___@chalmers.se

Gurobi 12.0.0 (mac64[arm], gurobi_cl) logging started Wed May 28 00:06:27 2025

Set parameter WLSAccessID
Set parameter WLSSecret
Set parameter LicenseID to value 2596424
Set parameter LogFile to value "gurobi.log"
Using license file /Users/yunglong/Downloads/gurobi.lic
Academic license 2596424 - for non-commercial use only - registered to yu___@chalmers.se

Gurobi 12.0.0 (mac64[arm], gurobi_cl) logging started Wed May 28 00:08:31 2025

Set parameter WLSAccessID
Set parameter WLSSecret
Set parameter LicenseID to value 2596424
Set parameter LogFile to value "gurobi.log"
Using license file /Users/yunglong/Downloads/gurobi.lic
Academic license 2596424 - for non-commercial use only - registered to yu___@chalmers.se

Gurobi 12.0.0 (mac64[arm], gurobi_cl) logging started Wed May 28 07:10:22 2025

Set parameter WLSAccessID
Set parameter WLSSecret
Set parameter LicenseID to value 2596424
Set parameter LogFile to value "gurobi.log"
Using license file /Users/yunglong/Downloads/gurobi.lic
Academic license 2596424 - for non-commercial use only - registered to yu___@chalmers.se

Gurobi 12.0.0 (mac64[arm], gurobi_cl) logging started Wed May 28 07:11:17 2025

Set parameter WLSAccessID
Set parameter WLSSecret
Set parameter LicenseID to value 2596424
Set parameter LogFile to value "gurobi.log"
Using license file /Users/yunglong/Downloads/gurobi.lic
Academic license 2596424 - for non-commercial use only - registered to yu___@chalmers.se

Gurobi 12.0.0 (mac64[arm], gurobi_cl) logging started Wed May 28 07:13:04 2025

Set parameter WLSAccessID
Set parameter WLSSecret
Set parameter LicenseID to value 2596424
Set parameter LogFile to value "gurobi.log"
Using license file /Users/yunglong/Downloads/gurobi.lic
Academic license 2596424 - for non-commercial use only - registered to yu___@chalmers.se

Gurobi 12.0.0 (mac64[arm], gurobi_cl) logging started Wed May 28 07:14:50 2025

Set parameter WLSAccessID
Set parameter WLSSecret
Set parameter LicenseID to value 2596424
Set parameter LogFile to value "gurobi.log"
Using license file /Users/yunglong/Downloads/gurobi.lic
Academic license 2596424 - for non-commercial use only - registered to yu___@chalmers.se

Gurobi 12.0.0 (mac64[arm], gurobi_cl) logging started Wed May 28 07:16:54 2025

Set parameter WLSAccessID
Set parameter WLSSecret
Set parameter LicenseID to value 2596424
Set parameter LogFile to value "gurobi.log"
Using license file /Users/yunglong/Downloads/gurobi.lic
Academic license 2596424 - for non-commercial use only - registered to yu___@chalmers.se

Gurobi 12.0.0 (mac64[arm], gurobi_cl) logging started Wed May 28 07:19:00 2025

Set parameter WLSAccessID
Set parameter WLSSecret
Set parameter LicenseID to value 2596424
Set parameter LogFile to value "gurobi.log"
Using license file /Users/yunglong/Downloads/gurobi.lic
Academic license 2596424 - for non-commercial use only - registered to yu___@chalmers.se

Gurobi 12.0.0 (mac64[arm], gurobi_cl) logging started Wed May 28 07:21:08 2025

Set parameter WLSAccessID
Set parameter WLSSecret
Set parameter LicenseID to value 2596424
Set parameter LogFile to value "gurobi.log"
Using license file /Users/yunglong/Downloads/gurobi.lic
Academic license 2596424 - for non-commercial use only - registered to yu___@chalmers.se

Gurobi 12.0.0 (mac64[arm], gurobi_cl) logging started Wed May 28 07:23:16 2025

Set parameter WLSAccessID
Set parameter WLSSecret
Set parameter LicenseID to value 2596424
Set parameter LogFile to value "gurobi.log"
Using license file /Users/yunglong/Downloads/gurobi.lic
Academic license 2596424 - for non-commercial use only - registered to yu___@chalmers.se

Gurobi 12.0.0 (mac64[arm], gurobi_cl) logging started Wed May 28 07:25:32 2025

Set parameter WLSAccessID
Set parameter WLSSecret
Set parameter LicenseID to value 2596424
Set parameter LogFile to value "gurobi.log"
Using license file /Users/yunglong/Downloads/gurobi.lic
Academic license 2596424 - for non-commercial use only - registered to yu___@chalmers.se

Gurobi 12.0.0 (mac64[arm], gurobi_cl) logging started Wed May 28 07:27:49 2025

Set parameter WLSAccessID
Set parameter WLSSecret
Set parameter LicenseID to value 2596424
Set parameter LogFile to value "gurobi.log"
Using license file /Users/yunglong/Downloads/gurobi.lic
Academic license 2596424 - for non-commercial use only - registered to yu___@chalmers.se

Gurobi 12.0.0 (mac64[arm], gurobi_cl) logging started Wed May 28 07:48:49 2025

Set parameter WLSAccessID
Set parameter WLSSecret
Set parameter LicenseID to value 2596424
Set parameter LogFile to value "gurobi.log"
Using license file /Users/yunglong/Downloads/gurobi.lic
Academic license 2596424 - for non-commercial use only - registered to yu___@chalmers.se

Gurobi 12.0.0 (mac64[arm], gurobi_cl) logging started Wed May 28 07:49:28 2025

Set parameter WLSAccessID
Set parameter WLSSecret
Set parameter LicenseID to value 2596424
Set parameter LogFile to value "gurobi.log"
Using license file /Users/yunglong/Downloads/gurobi.lic
Academic license 2596424 - for non-commercial use only - registered to yu___@chalmers.se

Gurobi 12.0.0 (mac64[arm], gurobi_cl) logging started Wed May 28 07:51:08 2025

Set parameter WLSAccessID
Set parameter WLSSecret
Set parameter LicenseID to value 2596424
Set parameter LogFile to value "gurobi.log"
Using license file /Users/yunglong/Downloads/gurobi.lic
Academic license 2596424 - for non-commercial use only - registered to yu___@chalmers.se

Gurobi 12.0.0 (mac64[arm], gurobi_cl) logging started Wed May 28 07:53:09 2025

Set parameter WLSAccessID
Set parameter WLSSecret
Set parameter LicenseID to value 2596424
Set parameter LogFile to value "gurobi.log"
Using license file /Users/yunglong/Downloads/gurobi.lic
Academic license 2596424 - for non-commercial use only - registered to yu___@chalmers.se

Gurobi 12.0.0 (mac64[arm], gurobi_cl) logging started Wed May 28 07:55:15 2025

Set parameter WLSAccessID
Set parameter WLSSecret
Set parameter LicenseID to value 2596424
Set parameter LogFile to value "gurobi.log"
Using license file /Users/yunglong/Downloads/gurobi.lic
Academic license 2596424 - for non-commercial use only - registered to yu___@chalmers.se

Gurobi 12.0.0 (mac64[arm], gurobi_cl) logging started Wed May 28 07:57:40 2025

Set parameter WLSAccessID
Set parameter WLSSecret
Set parameter LicenseID to value 2596424
Set parameter LogFile to value "gurobi.log"
Using license file /Users/yunglong/Downloads/gurobi.lic
Academic license 2596424 - for non-commercial use only - registered to yu___@chalmers.se

Gurobi 12.0.0 (mac64[arm], gurobi_cl) logging started Wed May 28 07:59:47 2025

Set parameter WLSAccessID
Set parameter WLSSecret
Set parameter LicenseID to value 2596424
Set parameter LogFile to value "gurobi.log"
Using license file /Users/yunglong/Downloads/gurobi.lic
Academic license 2596424 - for non-commercial use only - registered to yu___@chalmers.se

Gurobi 12.0.0 (mac64[arm], gurobi_cl) logging started Wed May 28 08:02:23 2025

Set parameter WLSAccessID
Set parameter WLSSecret
Set parameter LicenseID to value 2596424
Set parameter LogFile to value "gurobi.log"
Using license file /Users/yunglong/Downloads/gurobi.lic
Academic license 2596424 - for non-commercial use only - registered to yu___@chalmers.se

Gurobi 12.0.0 (mac64[arm], gurobi_cl) logging started Wed May 28 08:04:20 2025

Set parameter WLSAccessID
Set parameter WLSSecret
Set parameter LicenseID to value 2596424
Set parameter LogFile to value "gurobi.log"
Using license file /Users/yunglong/Downloads/gurobi.lic
Academic license 2596424 - for non-commercial use only - registered to yu___@chalmers.se

Gurobi 12.0.0 (mac64[arm], gurobi_cl) logging started Wed May 28 08:06:12 2025

Set parameter WLSAccessID
Set parameter WLSSecret
Set parameter LicenseID to value 2596424
Set parameter LogFile to value "gurobi.log"
Using license file /Users/yunglong/Downloads/gurobi.lic
Academic license 2596424 - for non-commercial use only - registered to yu___@chalmers.se

Gurobi 12.0.0 (mac64[arm], gurobi_cl) logging started Wed May 28 08:20:34 2025

Set parameter WLSAccessID
Set parameter WLSSecret
Set parameter LicenseID to value 2596424
Set parameter LogFile to value "gurobi.log"
Using license file /Users/yunglong/Downloads/gurobi.lic
Academic license 2596424 - for non-commercial use only - registered to yu___@chalmers.se

Gurobi 12.0.0 (mac64[arm], gurobi_cl) logging started Wed May 28 08:21:12 2025

Set parameter WLSAccessID
Set parameter WLSSecret
Set parameter LicenseID to value 2596424
Set parameter LogFile to value "gurobi.log"
Using license file /Users/yunglong/Downloads/gurobi.lic
Academic license 2596424 - for non-commercial use only - registered to yu___@chalmers.se

Gurobi 12.0.0 (mac64[arm], gurobi_cl) logging started Wed May 28 08:22:57 2025

Set parameter WLSAccessID
Set parameter WLSSecret
Set parameter LicenseID to value 2596424
Set parameter LogFile to value "gurobi.log"
Using license file /Users/yunglong/Downloads/gurobi.lic
Academic license 2596424 - for non-commercial use only - registered to yu___@chalmers.se

Gurobi 12.0.0 (mac64[arm], gurobi_cl) logging started Wed May 28 08:25:02 2025

Set parameter WLSAccessID
Set parameter WLSSecret
Set parameter LicenseID to value 2596424
Set parameter LogFile to value "gurobi.log"
Using license file /Users/yunglong/Downloads/gurobi.lic
Academic license 2596424 - for non-commercial use only - registered to yu___@chalmers.se

Gurobi 12.0.0 (mac64[arm], gurobi_cl) logging started Wed May 28 08:27:24 2025

Set parameter WLSAccessID
Set parameter WLSSecret
Set parameter LicenseID to value 2596424
Set parameter LogFile to value "gurobi.log"
Using license file /Users/yunglong/Downloads/gurobi.lic
Academic license 2596424 - for non-commercial use only - registered to yu___@chalmers.se

Gurobi 12.0.0 (mac64[arm], gurobi_cl) logging started Wed May 28 08:29:38 2025

Set parameter WLSAccessID
Set parameter WLSSecret
Set parameter LicenseID to value 2596424
Set parameter LogFile to value "gurobi.log"
Using license file /Users/yunglong/Downloads/gurobi.lic
Academic license 2596424 - for non-commercial use only - registered to yu___@chalmers.se

Gurobi 12.0.0 (mac64[arm], gurobi_cl) logging started Wed May 28 08:31:40 2025

Set parameter WLSAccessID
Set parameter WLSSecret
Set parameter LicenseID to value 2596424
Set parameter LogFile to value "gurobi.log"
Using license file /Users/yunglong/Downloads/gurobi.lic
Academic license 2596424 - for non-commercial use only - registered to yu___@chalmers.se

Gurobi 12.0.0 (mac64[arm], gurobi_cl) logging started Wed May 28 08:34:13 2025

Set parameter WLSAccessID
Set parameter WLSSecret
Set parameter LicenseID to value 2596424
Set parameter LogFile to value "gurobi.log"
Using license file /Users/yunglong/Downloads/gurobi.lic
Academic license 2596424 - for non-commercial use only - registered to yu___@chalmers.se

Gurobi 12.0.0 (mac64[arm], gurobi_cl) logging started Wed May 28 08:36:11 2025

Set parameter WLSAccessID
Set parameter WLSSecret
Set parameter LicenseID to value 2596424
Set parameter LogFile to value "gurobi.log"
Using license file /Users/yunglong/Downloads/gurobi.lic
Academic license 2596424 - for non-commercial use only - registered to yu___@chalmers.se

Gurobi 12.0.0 (mac64[arm], gurobi_cl) logging started Wed May 28 08:38:08 2025

Set parameter WLSAccessID
Set parameter WLSSecret
Set parameter LicenseID to value 2596424
Set parameter LogFile to value "gurobi.log"
Using license file /Users/yunglong/Downloads/gurobi.lic
Academic license 2596424 - for non-commercial use only - registered to yu___@chalmers.se

Gurobi 12.0.0 (mac64[arm], gurobi_cl) logging started Wed May 28 15:31:16 2025

Set parameter WLSAccessID
Set parameter WLSSecret
Set parameter LicenseID to value 2596424
Set parameter LogFile to value "gurobi.log"
Using license file /Users/yunglong/Downloads/gurobi.lic
Academic license 2596424 - for non-commercial use only - registered to yu___@chalmers.se

Gurobi 12.0.0 (mac64[arm], gurobi_cl) logging started Wed May 28 15:33:04 2025

Set parameter WLSAccessID
Set parameter WLSSecret
Set parameter LicenseID to value 2596424
Set parameter LogFile to value "gurobi.log"
Using license file /Users/yunglong/Downloads/gurobi.lic
Academic license 2596424 - for non-commercial use only - registered to yu___@chalmers.se

Gurobi 12.0.0 (mac64[arm], gurobi_cl) logging started Wed May 28 15:51:48 2025

Set parameter WLSAccessID
Set parameter WLSSecret
Set parameter LicenseID to value 2596424
Set parameter LogFile to value "gurobi.log"
Using license file /Users/yunglong/Downloads/gurobi.lic
Academic license 2596424 - for non-commercial use only - registered to yu___@chalmers.se

Gurobi 12.0.0 (mac64[arm], gurobi_cl) logging started Wed May 28 15:52:04 2025

Set parameter WLSAccessID
Set parameter WLSSecret
Set parameter LicenseID to value 2596424
Set parameter LogFile to value "gurobi.log"
Using license file /Users/yunglong/Downloads/gurobi.lic
Academic license 2596424 - for non-commercial use only - registered to yu___@chalmers.se

Gurobi 12.0.0 (mac64[arm], gurobi_cl) logging started Wed May 28 15:57:32 2025

Set parameter WLSAccessID
Set parameter WLSSecret
Set parameter LicenseID to value 2596424
Set parameter LogFile to value "gurobi.log"
Using license file /Users/yunglong/Downloads/gurobi.lic
Academic license 2596424 - for non-commercial use only - registered to yu___@chalmers.se

Gurobi 12.0.0 (mac64[arm], gurobi_cl) logging started Wed May 28 16:00:06 2025

Set parameter WLSAccessID
Set parameter WLSSecret
Set parameter LicenseID to value 2596424
Set parameter LogFile to value "gurobi.log"
Using license file /Users/yunglong/Downloads/gurobi.lic
Academic license 2596424 - for non-commercial use only - registered to yu___@chalmers.se

Gurobi 12.0.0 (mac64[arm], gurobi_cl) logging started Wed May 28 16:00:48 2025

Set parameter WLSAccessID
Set parameter WLSSecret
Set parameter LicenseID to value 2596424
Set parameter LogFile to value "gurobi.log"
Using license file /Users/yunglong/Downloads/gurobi.lic
Academic license 2596424 - for non-commercial use only - registered to yu___@chalmers.se

Gurobi 12.0.0 (mac64[arm], gurobi_cl) logging started Wed May 28 16:01:02 2025

Set parameter WLSAccessID
Set parameter WLSSecret
Set parameter LicenseID to value 2596424
Set parameter LogFile to value "gurobi.log"
Using license file /Users/yunglong/Downloads/gurobi.lic
Academic license 2596424 - for non-commercial use only - registered to yu___@chalmers.se

Gurobi 12.0.0 (mac64[arm], gurobi_cl) logging started Wed May 28 16:09:07 2025

Set parameter WLSAccessID
Set parameter WLSSecret
Set parameter LicenseID to value 2596424
Set parameter LogFile to value "gurobi.log"
Using license file /Users/yunglong/Downloads/gurobi.lic
Academic license 2596424 - for non-commercial use only - registered to yu___@chalmers.se

Gurobi 12.0.0 (mac64[arm], gurobi_cl) logging started Wed May 28 16:09:29 2025

Set parameter WLSAccessID
Set parameter WLSSecret
Set parameter LicenseID to value 2596424
Set parameter LogFile to value "gurobi.log"
Using license file /Users/yunglong/Downloads/gurobi.lic
Academic license 2596424 - for non-commercial use only - registered to yu___@chalmers.se

Gurobi 12.0.0 (mac64[arm], gurobi_cl) logging started Wed May 28 16:11:07 2025

Set parameter WLSAccessID
Set parameter WLSSecret
Set parameter LicenseID to value 2596424
Set parameter LogFile to value "gurobi.log"
Using license file /Users/yunglong/Downloads/gurobi.lic
Academic license 2596424 - for non-commercial use only - registered to yu___@chalmers.se

Gurobi 12.0.0 (mac64[arm], gurobi_cl) logging started Wed May 28 16:13:11 2025

Set parameter WLSAccessID
Set parameter WLSSecret
Set parameter LicenseID to value 2596424
Set parameter LogFile to value "gurobi.log"
Using license file /Users/yunglong/Downloads/gurobi.lic
Academic license 2596424 - for non-commercial use only - registered to yu___@chalmers.se

Gurobi 12.0.0 (mac64[arm], gurobi_cl) logging started Wed May 28 16:15:06 2025

Set parameter WLSAccessID
Set parameter WLSSecret
Set parameter LicenseID to value 2596424
Set parameter LogFile to value "gurobi.log"
Using license file /Users/yunglong/Downloads/gurobi.lic
Academic license 2596424 - for non-commercial use only - registered to yu___@chalmers.se

Gurobi 12.0.0 (mac64[arm], gurobi_cl) logging started Wed May 28 16:25:34 2025

Set parameter WLSAccessID
Set parameter WLSSecret
Set parameter LicenseID to value 2596424
Set parameter LogFile to value "gurobi.log"
Using license file /Users/yunglong/Downloads/gurobi.lic
Academic license 2596424 - for non-commercial use only - registered to yu___@chalmers.se

Gurobi 12.0.0 (mac64[arm], gurobi_cl) logging started Wed May 28 16:25:51 2025

Set parameter WLSAccessID
Set parameter WLSSecret
Set parameter LicenseID to value 2596424
Set parameter LogFile to value "gurobi.log"
Using license file /Users/yunglong/Downloads/gurobi.lic
Academic license 2596424 - for non-commercial use only - registered to yu___@chalmers.se

Gurobi 12.0.0 (mac64[arm], gurobi_cl) logging started Wed May 28 16:27:46 2025

Set parameter WLSAccessID
Set parameter WLSSecret
Set parameter LicenseID to value 2596424
Set parameter LogFile to value "gurobi.log"
Using license file /Users/yunglong/Downloads/gurobi.lic
Academic license 2596424 - for non-commercial use only - registered to yu___@chalmers.se

Gurobi 12.0.0 (mac64[arm], gurobi_cl) logging started Wed May 28 16:41:23 2025

Set parameter WLSAccessID
Set parameter WLSSecret
Set parameter LicenseID to value 2596424
Set parameter LogFile to value "gurobi.log"
Using license file /Users/yunglong/Downloads/gurobi.lic
Academic license 2596424 - for non-commercial use only - registered to yu___@chalmers.se

Gurobi 12.0.0 (mac64[arm], gurobi_cl) logging started Wed May 28 16:41:50 2025

Set parameter WLSAccessID
Set parameter WLSSecret
Set parameter LicenseID to value 2596424
Set parameter LogFile to value "gurobi.log"
Using license file /Users/yunglong/Downloads/gurobi.lic
Academic license 2596424 - for non-commercial use only - registered to yu___@chalmers.se

Gurobi 12.0.0 (mac64[arm], gurobi_cl) logging started Wed May 28 16:43:35 2025

Set parameter WLSAccessID
Set parameter WLSSecret
Set parameter LicenseID to value 2596424
Set parameter LogFile to value "gurobi.log"
Using license file /Users/yunglong/Downloads/gurobi.lic
Academic license 2596424 - for non-commercial use only - registered to yu___@chalmers.se

Gurobi 12.0.0 (mac64[arm], gurobi_cl) logging started Fri May 30 16:22:07 2025

Set parameter WLSAccessID
Set parameter WLSSecret
Set parameter LicenseID to value 2596424
Set parameter LogFile to value "gurobi.log"
Using license file /Users/yunglong/Downloads/gurobi.lic
Academic license 2596424 - for non-commercial use only - registered to yu___@chalmers.se

Gurobi 12.0.0 (mac64[arm], gurobi_cl) logging started Fri May 30 16:22:54 2025

Set parameter WLSAccessID
Set parameter WLSSecret
Set parameter LicenseID to value 2596424
Set parameter LogFile to value "gurobi.log"
Using license file /Users/yunglong/Downloads/gurobi.lic
Academic license 2596424 - for non-commercial use only - registered to yu___@chalmers.se

Gurobi 12.0.0 (mac64[arm], gurobi_cl) logging started Fri May 30 16:23:44 2025

Set parameter WLSAccessID
Set parameter WLSSecret
Set parameter LicenseID to value 2596424
Set parameter LogFile to value "gurobi.log"
Using license file /Users/yunglong/Downloads/gurobi.lic
Academic license 2596424 - for non-commercial use only - registered to yu___@chalmers.se

Gurobi 12.0.0 (mac64[arm], gurobi_cl) logging started Fri May 30 16:35:23 2025

Set parameter WLSAccessID
Set parameter WLSSecret
Set parameter LicenseID to value 2596424
Set parameter LogFile to value "gurobi.log"
Using license file /Users/yunglong/Downloads/gurobi.lic
Academic license 2596424 - for non-commercial use only - registered to yu___@chalmers.se

Gurobi 12.0.0 (mac64[arm], gurobi_cl) logging started Fri May 30 16:35:35 2025


Gurobi 12.0.0 (mac64[arm], gurobi_cl) logging started Fri May 30 16:35:35 2025

Set parameter WLSAccessID
Set parameter WLSSecret
Set parameter LicenseID to value 2596424
Set parameter WLSAccessID
Set parameter WLSSecret
Set parameter LogFile to value "gurobi.log"
Set parameter LicenseID to value 2596424
Using license file /Users/yunglong/Downloads/gurobi.lic
Set parameter LogFile to value "gurobi.log"
Using license file /Users/yunglong/Downloads/gurobi.lic
Academic license 2596424 - for non-commercial use only - registered to yu___@chalmers.se
Academic license 2596424 - for non-commercial use only - registered to yu___@chalmers.se

Gurobi 12.0.0 (mac64[arm], gurobi_cl) logging started Fri May 30 16:35:35 2025

Set parameter WLSAccessID
Set parameter WLSSecret
Set parameter LicenseID to value 2596424
Set parameter LogFile to value "gurobi.log"
Using license file /Users/yunglong/Downloads/gurobi.lic
Academic license 2596424 - for non-commercial use only - registered to yu___@chalmers.se

Gurobi 12.0.0 (mac64[arm], gurobi_cl) logging started Fri May 30 16:35:36 2025

Set parameter WLSAccessID
Set parameter WLSSecret
Set parameter LicenseID to value 2596424
Set parameter LogFile to value "gurobi.log"
Using license file /Users/yunglong/Downloads/gurobi.lic

Gurobi 12.0.0 (mac64[arm], gurobi_cl) logging started Fri May 30 16:35:36 2025

Set parameter WLSAccessID
Set parameter WLSSecret
Set parameter LicenseID to value 2596424
Set parameter LogFile to value "gurobi.log"
Using license file /Users/yunglong/Downloads/gurobi.lic
Academic license 2596424 - for non-commercial use only - registered to yu___@chalmers.se
Academic license 2596424 - for non-commercial use only - registered to yu___@chalmers.se

Gurobi 12.0.0 (mac64[arm], gurobi_cl) logging started Fri May 30 16:35:36 2025

Set parameter WLSAccessID
Set parameter WLSSecret
Set parameter LicenseID to value 2596424
Set parameter LogFile to value "gurobi.log"
Using license file /Users/yunglong/Downloads/gurobi.lic
Academic license 2596424 - for non-commercial use only - registered to yu___@chalmers.se

Gurobi 12.0.0 (mac64[arm], gurobi_cl) logging started Fri May 30 16:36:04 2025

Set parameter WLSAccessID
Set parameter WLSSecret
Set parameter LicenseID to value 2596424
Set parameter LogFile to value "gurobi.log"
Using license file /Users/yunglong/Downloads/gurobi.lic
Academic license 2596424 - for non-commercial use only - registered to yu___@chalmers.se

Gurobi 12.0.0 (mac64[arm], gurobi_cl) logging started Fri May 30 16:36:12 2025

Set parameter WLSAccessID
Set parameter WLSSecret
Set parameter LicenseID to value 2596424
Set parameter LogFile to value "gurobi.log"
Using license file /Users/yunglong/Downloads/gurobi.lic
Academic license 2596424 - for non-commercial use only - registered to yu___@chalmers.se

Gurobi 12.0.0 (mac64[arm], gurobi_cl) logging started Fri May 30 16:46:26 2025

Set parameter WLSAccessID
Set parameter WLSSecret
Set parameter LicenseID to value 2596424
Set parameter LogFile to value "gurobi.log"
Using license file /Users/yunglong/Downloads/gurobi.lic
Academic license 2596424 - for non-commercial use only - registered to yu___@chalmers.se

Gurobi 12.0.0 (mac64[arm], gurobi_cl) logging started Fri May 30 16:47:33 2025

Set parameter WLSAccessID
Set parameter WLSSecret
Set parameter LicenseID to value 2596424
Set parameter LogFile to value "gurobi.log"
Using license file /Users/yunglong/Downloads/gurobi.lic
Academic license 2596424 - for non-commercial use only - registered to yu___@chalmers.se

Gurobi 12.0.0 (mac64[arm], gurobi_cl) logging started Fri May 30 16:50:51 2025

Set parameter WLSAccessID
Set parameter WLSSecret
Set parameter LicenseID to value 2596424
Set parameter LogFile to value "gurobi.log"
Using license file /Users/yunglong/Downloads/gurobi.lic
Academic license 2596424 - for non-commercial use only - registered to yu___@chalmers.se

Gurobi 12.0.0 (mac64[arm], gurobi_cl) logging started Fri May 30 16:54:31 2025

Set parameter WLSAccessID
Set parameter WLSSecret
Set parameter LicenseID to value 2596424
Set parameter LogFile to value "gurobi.log"
Using license file /Users/yunglong/Downloads/gurobi.lic
Academic license 2596424 - for non-commercial use only - registered to yu___@chalmers.se

Gurobi 12.0.0 (mac64[arm], gurobi_cl) logging started Fri May 30 16:54:51 2025

Set parameter WLSAccessID
Set parameter WLSSecret
Set parameter LicenseID to value 2596424
Set parameter LogFile to value "gurobi.log"
Using license file /Users/yunglong/Downloads/gurobi.lic
Academic license 2596424 - for non-commercial use only - registered to yu___@chalmers.se

Gurobi 12.0.0 (mac64[arm], gurobi_cl) logging started Fri May 30 16:56:41 2025

Set parameter WLSAccessID
Set parameter WLSSecret
Set parameter LicenseID to value 2596424
Set parameter LogFile to value "gurobi.log"
Using license file /Users/yunglong/Downloads/gurobi.lic
Academic license 2596424 - for non-commercial use only - registered to yu___@chalmers.se

Gurobi 12.0.0 (mac64[arm], gurobi_cl) logging started Fri May 30 17:49:40 2025

Set parameter WLSAccessID
Set parameter WLSSecret
Set parameter LicenseID to value 2596424
Set parameter LogFile to value "gurobi.log"
Using license file /Users/yunglong/Downloads/gurobi.lic
Academic license 2596424 - for non-commercial use only - registered to yu___@chalmers.se

Gurobi 12.0.0 (mac64[arm], gurobi_cl) logging started Fri May 30 17:50:06 2025

Set parameter WLSAccessID
Set parameter WLSSecret
Set parameter LicenseID to value 2596424
Set parameter LogFile to value "gurobi.log"
Using license file /Users/yunglong/Downloads/gurobi.lic
Academic license 2596424 - for non-commercial use only - registered to yu___@chalmers.se

Gurobi 12.0.0 (mac64[arm], gurobi_cl) logging started Fri May 30 17:51:37 2025

Set parameter WLSAccessID
Set parameter WLSSecret
Set parameter LicenseID to value 2596424
Set parameter LogFile to value "gurobi.log"
Using license file /Users/yunglong/Downloads/gurobi.lic
Academic license 2596424 - for non-commercial use only - registered to yu___@chalmers.se

Gurobi 12.0.0 (mac64[arm], gurobi_cl) logging started Fri May 30 17:54:06 2025

Set parameter WLSAccessID
Set parameter WLSSecret
Set parameter LicenseID to value 2596424
Set parameter LogFile to value "gurobi.log"
Using license file /Users/yunglong/Downloads/gurobi.lic
Academic license 2596424 - for non-commercial use only - registered to yu___@chalmers.se

Gurobi 12.0.0 (mac64[arm], gurobi_cl) logging started Fri May 30 17:56:36 2025

Set parameter WLSAccessID
Set parameter WLSSecret
Set parameter LicenseID to value 2596424
Set parameter LogFile to value "gurobi.log"
Using license file /Users/yunglong/Downloads/gurobi.lic
Academic license 2596424 - for non-commercial use only - registered to yu___@chalmers.se

Gurobi 12.0.0 (mac64[arm], gurobi_cl) logging started Fri May 30 17:58:51 2025

Set parameter WLSAccessID
Set parameter WLSSecret
Set parameter LicenseID to value 2596424
Set parameter LogFile to value "gurobi.log"
Using license file /Users/yunglong/Downloads/gurobi.lic
Academic license 2596424 - for non-commercial use only - registered to yu___@chalmers.se

Gurobi 12.0.0 (mac64[arm], gurobi_cl) logging started Fri May 30 18:00:40 2025

Set parameter WLSAccessID
Set parameter WLSSecret
Set parameter LicenseID to value 2596424
Set parameter LogFile to value "gurobi.log"
Using license file /Users/yunglong/Downloads/gurobi.lic
Academic license 2596424 - for non-commercial use only - registered to yu___@chalmers.se

Gurobi 12.0.0 (mac64[arm], gurobi_cl) logging started Fri May 30 18:02:47 2025

Set parameter WLSAccessID
Set parameter WLSSecret
Set parameter LicenseID to value 2596424
Set parameter LogFile to value "gurobi.log"
Using license file /Users/yunglong/Downloads/gurobi.lic
Academic license 2596424 - for non-commercial use only - registered to yu___@chalmers.se

Gurobi 12.0.0 (mac64[arm], gurobi_cl) logging started Fri May 30 18:04:48 2025

Set parameter WLSAccessID
Set parameter WLSSecret
Set parameter LicenseID to value 2596424
Set parameter LogFile to value "gurobi.log"
Using license file /Users/yunglong/Downloads/gurobi.lic
Academic license 2596424 - for non-commercial use only - registered to yu___@chalmers.se

Gurobi 12.0.0 (mac64[arm], gurobi_cl) logging started Fri May 30 18:06:50 2025

Set parameter WLSAccessID
Set parameter WLSSecret
Set parameter LicenseID to value 2596424
Set parameter LogFile to value "gurobi.log"
Using license file /Users/yunglong/Downloads/gurobi.lic
Academic license 2596424 - for non-commercial use only - registered to yu___@chalmers.se

Gurobi 12.0.0 (mac64[arm], gurobi_cl) logging started Fri May 30 20:30:22 2025

Set parameter WLSAccessID
Set parameter WLSSecret
Set parameter LicenseID to value 2596424
Set parameter LogFile to value "gurobi.log"
Using license file /Users/yunglong/Downloads/gurobi.lic
Academic license 2596424 - for non-commercial use only - registered to yu___@chalmers.se

Gurobi 12.0.0 (mac64[arm], gurobi_cl) logging started Fri May 30 20:31:01 2025

Set parameter WLSAccessID
Set parameter WLSSecret
Set parameter LicenseID to value 2596424
Set parameter LogFile to value "gurobi.log"
Using license file /Users/yunglong/Downloads/gurobi.lic
Academic license 2596424 - for non-commercial use only - registered to yu___@chalmers.se

Gurobi 12.0.0 (mac64[arm], gurobi_cl) logging started Fri May 30 20:32:44 2025

Set parameter WLSAccessID
Set parameter WLSSecret
Set parameter LicenseID to value 2596424
Set parameter LogFile to value "gurobi.log"
Using license file /Users/yunglong/Downloads/gurobi.lic
Academic license 2596424 - for non-commercial use only - registered to yu___@chalmers.se

Gurobi 12.0.0 (mac64[arm], gurobi_cl) logging started Fri May 30 20:34:28 2025

Set parameter WLSAccessID
Set parameter WLSSecret
Set parameter LicenseID to value 2596424
Set parameter LogFile to value "gurobi.log"
Using license file /Users/yunglong/Downloads/gurobi.lic
Academic license 2596424 - for non-commercial use only - registered to yu___@chalmers.se

Gurobi 12.0.0 (mac64[arm], gurobi_cl) logging started Fri May 30 20:36:11 2025

Set parameter WLSAccessID
Set parameter WLSSecret
Set parameter LicenseID to value 2596424
Set parameter LogFile to value "gurobi.log"
Using license file /Users/yunglong/Downloads/gurobi.lic
Academic license 2596424 - for non-commercial use only - registered to yu___@chalmers.se

Gurobi 12.0.0 (mac64[arm], gurobi_cl) logging started Fri May 30 20:37:56 2025

Set parameter WLSAccessID
Set parameter WLSSecret
Set parameter LicenseID to value 2596424
Set parameter LogFile to value "gurobi.log"
Using license file /Users/yunglong/Downloads/gurobi.lic
Academic license 2596424 - for non-commercial use only - registered to yu___@chalmers.se

Gurobi 12.0.0 (mac64[arm], gurobi_cl) logging started Fri May 30 20:40:10 2025

Set parameter WLSAccessID
Set parameter WLSSecret
Set parameter LicenseID to value 2596424
Set parameter LogFile to value "gurobi.log"
Using license file /Users/yunglong/Downloads/gurobi.lic
Academic license 2596424 - for non-commercial use only - registered to yu___@chalmers.se

Gurobi 12.0.0 (mac64[arm], gurobi_cl) logging started Fri May 30 20:41:59 2025

Set parameter WLSAccessID
Set parameter WLSSecret
Set parameter LicenseID to value 2596424
Set parameter LogFile to value "gurobi.log"
Using license file /Users/yunglong/Downloads/gurobi.lic
Academic license 2596424 - for non-commercial use only - registered to yu___@chalmers.se

Gurobi 12.0.0 (mac64[arm], gurobi_cl) logging started Fri May 30 20:43:57 2025

Set parameter WLSAccessID
Set parameter WLSSecret
Set parameter LicenseID to value 2596424
Set parameter LogFile to value "gurobi.log"
Using license file /Users/yunglong/Downloads/gurobi.lic
Academic license 2596424 - for non-commercial use only - registered to yu___@chalmers.se

Gurobi 12.0.0 (mac64[arm], gurobi_cl) logging started Fri May 30 20:46:01 2025

Set parameter WLSAccessID
Set parameter WLSSecret
Set parameter LicenseID to value 2596424
Set parameter LogFile to value "gurobi.log"
Using license file /Users/yunglong/Downloads/gurobi.lic
Academic license 2596424 - for non-commercial use only - registered to yu___@chalmers.se

Gurobi 12.0.0 (mac64[arm], gurobi_cl) logging started Fri May 30 21:24:53 2025

Set parameter WLSAccessID
Set parameter WLSSecret
Set parameter LicenseID to value 2596424
Set parameter LogFile to value "gurobi.log"
Using license file /Users/yunglong/Downloads/gurobi.lic
Academic license 2596424 - for non-commercial use only - registered to yu___@chalmers.se

Gurobi 12.0.0 (mac64[arm], gurobi_cl) logging started Fri May 30 21:25:30 2025

Set parameter WLSAccessID
Set parameter WLSSecret
Set parameter LicenseID to value 2596424
Set parameter LogFile to value "gurobi.log"
Using license file /Users/yunglong/Downloads/gurobi.lic
Academic license 2596424 - for non-commercial use only - registered to yu___@chalmers.se

Gurobi 12.0.0 (mac64[arm], gurobi_cl) logging started Fri May 30 21:27:13 2025

Set parameter WLSAccessID
Set parameter WLSSecret
Set parameter LicenseID to value 2596424
Set parameter LogFile to value "gurobi.log"
Using license file /Users/yunglong/Downloads/gurobi.lic
Academic license 2596424 - for non-commercial use only - registered to yu___@chalmers.se

Gurobi 12.0.0 (mac64[arm], gurobi_cl) logging started Fri May 30 21:29:03 2025

Set parameter WLSAccessID
Set parameter WLSSecret
Set parameter LicenseID to value 2596424
Set parameter LogFile to value "gurobi.log"
Using license file /Users/yunglong/Downloads/gurobi.lic
Academic license 2596424 - for non-commercial use only - registered to yu___@chalmers.se

Gurobi 12.0.0 (mac64[arm], gurobi_cl) logging started Fri May 30 21:30:57 2025

Set parameter WLSAccessID
Set parameter WLSSecret
Set parameter LicenseID to value 2596424
Set parameter LogFile to value "gurobi.log"
Using license file /Users/yunglong/Downloads/gurobi.lic
Academic license 2596424 - for non-commercial use only - registered to yu___@chalmers.se

Gurobi 12.0.0 (mac64[arm], gurobi_cl) logging started Fri May 30 21:32:50 2025

Set parameter WLSAccessID
Set parameter WLSSecret
Set parameter LicenseID to value 2596424
Set parameter LogFile to value "gurobi.log"
Using license file /Users/yunglong/Downloads/gurobi.lic
Academic license 2596424 - for non-commercial use only - registered to yu___@chalmers.se

Gurobi 12.0.0 (mac64[arm], gurobi_cl) logging started Fri May 30 21:35:05 2025

Set parameter WLSAccessID
Set parameter WLSSecret
Set parameter LicenseID to value 2596424
Set parameter LogFile to value "gurobi.log"
Using license file /Users/yunglong/Downloads/gurobi.lic
Academic license 2596424 - for non-commercial use only - registered to yu___@chalmers.se

Gurobi 12.0.0 (mac64[arm], gurobi_cl) logging started Fri May 30 21:36:56 2025

Set parameter WLSAccessID
Set parameter WLSSecret
Set parameter LicenseID to value 2596424
Set parameter LogFile to value "gurobi.log"
Using license file /Users/yunglong/Downloads/gurobi.lic
Academic license 2596424 - for non-commercial use only - registered to yu___@chalmers.se

Gurobi 12.0.0 (mac64[arm], gurobi_cl) logging started Fri May 30 21:38:59 2025

Set parameter WLSAccessID
Set parameter WLSSecret
Set parameter LicenseID to value 2596424
Set parameter LogFile to value "gurobi.log"
Using license file /Users/yunglong/Downloads/gurobi.lic
Academic license 2596424 - for non-commercial use only - registered to yu___@chalmers.se

Gurobi 12.0.0 (mac64[arm], gurobi_cl) logging started Fri May 30 21:40:56 2025

Set parameter WLSAccessID
Set parameter WLSSecret
Set parameter LicenseID to value 2596424
Set parameter LogFile to value "gurobi.log"
Using license file /Users/yunglong/Downloads/gurobi.lic
Academic license 2596424 - for non-commercial use only - registered to yu___@chalmers.se

Gurobi 12.0.0 (mac64[arm], gurobi_cl) logging started Fri May 30 22:03:00 2025

Set parameter WLSAccessID
Set parameter WLSSecret
Set parameter LicenseID to value 2596424
Set parameter LogFile to value "gurobi.log"
Using license file /Users/yunglong/Downloads/gurobi.lic
Academic license 2596424 - for non-commercial use only - registered to yu___@chalmers.se

Gurobi 12.0.0 (mac64[arm], gurobi_cl) logging started Fri May 30 22:03:39 2025

Set parameter WLSAccessID
Set parameter WLSSecret
Set parameter LicenseID to value 2596424
Set parameter LogFile to value "gurobi.log"
Using license file /Users/yunglong/Downloads/gurobi.lic
Academic license 2596424 - for non-commercial use only - registered to yu___@chalmers.se

Gurobi 12.0.0 (mac64[arm], gurobi_cl) logging started Fri May 30 22:05:26 2025

Set parameter WLSAccessID
Set parameter WLSSecret
Set parameter LicenseID to value 2596424
Set parameter LogFile to value "gurobi.log"
Using license file /Users/yunglong/Downloads/gurobi.lic
Academic license 2596424 - for non-commercial use only - registered to yu___@chalmers.se

Gurobi 12.0.0 (mac64[arm], gurobi_cl) logging started Fri May 30 22:07:16 2025

Set parameter WLSAccessID
Set parameter WLSSecret
Set parameter LicenseID to value 2596424
Set parameter LogFile to value "gurobi.log"
Using license file /Users/yunglong/Downloads/gurobi.lic
Academic license 2596424 - for non-commercial use only - registered to yu___@chalmers.se

Gurobi 12.0.0 (mac64[arm], gurobi_cl) logging started Fri May 30 22:09:17 2025

Set parameter WLSAccessID
Set parameter WLSSecret
Set parameter LicenseID to value 2596424
Set parameter LogFile to value "gurobi.log"
Using license file /Users/yunglong/Downloads/gurobi.lic
Academic license 2596424 - for non-commercial use only - registered to yu___@chalmers.se

Gurobi 12.0.0 (mac64[arm], gurobi_cl) logging started Fri May 30 22:11:11 2025

Set parameter WLSAccessID
Set parameter WLSSecret
Set parameter LicenseID to value 2596424
Set parameter LogFile to value "gurobi.log"
Using license file /Users/yunglong/Downloads/gurobi.lic
Academic license 2596424 - for non-commercial use only - registered to yu___@chalmers.se

Gurobi 12.0.0 (mac64[arm], gurobi_cl) logging started Fri May 30 22:13:23 2025

Set parameter WLSAccessID
Set parameter WLSSecret
Set parameter LicenseID to value 2596424
Set parameter LogFile to value "gurobi.log"
Using license file /Users/yunglong/Downloads/gurobi.lic
Academic license 2596424 - for non-commercial use only - registered to yu___@chalmers.se

Gurobi 12.0.0 (mac64[arm], gurobi_cl) logging started Fri May 30 22:15:22 2025

Set parameter WLSAccessID
Set parameter WLSSecret
Set parameter LicenseID to value 2596424
Set parameter LogFile to value "gurobi.log"
Using license file /Users/yunglong/Downloads/gurobi.lic
Academic license 2596424 - for non-commercial use only - registered to yu___@chalmers.se

Gurobi 12.0.0 (mac64[arm], gurobi_cl) logging started Fri May 30 22:17:18 2025

Set parameter WLSAccessID
Set parameter WLSSecret
Set parameter LicenseID to value 2596424
Set parameter LogFile to value "gurobi.log"
Using license file /Users/yunglong/Downloads/gurobi.lic
Academic license 2596424 - for non-commercial use only - registered to yu___@chalmers.se

Gurobi 12.0.0 (mac64[arm], gurobi_cl) logging started Fri May 30 22:19:08 2025

Set parameter WLSAccessID
Set parameter WLSSecret
Set parameter LicenseID to value 2596424
Set parameter LogFile to value "gurobi.log"
Using license file /Users/yunglong/Downloads/gurobi.lic
Academic license 2596424 - for non-commercial use only - registered to yu___@chalmers.se

Gurobi 12.0.0 (mac64[arm], gurobi_cl) logging started Sat May 31 06:52:48 2025

Set parameter WLSAccessID
Set parameter WLSSecret
Set parameter LicenseID to value 2596424
Set parameter LogFile to value "gurobi.log"
Using license file /Users/yunglong/Downloads/gurobi.lic
Academic license 2596424 - for non-commercial use only - registered to yu___@chalmers.se

Gurobi 12.0.0 (mac64[arm], gurobi_cl) logging started Sat May 31 06:53:27 2025

Set parameter WLSAccessID
Set parameter WLSSecret
Set parameter LicenseID to value 2596424
Set parameter LogFile to value "gurobi.log"
Using license file /Users/yunglong/Downloads/gurobi.lic
Academic license 2596424 - for non-commercial use only - registered to yu___@chalmers.se

Gurobi 12.0.0 (mac64[arm], gurobi_cl) logging started Sat May 31 06:55:24 2025

Set parameter WLSAccessID
Set parameter WLSSecret
Set parameter LicenseID to value 2596424
Set parameter LogFile to value "gurobi.log"
Using license file /Users/yunglong/Downloads/gurobi.lic
Academic license 2596424 - for non-commercial use only - registered to yu___@chalmers.se

Gurobi 12.0.0 (mac64[arm], gurobi_cl) logging started Sat May 31 06:57:11 2025

Set parameter WLSAccessID
Set parameter WLSSecret
Set parameter LicenseID to value 2596424
Set parameter LogFile to value "gurobi.log"
Using license file /Users/yunglong/Downloads/gurobi.lic
Academic license 2596424 - for non-commercial use only - registered to yu___@chalmers.se

Gurobi 12.0.0 (mac64[arm], gurobi_cl) logging started Sat May 31 06:58:59 2025

Set parameter WLSAccessID
Set parameter WLSSecret
Set parameter LicenseID to value 2596424
Set parameter LogFile to value "gurobi.log"
Using license file /Users/yunglong/Downloads/gurobi.lic
Academic license 2596424 - for non-commercial use only - registered to yu___@chalmers.se

Gurobi 12.0.0 (mac64[arm], gurobi_cl) logging started Sat May 31 07:00:48 2025

Set parameter WLSAccessID
Set parameter WLSSecret
Set parameter LicenseID to value 2596424
Set parameter LogFile to value "gurobi.log"
Using license file /Users/yunglong/Downloads/gurobi.lic
Academic license 2596424 - for non-commercial use only - registered to yu___@chalmers.se

Gurobi 12.0.0 (mac64[arm], gurobi_cl) logging started Sat May 31 07:03:09 2025

Set parameter WLSAccessID
Set parameter WLSSecret
Set parameter LicenseID to value 2596424
Set parameter LogFile to value "gurobi.log"
Using license file /Users/yunglong/Downloads/gurobi.lic
Academic license 2596424 - for non-commercial use only - registered to yu___@chalmers.se

Gurobi 12.0.0 (mac64[arm], gurobi_cl) logging started Sat May 31 07:05:01 2025

Set parameter WLSAccessID
Set parameter WLSSecret
Set parameter LicenseID to value 2596424
Set parameter LogFile to value "gurobi.log"
Using license file /Users/yunglong/Downloads/gurobi.lic
Academic license 2596424 - for non-commercial use only - registered to yu___@chalmers.se

Gurobi 12.0.0 (mac64[arm], gurobi_cl) logging started Sat May 31 07:07:05 2025

Set parameter WLSAccessID
Set parameter WLSSecret
Set parameter LicenseID to value 2596424
Set parameter LogFile to value "gurobi.log"
Using license file /Users/yunglong/Downloads/gurobi.lic
Academic license 2596424 - for non-commercial use only - registered to yu___@chalmers.se

Gurobi 12.0.0 (mac64[arm], gurobi_cl) logging started Sat May 31 07:09:14 2025

Set parameter WLSAccessID
Set parameter WLSSecret
Set parameter LicenseID to value 2596424
Set parameter LogFile to value "gurobi.log"
Using license file /Users/yunglong/Downloads/gurobi.lic
Academic license 2596424 - for non-commercial use only - registered to yu___@chalmers.se

Gurobi 12.0.0 (mac64[arm], gurobi_cl) logging started Sat May 31 07:32:21 2025

Set parameter WLSAccessID
Set parameter WLSSecret
Set parameter LicenseID to value 2596424
Set parameter LogFile to value "gurobi.log"
Using license file /Users/yunglong/Downloads/gurobi.lic
Academic license 2596424 - for non-commercial use only - registered to yu___@chalmers.se

Gurobi 12.0.0 (mac64[arm], gurobi_cl) logging started Sat May 31 07:32:56 2025

Set parameter WLSAccessID
Set parameter WLSSecret
Set parameter LicenseID to value 2596424
Set parameter LogFile to value "gurobi.log"
Using license file /Users/yunglong/Downloads/gurobi.lic
Academic license 2596424 - for non-commercial use only - registered to yu___@chalmers.se

Gurobi 12.0.0 (mac64[arm], gurobi_cl) logging started Sat May 31 07:34:47 2025

Set parameter WLSAccessID
Set parameter WLSSecret
Set parameter LicenseID to value 2596424
Set parameter LogFile to value "gurobi.log"
Using license file /Users/yunglong/Downloads/gurobi.lic
Academic license 2596424 - for non-commercial use only - registered to yu___@chalmers.se

Gurobi 12.0.0 (mac64[arm], gurobi_cl) logging started Sat May 31 07:36:44 2025

Set parameter WLSAccessID
Set parameter WLSSecret
Set parameter LicenseID to value 2596424
Set parameter LogFile to value "gurobi.log"
Using license file /Users/yunglong/Downloads/gurobi.lic
Academic license 2596424 - for non-commercial use only - registered to yu___@chalmers.se

Gurobi 12.0.0 (mac64[arm], gurobi_cl) logging started Sat May 31 07:38:32 2025

Set parameter WLSAccessID
Set parameter WLSSecret
Set parameter LicenseID to value 2596424
Set parameter LogFile to value "gurobi.log"
Using license file /Users/yunglong/Downloads/gurobi.lic
Academic license 2596424 - for non-commercial use only - registered to yu___@chalmers.se

Gurobi 12.0.0 (mac64[arm], gurobi_cl) logging started Sat May 31 07:40:36 2025

Set parameter WLSAccessID
Set parameter WLSSecret
Set parameter LicenseID to value 2596424
Set parameter LogFile to value "gurobi.log"
Using license file /Users/yunglong/Downloads/gurobi.lic
Academic license 2596424 - for non-commercial use only - registered to yu___@chalmers.se

Gurobi 12.0.0 (mac64[arm], gurobi_cl) logging started Sat May 31 07:42:54 2025

Set parameter WLSAccessID
Set parameter WLSSecret
Set parameter LicenseID to value 2596424
Set parameter LogFile to value "gurobi.log"
Using license file /Users/yunglong/Downloads/gurobi.lic
Academic license 2596424 - for non-commercial use only - registered to yu___@chalmers.se

Gurobi 12.0.0 (mac64[arm], gurobi_cl) logging started Sat May 31 07:44:43 2025

Set parameter WLSAccessID
Set parameter WLSSecret
Set parameter LicenseID to value 2596424
Set parameter LogFile to value "gurobi.log"
Using license file /Users/yunglong/Downloads/gurobi.lic
Academic license 2596424 - for non-commercial use only - registered to yu___@chalmers.se

Gurobi 12.0.0 (mac64[arm], gurobi_cl) logging started Sat May 31 07:46:38 2025

Set parameter WLSAccessID
Set parameter WLSSecret
Set parameter LicenseID to value 2596424
Set parameter LogFile to value "gurobi.log"
Using license file /Users/yunglong/Downloads/gurobi.lic
Academic license 2596424 - for non-commercial use only - registered to yu___@chalmers.se

Gurobi 12.0.0 (mac64[arm], gurobi_cl) logging started Sat May 31 07:48:37 2025

Set parameter WLSAccessID
Set parameter WLSSecret
Set parameter LicenseID to value 2596424
Set parameter LogFile to value "gurobi.log"
Using license file /Users/yunglong/Downloads/gurobi.lic
Academic license 2596424 - for non-commercial use only - registered to yu___@chalmers.se

Gurobi 12.0.0 (mac64[arm], gurobi_cl) logging started Sat May 31 07:56:36 2025

Set parameter WLSAccessID
Set parameter WLSSecret
Set parameter LicenseID to value 2596424
Set parameter LogFile to value "gurobi.log"
Using license file /Users/yunglong/Downloads/gurobi.lic
Academic license 2596424 - for non-commercial use only - registered to yu___@chalmers.se

Gurobi 12.0.0 (mac64[arm], gurobi_cl) logging started Sat May 31 07:56:59 2025

Set parameter WLSAccessID
Set parameter WLSSecret
Set parameter LicenseID to value 2596424
Set parameter LogFile to value "gurobi.log"
Using license file /Users/yunglong/Downloads/gurobi.lic
Academic license 2596424 - for non-commercial use only - registered to yu___@chalmers.se

Gurobi 12.0.0 (mac64[arm], gurobi_cl) logging started Sat May 31 07:58:52 2025

Set parameter WLSAccessID
Set parameter WLSSecret
Set parameter LicenseID to value 2596424
Set parameter LogFile to value "gurobi.log"
Using license file /Users/yunglong/Downloads/gurobi.lic
Academic license 2596424 - for non-commercial use only - registered to yu___@chalmers.se

Gurobi 12.0.0 (mac64[arm], gurobi_cl) logging started Sat May 31 08:00:45 2025

Set parameter WLSAccessID
Set parameter WLSSecret
Set parameter LicenseID to value 2596424
Set parameter LogFile to value "gurobi.log"
Using license file /Users/yunglong/Downloads/gurobi.lic
Academic license 2596424 - for non-commercial use only - registered to yu___@chalmers.se

Gurobi 12.0.0 (mac64[arm], gurobi_cl) logging started Sat May 31 08:02:34 2025

Set parameter WLSAccessID
Set parameter WLSSecret
Set parameter LicenseID to value 2596424
Set parameter LogFile to value "gurobi.log"
Using license file /Users/yunglong/Downloads/gurobi.lic
Academic license 2596424 - for non-commercial use only - registered to yu___@chalmers.se

Gurobi 12.0.0 (mac64[arm], gurobi_cl) logging started Sat May 31 08:04:21 2025

Set parameter WLSAccessID
Set parameter WLSSecret
Set parameter LicenseID to value 2596424
Set parameter LogFile to value "gurobi.log"
Using license file /Users/yunglong/Downloads/gurobi.lic
Academic license 2596424 - for non-commercial use only - registered to yu___@chalmers.se

Gurobi 12.0.0 (mac64[arm], gurobi_cl) logging started Sat May 31 08:06:49 2025

Set parameter WLSAccessID
Set parameter WLSSecret
Set parameter LicenseID to value 2596424
Set parameter LogFile to value "gurobi.log"
Using license file /Users/yunglong/Downloads/gurobi.lic
Academic license 2596424 - for non-commercial use only - registered to yu___@chalmers.se

Gurobi 12.0.0 (mac64[arm], gurobi_cl) logging started Sat May 31 08:08:58 2025

Set parameter WLSAccessID
Set parameter WLSSecret
Set parameter LicenseID to value 2596424
Set parameter LogFile to value "gurobi.log"
Using license file /Users/yunglong/Downloads/gurobi.lic
Academic license 2596424 - for non-commercial use only - registered to yu___@chalmers.se

Gurobi 12.0.0 (mac64[arm], gurobi_cl) logging started Sat May 31 08:11:02 2025

Set parameter WLSAccessID
Set parameter WLSSecret
Set parameter LicenseID to value 2596424
Set parameter LogFile to value "gurobi.log"
Using license file /Users/yunglong/Downloads/gurobi.lic
Academic license 2596424 - for non-commercial use only - registered to yu___@chalmers.se

Gurobi 12.0.0 (mac64[arm], gurobi_cl) logging started Sat May 31 08:12:58 2025

Set parameter WLSAccessID
Set parameter WLSSecret
Set parameter LicenseID to value 2596424
Set parameter LogFile to value "gurobi.log"
Using license file /Users/yunglong/Downloads/gurobi.lic
Academic license 2596424 - for non-commercial use only - registered to yu___@chalmers.se

Gurobi 12.0.0 (mac64[arm], gurobi_cl) logging started Sat May 31 08:20:20 2025

Set parameter WLSAccessID
Set parameter WLSSecret
Set parameter LicenseID to value 2596424
Set parameter LogFile to value "gurobi.log"
Using license file /Users/yunglong/Downloads/gurobi.lic
Academic license 2596424 - for non-commercial use only - registered to yu___@chalmers.se

Gurobi 12.0.0 (mac64[arm], gurobi_cl) logging started Sat May 31 08:20:43 2025

Set parameter WLSAccessID
Set parameter WLSSecret
Set parameter LicenseID to value 2596424
Set parameter LogFile to value "gurobi.log"
Using license file /Users/yunglong/Downloads/gurobi.lic
Academic license 2596424 - for non-commercial use only - registered to yu___@chalmers.se

Gurobi 12.0.0 (mac64[arm], gurobi_cl) logging started Sat May 31 08:22:41 2025

Set parameter WLSAccessID
Set parameter WLSSecret
Set parameter LicenseID to value 2596424
Set parameter LogFile to value "gurobi.log"
Using license file /Users/yunglong/Downloads/gurobi.lic
Academic license 2596424 - for non-commercial use only - registered to yu___@chalmers.se

Gurobi 12.0.0 (mac64[arm], gurobi_cl) logging started Sat May 31 08:24:32 2025

Set parameter WLSAccessID
Set parameter WLSSecret
Set parameter LicenseID to value 2596424
Set parameter LogFile to value "gurobi.log"
Using license file /Users/yunglong/Downloads/gurobi.lic
Academic license 2596424 - for non-commercial use only - registered to yu___@chalmers.se

Gurobi 12.0.0 (mac64[arm], gurobi_cl) logging started Sat May 31 08:26:24 2025

Set parameter WLSAccessID
Set parameter WLSSecret
Set parameter LicenseID to value 2596424
Set parameter LogFile to value "gurobi.log"
Using license file /Users/yunglong/Downloads/gurobi.lic
Academic license 2596424 - for non-commercial use only - registered to yu___@chalmers.se

Gurobi 12.0.0 (mac64[arm], gurobi_cl) logging started Sat May 31 08:28:20 2025

Set parameter WLSAccessID
Set parameter WLSSecret
Set parameter LicenseID to value 2596424
Set parameter LogFile to value "gurobi.log"
Using license file /Users/yunglong/Downloads/gurobi.lic
Academic license 2596424 - for non-commercial use only - registered to yu___@chalmers.se

Gurobi 12.0.0 (mac64[arm], gurobi_cl) logging started Sat May 31 08:30:47 2025

Set parameter WLSAccessID
Set parameter WLSSecret
Set parameter LicenseID to value 2596424
Set parameter LogFile to value "gurobi.log"
Using license file /Users/yunglong/Downloads/gurobi.lic
Academic license 2596424 - for non-commercial use only - registered to yu___@chalmers.se

Gurobi 12.0.0 (mac64[arm], gurobi_cl) logging started Sat May 31 08:32:57 2025

Set parameter WLSAccessID
Set parameter WLSSecret
Set parameter LicenseID to value 2596424
Set parameter LogFile to value "gurobi.log"
Using license file /Users/yunglong/Downloads/gurobi.lic
Academic license 2596424 - for non-commercial use only - registered to yu___@chalmers.se

Gurobi 12.0.0 (mac64[arm], gurobi_cl) logging started Sat May 31 08:35:03 2025

Set parameter WLSAccessID
Set parameter WLSSecret
Set parameter LicenseID to value 2596424
Set parameter LogFile to value "gurobi.log"
Using license file /Users/yunglong/Downloads/gurobi.lic
Academic license 2596424 - for non-commercial use only - registered to yu___@chalmers.se

Gurobi 12.0.0 (mac64[arm], gurobi_cl) logging started Sat May 31 08:37:04 2025

Set parameter WLSAccessID
Set parameter WLSSecret
Set parameter LicenseID to value 2596424
Set parameter LogFile to value "gurobi.log"
Using license file /Users/yunglong/Downloads/gurobi.lic
Academic license 2596424 - for non-commercial use only - registered to yu___@chalmers.se

Gurobi 12.0.0 (mac64[arm], gurobi_cl) logging started Tue Jun  3 18:36:59 2025

Set parameter WLSAccessID
Set parameter WLSSecret
Set parameter LicenseID to value 2596424
Set parameter LogFile to value "gurobi.log"
Using license file /Users/yunglong/Downloads/gurobi.lic
Academic license 2596424 - for non-commercial use only - registered to yu___@chalmers.se

Gurobi 12.0.0 (mac64[arm], gurobi_cl) logging started Tue Jun  3 18:56:48 2025

Set parameter WLSAccessID
Set parameter WLSSecret
Set parameter LicenseID to value 2596424
Set parameter LogFile to value "gurobi.log"
Using license file /Users/yunglong/Downloads/gurobi.lic
Academic license 2596424 - for non-commercial use only - registered to yu___@chalmers.se

Gurobi 12.0.0 (mac64[arm], gurobi_cl) logging started Tue Jun  3 18:58:23 2025

Set parameter WLSAccessID
Set parameter WLSSecret
Set parameter LicenseID to value 2596424
Set parameter LogFile to value "gurobi.log"
Using license file /Users/yunglong/Downloads/gurobi.lic
Academic license 2596424 - for non-commercial use only - registered to yu___@chalmers.se

Gurobi 12.0.0 (mac64[arm], gurobi_cl) logging started Tue Jun  3 18:58:37 2025

Set parameter WLSAccessID
Set parameter WLSSecret
Set parameter LicenseID to value 2596424
Set parameter LogFile to value "gurobi.log"
Using license file /Users/yunglong/Downloads/gurobi.lic
Academic license 2596424 - for non-commercial use only - registered to yu___@chalmers.se

Gurobi 12.0.0 (mac64[arm], gurobi_cl) logging started Tue Jun  3 19:02:51 2025

Set parameter WLSAccessID
Set parameter WLSSecret
Set parameter LicenseID to value 2596424
Set parameter LogFile to value "gurobi.log"
Using license file /Users/yunglong/Downloads/gurobi.lic
Academic license 2596424 - for non-commercial use only - registered to yu___@chalmers.se

Gurobi 12.0.0 (mac64[arm], gurobi_cl) logging started Tue Jun  3 19:08:25 2025

Set parameter WLSAccessID
Set parameter WLSSecret
Set parameter LicenseID to value 2596424
Set parameter LogFile to value "gurobi.log"
Using license file /Users/yunglong/Downloads/gurobi.lic
Academic license 2596424 - for non-commercial use only - registered to yu___@chalmers.se

Gurobi 12.0.0 (mac64[arm], gurobi_cl) logging started Tue Jun  3 19:08:33 2025

Set parameter WLSAccessID
Set parameter WLSSecret
Set parameter LicenseID to value 2596424
Set parameter LogFile to value "gurobi.log"
Using license file /Users/yunglong/Downloads/gurobi.lic
Academic license 2596424 - for non-commercial use only - registered to yu___@chalmers.se

Gurobi 12.0.0 (mac64[arm], gurobi_cl) logging started Tue Jun  3 20:28:00 2025

Set parameter WLSAccessID
Set parameter WLSSecret
Set parameter LicenseID to value 2596424
Set parameter LogFile to value "gurobi.log"
Using license file /Users/yunglong/Downloads/gurobi.lic
Academic license 2596424 - for non-commercial use only - registered to yu___@chalmers.se

Gurobi 12.0.0 (mac64[arm], gurobi_cl) logging started Tue Jun  3 20:28:14 2025

Set parameter WLSAccessID
Set parameter WLSSecret
Set parameter LicenseID to value 2596424
Set parameter LogFile to value "gurobi.log"
Using license file /Users/yunglong/Downloads/gurobi.lic
Academic license 2596424 - for non-commercial use only - registered to yu___@chalmers.se

Gurobi 12.0.0 (mac64[arm], gurobi_cl) logging started Tue Jun  3 20:31:24 2025

Set parameter WLSAccessID
Set parameter WLSSecret
Set parameter LicenseID to value 2596424
Set parameter LogFile to value "gurobi.log"
Using license file /Users/yunglong/Downloads/gurobi.lic
Academic license 2596424 - for non-commercial use only - registered to yu___@chalmers.se

Gurobi 12.0.0 (mac64[arm], gurobi_cl) logging started Tue Jun  3 20:34:37 2025

Set parameter WLSAccessID
Set parameter WLSSecret
Set parameter LicenseID to value 2596424
Set parameter LogFile to value "gurobi.log"
Using license file /Users/yunglong/Downloads/gurobi.lic
Academic license 2596424 - for non-commercial use only - registered to yu___@chalmers.se

Gurobi 12.0.0 (mac64[arm], gurobi_cl) logging started Tue Jun  3 20:37:44 2025

Set parameter WLSAccessID
Set parameter WLSSecret
Set parameter LicenseID to value 2596424
Set parameter LogFile to value "gurobi.log"
Using license file /Users/yunglong/Downloads/gurobi.lic
Academic license 2596424 - for non-commercial use only - registered to yu___@chalmers.se

Gurobi 12.0.0 (mac64[arm], gurobi_cl) logging started Tue Jun  3 20:41:18 2025

Set parameter WLSAccessID
Set parameter WLSSecret
Set parameter LicenseID to value 2596424
Set parameter LogFile to value "gurobi.log"
Using license file /Users/yunglong/Downloads/gurobi.lic
Academic license 2596424 - for non-commercial use only - registered to yu___@chalmers.se

Gurobi 12.0.0 (mac64[arm], gurobi_cl) logging started Tue Jun  3 20:44:47 2025

Set parameter WLSAccessID
Set parameter WLSSecret
Set parameter LicenseID to value 2596424
Set parameter LogFile to value "gurobi.log"
Using license file /Users/yunglong/Downloads/gurobi.lic
Academic license 2596424 - for non-commercial use only - registered to yu___@chalmers.se

Gurobi 12.0.0 (mac64[arm], gurobi_cl) logging started Tue Jun  3 20:48:06 2025

Set parameter WLSAccessID
Set parameter WLSSecret
Set parameter LicenseID to value 2596424
Set parameter LogFile to value "gurobi.log"
Using license file /Users/yunglong/Downloads/gurobi.lic
Academic license 2596424 - for non-commercial use only - registered to yu___@chalmers.se

Gurobi 12.0.0 (mac64[arm], gurobi_cl) logging started Tue Jun  3 21:07:47 2025

Set parameter WLSAccessID
Set parameter WLSSecret
Set parameter LicenseID to value 2596424
Set parameter LogFile to value "gurobi.log"
Using license file /Users/yunglong/Downloads/gurobi.lic
Academic license 2596424 - for non-commercial use only - registered to yu___@chalmers.se

Gurobi 12.0.0 (mac64[arm], gurobi_cl) logging started Tue Jun  3 21:08:15 2025

Set parameter WLSAccessID
Set parameter WLSSecret
Set parameter LicenseID to value 2596424
Set parameter LogFile to value "gurobi.log"
Using license file /Users/yunglong/Downloads/gurobi.lic
Academic license 2596424 - for non-commercial use only - registered to yu___@chalmers.se

Gurobi 12.0.0 (mac64[arm], gurobi_cl) logging started Tue Jun  3 21:11:26 2025

Set parameter WLSAccessID
Set parameter WLSSecret
Set parameter LicenseID to value 2596424
Set parameter LogFile to value "gurobi.log"
Using license file /Users/yunglong/Downloads/gurobi.lic
Academic license 2596424 - for non-commercial use only - registered to yu___@chalmers.se

Gurobi 12.0.0 (mac64[arm], gurobi_cl) logging started Tue Jun  3 21:14:44 2025

Set parameter WLSAccessID
Set parameter WLSSecret
Set parameter LicenseID to value 2596424
Set parameter LogFile to value "gurobi.log"
Using license file /Users/yunglong/Downloads/gurobi.lic
Academic license 2596424 - for non-commercial use only - registered to yu___@chalmers.se

Gurobi 12.0.0 (mac64[arm], gurobi_cl) logging started Tue Jun  3 21:18:06 2025

Set parameter WLSAccessID
Set parameter WLSSecret
Set parameter LicenseID to value 2596424
Set parameter LogFile to value "gurobi.log"
Using license file /Users/yunglong/Downloads/gurobi.lic
Academic license 2596424 - for non-commercial use only - registered to yu___@chalmers.se

Gurobi 12.0.0 (mac64[arm], gurobi_cl) logging started Tue Jun  3 21:21:25 2025

Set parameter WLSAccessID
Set parameter WLSSecret
Set parameter LicenseID to value 2596424
Set parameter LogFile to value "gurobi.log"
Using license file /Users/yunglong/Downloads/gurobi.lic
Academic license 2596424 - for non-commercial use only - registered to yu___@chalmers.se

Gurobi 12.0.0 (mac64[arm], gurobi_cl) logging started Tue Jun  3 21:25:25 2025

Set parameter WLSAccessID
Set parameter WLSSecret
Set parameter LicenseID to value 2596424
Set parameter LogFile to value "gurobi.log"
Using license file /Users/yunglong/Downloads/gurobi.lic
Academic license 2596424 - for non-commercial use only - registered to yu___@chalmers.se

Gurobi 12.0.0 (mac64[arm], gurobi_cl) logging started Tue Jun  3 21:28:31 2025

Set parameter WLSAccessID
Set parameter WLSSecret
Set parameter LicenseID to value 2596424
Set parameter LogFile to value "gurobi.log"
Using license file /Users/yunglong/Downloads/gurobi.lic
Academic license 2596424 - for non-commercial use only - registered to yu___@chalmers.se

Gurobi 12.0.0 (mac64[arm], gurobi_cl) logging started Tue Jun  3 21:32:14 2025

Set parameter WLSAccessID
Set parameter WLSSecret
Set parameter LicenseID to value 2596424
Set parameter LogFile to value "gurobi.log"
Using license file /Users/yunglong/Downloads/gurobi.lic
Academic license 2596424 - for non-commercial use only - registered to yu___@chalmers.se

Gurobi 12.0.0 (mac64[arm], gurobi_cl) logging started Tue Jun  3 21:35:34 2025

Set parameter WLSAccessID
Set parameter WLSSecret
Set parameter LicenseID to value 2596424
Set parameter LogFile to value "gurobi.log"
Using license file /Users/yunglong/Downloads/gurobi.lic
Academic license 2596424 - for non-commercial use only - registered to yu___@chalmers.se

Gurobi 12.0.0 (mac64[arm], gurobi_cl) logging started Fri Jun  6 17:09:44 2025

Set parameter WLSAccessID
Set parameter WLSSecret
Set parameter LicenseID to value 2596424
Set parameter LogFile to value "gurobi.log"
Using license file /Users/yunglong/Downloads/gurobi.lic
Academic license 2596424 - for non-commercial use only - registered to yu___@chalmers.se

Gurobi 12.0.0 (mac64[arm], gurobi_cl) logging started Fri Jun  6 17:10:33 2025

Set parameter WLSAccessID
Set parameter WLSSecret
Set parameter LicenseID to value 2596424
Set parameter LogFile to value "gurobi.log"
Using license file /Users/yunglong/Downloads/gurobi.lic
Academic license 2596424 - for non-commercial use only - registered to yu___@chalmers.se

Gurobi 12.0.0 (mac64[arm], gurobi_cl) logging started Fri Jun  6 17:10:57 2025

Set parameter WLSAccessID
Set parameter WLSSecret
Set parameter LicenseID to value 2596424
Set parameter LogFile to value "gurobi.log"
Using license file /Users/yunglong/Downloads/gurobi.lic
Academic license 2596424 - for non-commercial use only - registered to yu___@chalmers.se

Gurobi 12.0.0 (mac64[arm], gurobi_cl) logging started Fri Jun  6 17:11:16 2025

Set parameter WLSAccessID
Set parameter WLSSecret
Set parameter LicenseID to value 2596424
Set parameter LogFile to value "gurobi.log"
Using license file /Users/yunglong/Downloads/gurobi.lic
Academic license 2596424 - for non-commercial use only - registered to yu___@chalmers.se

Gurobi 12.0.0 (mac64[arm], gurobi_cl) logging started Fri Jun  6 17:11:47 2025

Set parameter WLSAccessID
Set parameter WLSSecret
Set parameter LicenseID to value 2596424
Set parameter LogFile to value "gurobi.log"
Using license file /Users/yunglong/Downloads/gurobi.lic
Academic license 2596424 - for non-commercial use only - registered to yu___@chalmers.se

Gurobi 12.0.0 (mac64[arm], gurobi_cl) logging started Fri Jun  6 17:12:12 2025

Set parameter WLSAccessID
Set parameter WLSSecret
Set parameter LicenseID to value 2596424
Set parameter LogFile to value "gurobi.log"
Using license file /Users/yunglong/Downloads/gurobi.lic

Gurobi 12.0.0 (mac64[arm], gurobi_cl) logging started Fri Jun  6 17:12:12 2025

Set parameter WLSAccessID
Set parameter WLSSecret
Set parameter LicenseID to value 2596424
Set parameter LogFile to value "gurobi.log"
Using license file /Users/yunglong/Downloads/gurobi.lic
Academic license 2596424 - for non-commercial use only - registered to yu___@chalmers.se
Academic license 2596424 - for non-commercial use only - registered to yu___@chalmers.se

Gurobi 12.0.0 (mac64[arm], gurobi_cl) logging started Fri Jun  6 17:12:12 2025

Set parameter WLSAccessID
Set parameter WLSSecret
Set parameter LicenseID to value 2596424
Set parameter LogFile to value "gurobi.log"
Using license file /Users/yunglong/Downloads/gurobi.lic
Academic license 2596424 - for non-commercial use only - registered to yu___@chalmers.se

Gurobi 12.0.0 (mac64[arm], gurobi_cl) logging started Fri Jun  6 17:12:12 2025

Set parameter WLSAccessID
Set parameter WLSSecret
Set parameter LicenseID to value 2596424
Set parameter LogFile to value "gurobi.log"
Using license file /Users/yunglong/Downloads/gurobi.lic
Academic license 2596424 - for non-commercial use only - registered to yu___@chalmers.se

Gurobi 12.0.0 (mac64[arm], gurobi_cl) logging started Fri Jun  6 17:12:12 2025

Set parameter WLSAccessID
Set parameter WLSSecret
Set parameter LicenseID to value 2596424
Set parameter LogFile to value "gurobi.log"
Using license file /Users/yunglong/Downloads/gurobi.lic
Academic license 2596424 - for non-commercial use only - registered to yu___@chalmers.se

Gurobi 12.0.0 (mac64[arm], gurobi_cl) logging started Fri Jun  6 18:26:29 2025

Set parameter WLSAccessID
Set parameter WLSSecret
Set parameter LicenseID to value 2596424
Set parameter LogFile to value "gurobi.log"
Using license file /Users/yunglong/Downloads/gurobi.lic
Academic license 2596424 - for non-commercial use only - registered to yu___@chalmers.se

Gurobi 12.0.0 (mac64[arm], gurobi_cl) logging started Fri Jun  6 19:01:38 2025

Set parameter WLSAccessID
Set parameter WLSSecret
Set parameter LicenseID to value 2596424
Set parameter LogFile to value "gurobi.log"
Using license file /Users/yunglong/Downloads/gurobi.lic
Academic license 2596424 - for non-commercial use only - registered to yu___@chalmers.se

Gurobi 12.0.0 (mac64[arm], gurobi_cl) logging started Fri Jun  6 19:02:22 2025

Set parameter WLSAccessID
Set parameter WLSSecret
Set parameter LicenseID to value 2596424
Set parameter LogFile to value "gurobi.log"
Using license file /Users/yunglong/Downloads/gurobi.lic
Academic license 2596424 - for non-commercial use only - registered to yu___@chalmers.se

Gurobi 12.0.0 (mac64[arm], gurobi_cl) logging started Fri Jun  6 19:07:04 2025

Set parameter WLSAccessID
Set parameter WLSSecret
Set parameter LicenseID to value 2596424
Set parameter LogFile to value "gurobi.log"
Using license file /Users/yunglong/Downloads/gurobi.lic
Academic license 2596424 - for non-commercial use only - registered to yu___@chalmers.se

Gurobi 12.0.0 (mac64[arm], gurobi_cl) logging started Fri Jun  6 19:09:18 2025

Set parameter WLSAccessID
Set parameter WLSSecret
Set parameter LicenseID to value 2596424
Set parameter LogFile to value "gurobi.log"
Using license file /Users/yunglong/Downloads/gurobi.lic
Academic license 2596424 - for non-commercial use only - registered to yu___@chalmers.se

Gurobi 12.0.0 (mac64[arm], gurobi_cl) logging started Fri Jun  6 19:17:00 2025

Set parameter WLSAccessID
Set parameter WLSSecret
Set parameter LicenseID to value 2596424
Set parameter LogFile to value "gurobi.log"
Using license file /Users/yunglong/Downloads/gurobi.lic
Academic license 2596424 - for non-commercial use only - registered to yu___@chalmers.se

Gurobi 12.0.0 (mac64[arm], gurobi_cl) logging started Fri Jun  6 20:21:05 2025

Set parameter WLSAccessID
Set parameter WLSSecret
Set parameter LicenseID to value 2596424
Set parameter LogFile to value "gurobi.log"
Using license file /Users/yunglong/Downloads/gurobi.lic
Academic license 2596424 - for non-commercial use only - registered to yu___@chalmers.se

Gurobi 12.0.0 (mac64[arm], gurobi_cl) logging started Fri Jun  6 20:30:52 2025

Set parameter WLSAccessID
Set parameter WLSSecret
Set parameter LicenseID to value 2596424
Set parameter LogFile to value "gurobi.log"
Using license file /Users/yunglong/Downloads/gurobi.lic
Academic license 2596424 - for non-commercial use only - registered to yu___@chalmers.se

Gurobi 12.0.0 (mac64[arm], gurobi_cl) logging started Fri Jun  6 21:36:27 2025

Set parameter WLSAccessID
Set parameter WLSSecret
Set parameter LicenseID to value 2596424
Set parameter LogFile to value "gurobi.log"
Using license file /Users/yunglong/Downloads/gurobi.lic
Academic license 2596424 - for non-commercial use only - registered to yu___@chalmers.se

Gurobi 12.0.0 (mac64[arm], gurobi_cl) logging started Fri Jun  6 21:36:53 2025

Set parameter WLSAccessID
Set parameter WLSSecret
Set parameter LicenseID to value 2596424
Set parameter LogFile to value "gurobi.log"
Using license file /Users/yunglong/Downloads/gurobi.lic
Academic license 2596424 - for non-commercial use only - registered to yu___@chalmers.se

Gurobi 12.0.0 (mac64[arm], gurobi_cl) logging started Fri Jun  6 21:37:51 2025

Set parameter WLSAccessID
Set parameter WLSSecret
Set parameter LicenseID to value 2596424
Set parameter LogFile to value "gurobi.log"
Using license file /Users/yunglong/Downloads/gurobi.lic
Academic license 2596424 - for non-commercial use only - registered to yu___@chalmers.se

Gurobi 12.0.0 (mac64[arm], gurobi_cl) logging started Fri Jun  6 21:38:10 2025

Set parameter WLSAccessID
Set parameter WLSSecret
Set parameter LicenseID to value 2596424
Set parameter LogFile to value "gurobi.log"
Using license file /Users/yunglong/Downloads/gurobi.lic
Academic license 2596424 - for non-commercial use only - registered to yu___@chalmers.se

Gurobi 12.0.0 (mac64[arm], gurobi_cl) logging started Fri Jun  6 21:44:59 2025

Set parameter WLSAccessID
Set parameter WLSSecret
Set parameter LicenseID to value 2596424
Set parameter LogFile to value "gurobi.log"
Using license file /Users/yunglong/Downloads/gurobi.lic
Academic license 2596424 - for non-commercial use only - registered to yu___@chalmers.se

Gurobi 12.0.0 (mac64[arm], gurobi_cl) logging started Fri Jun  6 21:49:48 2025

Set parameter WLSAccessID
Set parameter WLSSecret
Set parameter LicenseID to value 2596424
Set parameter LogFile to value "gurobi.log"
Using license file /Users/yunglong/Downloads/gurobi.lic
Academic license 2596424 - for non-commercial use only - registered to yu___@chalmers.se

Gurobi 12.0.0 (mac64[arm], gurobi_cl) logging started Fri Jun  6 21:50:25 2025

Set parameter WLSAccessID
Set parameter WLSSecret
Set parameter LicenseID to value 2596424
Set parameter LogFile to value "gurobi.log"
Using license file /Users/yunglong/Downloads/gurobi.lic
Academic license 2596424 - for non-commercial use only - registered to yu___@chalmers.se

Gurobi 12.0.0 (mac64[arm], gurobi_cl) logging started Fri Jun  6 21:53:10 2025

Set parameter WLSAccessID
Set parameter WLSSecret
Set parameter LicenseID to value 2596424
Set parameter LogFile to value "gurobi.log"
Using license file /Users/yunglong/Downloads/gurobi.lic
Academic license 2596424 - for non-commercial use only - registered to yu___@chalmers.se

Gurobi 12.0.0 (mac64[arm], gurobi_cl) logging started Fri Jun  6 21:54:49 2025

Set parameter WLSAccessID
Set parameter WLSSecret
Set parameter LicenseID to value 2596424
Set parameter LogFile to value "gurobi.log"
Using license file /Users/yunglong/Downloads/gurobi.lic
Academic license 2596424 - for non-commercial use only - registered to yu___@chalmers.se

Gurobi 12.0.0 (mac64[arm], gurobi_cl) logging started Fri Jun  6 21:55:10 2025

Set parameter WLSAccessID
Set parameter WLSSecret
Set parameter LicenseID to value 2596424
Set parameter LogFile to value "gurobi.log"
Using license file /Users/yunglong/Downloads/gurobi.lic
Academic license 2596424 - for non-commercial use only - registered to yu___@chalmers.se

Gurobi 12.0.0 (mac64[arm], gurobi_cl) logging started Fri Jun  6 22:02:59 2025

Set parameter WLSAccessID
Set parameter WLSSecret
Set parameter LicenseID to value 2596424
Set parameter LogFile to value "gurobi.log"
Using license file /Users/yunglong/Downloads/gurobi.lic
Academic license 2596424 - for non-commercial use only - registered to yu___@chalmers.se

Gurobi 12.0.0 (mac64[arm], gurobi_cl) logging started Fri Jun  6 22:03:18 2025

Set parameter WLSAccessID
Set parameter WLSSecret
Set parameter LicenseID to value 2596424
Set parameter LogFile to value "gurobi.log"
Using license file /Users/yunglong/Downloads/gurobi.lic
Academic license 2596424 - for non-commercial use only - registered to yu___@chalmers.se

Gurobi 12.0.0 (mac64[arm], gurobi_cl) logging started Fri Jun  6 22:07:16 2025

Set parameter WLSAccessID
Set parameter WLSSecret
Set parameter LicenseID to value 2596424
Set parameter LogFile to value "gurobi.log"
Using license file /Users/yunglong/Downloads/gurobi.lic
Academic license 2596424 - for non-commercial use only - registered to yu___@chalmers.se

Gurobi 12.0.0 (mac64[arm], gurobi_cl) logging started Fri Jun  6 22:07:37 2025

Set parameter WLSAccessID
Set parameter WLSSecret
Set parameter LicenseID to value 2596424
Set parameter LogFile to value "gurobi.log"
Using license file /Users/yunglong/Downloads/gurobi.lic
Academic license 2596424 - for non-commercial use only - registered to yu___@chalmers.se

Gurobi 12.0.0 (mac64[arm], gurobi_cl) logging started Fri Jun  6 22:11:34 2025

Set parameter WLSAccessID
Set parameter WLSSecret
Set parameter LicenseID to value 2596424
Set parameter LogFile to value "gurobi.log"
Using license file /Users/yunglong/Downloads/gurobi.lic
Academic license 2596424 - for non-commercial use only - registered to yu___@chalmers.se

Gurobi 12.0.0 (mac64[arm], gurobi_cl) logging started Fri Jun  6 22:11:54 2025

Set parameter WLSAccessID
Set parameter WLSSecret
Set parameter LicenseID to value 2596424
Set parameter LogFile to value "gurobi.log"
Using license file /Users/yunglong/Downloads/gurobi.lic
Academic license 2596424 - for non-commercial use only - registered to yu___@chalmers.se

Gurobi 12.0.0 (mac64[arm], gurobi_cl) logging started Fri Jun  6 22:16:17 2025

Set parameter WLSAccessID
Set parameter WLSSecret
Set parameter LicenseID to value 2596424
Set parameter LogFile to value "gurobi.log"
Using license file /Users/yunglong/Downloads/gurobi.lic
Academic license 2596424 - for non-commercial use only - registered to yu___@chalmers.se

Gurobi 12.0.0 (mac64[arm], gurobi_cl) logging started Fri Jun  6 22:22:24 2025

Set parameter WLSAccessID
Set parameter WLSSecret
Set parameter LicenseID to value 2596424
Set parameter LogFile to value "gurobi.log"
Using license file /Users/yunglong/Downloads/gurobi.lic
Academic license 2596424 - for non-commercial use only - registered to yu___@chalmers.se

Gurobi 12.0.0 (mac64[arm], gurobi_cl) logging started Fri Jun  6 22:22:44 2025

Set parameter WLSAccessID
Set parameter WLSSecret
Set parameter LicenseID to value 2596424
Set parameter LogFile to value "gurobi.log"
Using license file /Users/yunglong/Downloads/gurobi.lic
Academic license 2596424 - for non-commercial use only - registered to yu___@chalmers.se

Gurobi 12.0.0 (mac64[arm], gurobi_cl) logging started Fri Jun  6 22:45:03 2025

Set parameter WLSAccessID
Set parameter WLSSecret
Set parameter LicenseID to value 2596424
Set parameter LogFile to value "gurobi.log"
Using license file /Users/yunglong/Downloads/gurobi.lic
Academic license 2596424 - for non-commercial use only - registered to yu___@chalmers.se

Gurobi 12.0.0 (mac64[arm], gurobi_cl) logging started Fri Jun  6 22:45:23 2025

Set parameter WLSAccessID
Set parameter WLSSecret
Set parameter LicenseID to value 2596424
Set parameter LogFile to value "gurobi.log"
Using license file /Users/yunglong/Downloads/gurobi.lic
Academic license 2596424 - for non-commercial use only - registered to yu___@chalmers.se

Gurobi 12.0.0 (mac64[arm], gurobi_cl) logging started Fri Jun  6 22:56:29 2025

Set parameter WLSAccessID
Set parameter WLSSecret
Set parameter LicenseID to value 2596424
Set parameter LogFile to value "gurobi.log"
Using license file /Users/yunglong/Downloads/gurobi.lic
Academic license 2596424 - for non-commercial use only - registered to yu___@chalmers.se

Gurobi 12.0.0 (mac64[arm], gurobi_cl) logging started Fri Jun  6 22:57:44 2025

Set parameter WLSAccessID
Set parameter WLSSecret
Set parameter LicenseID to value 2596424
Set parameter LogFile to value "gurobi.log"
Using license file /Users/yunglong/Downloads/gurobi.lic
Academic license 2596424 - for non-commercial use only - registered to yu___@chalmers.se

Gurobi 12.0.0 (mac64[arm], gurobi_cl) logging started Fri Jun  6 22:58:32 2025

Set parameter WLSAccessID
Set parameter WLSSecret
Set parameter LicenseID to value 2596424
Set parameter LogFile to value "gurobi.log"
Using license file /Users/yunglong/Downloads/gurobi.lic
Academic license 2596424 - for non-commercial use only - registered to yu___@chalmers.se

Gurobi 12.0.0 (mac64[arm], gurobi_cl) logging started Fri Jun  6 23:00:16 2025

Set parameter WLSAccessID
Set parameter WLSSecret
Set parameter LicenseID to value 2596424
Set parameter LogFile to value "gurobi.log"
Using license file /Users/yunglong/Downloads/gurobi.lic
Academic license 2596424 - for non-commercial use only - registered to yu___@chalmers.se

Gurobi 12.0.0 (mac64[arm], gurobi_cl) logging started Fri Jun  6 23:02:31 2025

Set parameter WLSAccessID
Set parameter WLSSecret
Set parameter LicenseID to value 2596424
Set parameter LogFile to value "gurobi.log"
Using license file /Users/yunglong/Downloads/gurobi.lic
Academic license 2596424 - for non-commercial use only - registered to yu___@chalmers.se

Gurobi 12.0.0 (mac64[arm], gurobi_cl) logging started Fri Jun  6 23:02:50 2025

Set parameter WLSAccessID
Set parameter WLSSecret
Set parameter LicenseID to value 2596424
Set parameter LogFile to value "gurobi.log"
Using license file /Users/yunglong/Downloads/gurobi.lic
Academic license 2596424 - for non-commercial use only - registered to yu___@chalmers.se

Gurobi 12.0.0 (mac64[arm], gurobi_cl) logging started Fri Jun  6 23:07:53 2025

Set parameter WLSAccessID
Set parameter WLSSecret
Set parameter LicenseID to value 2596424
Set parameter LogFile to value "gurobi.log"
Using license file /Users/yunglong/Downloads/gurobi.lic
Academic license 2596424 - for non-commercial use only - registered to yu___@chalmers.se

Gurobi 12.0.0 (mac64[arm], gurobi_cl) logging started Fri Jun  6 23:08:14 2025

Set parameter WLSAccessID
Set parameter WLSSecret
Set parameter LicenseID to value 2596424
Set parameter LogFile to value "gurobi.log"
Using license file /Users/yunglong/Downloads/gurobi.lic
Academic license 2596424 - for non-commercial use only - registered to yu___@chalmers.se

Gurobi 12.0.0 (mac64[arm], gurobi_cl) logging started Fri Jun  6 23:28:19 2025

Set parameter WLSAccessID
Set parameter WLSSecret
Set parameter LicenseID to value 2596424
Set parameter LogFile to value "gurobi.log"
Using license file /Users/yunglong/Downloads/gurobi.lic
Academic license 2596424 - for non-commercial use only - registered to yu___@chalmers.se

Gurobi 12.0.0 (mac64[arm], gurobi_cl) logging started Fri Jun  6 23:33:06 2025

Set parameter WLSAccessID
Set parameter WLSSecret
Set parameter LicenseID to value 2596424
Set parameter LogFile to value "gurobi.log"
Using license file /Users/yunglong/Downloads/gurobi.lic
Academic license 2596424 - for non-commercial use only - registered to yu___@chalmers.se

Gurobi 12.0.0 (mac64[arm], gurobi_cl) logging started Fri Jun  6 23:33:39 2025

Set parameter WLSAccessID
Set parameter WLSSecret
Set parameter LicenseID to value 2596424
Set parameter LogFile to value "gurobi.log"
Using license file /Users/yunglong/Downloads/gurobi.lic
Academic license 2596424 - for non-commercial use only - registered to yu___@chalmers.se

Gurobi 12.0.0 (mac64[arm], gurobi_cl) logging started Fri Jun  6 23:35:36 2025

Set parameter WLSAccessID
Set parameter WLSSecret
Set parameter LicenseID to value 2596424
Set parameter LogFile to value "gurobi.log"
Using license file /Users/yunglong/Downloads/gurobi.lic
Academic license 2596424 - for non-commercial use only - registered to yu___@chalmers.se

Gurobi 12.0.0 (mac64[arm], gurobi_cl) logging started Fri Jun  6 23:35:55 2025

Set parameter WLSAccessID
Set parameter WLSSecret
Set parameter LicenseID to value 2596424
Set parameter LogFile to value "gurobi.log"
Using license file /Users/yunglong/Downloads/gurobi.lic
Academic license 2596424 - for non-commercial use only - registered to yu___@chalmers.se

Gurobi 12.0.0 (mac64[arm], gurobi_cl) logging started Fri Jun  6 23:40:30 2025

Set parameter WLSAccessID
Set parameter WLSSecret
Set parameter LicenseID to value 2596424
Set parameter LogFile to value "gurobi.log"
Using license file /Users/yunglong/Downloads/gurobi.lic
Academic license 2596424 - for non-commercial use only - registered to yu___@chalmers.se

Gurobi 12.0.0 (mac64[arm], gurobi_cl) logging started Fri Jun  6 23:40:49 2025

Set parameter WLSAccessID
Set parameter WLSSecret
Set parameter LicenseID to value 2596424
Set parameter LogFile to value "gurobi.log"
Using license file /Users/yunglong/Downloads/gurobi.lic
Academic license 2596424 - for non-commercial use only - registered to yu___@chalmers.se

Gurobi 12.0.0 (mac64[arm], gurobi_cl) logging started Fri Jun  6 23:58:18 2025

Set parameter WLSAccessID
Set parameter WLSSecret
Set parameter LicenseID to value 2596424
Set parameter LogFile to value "gurobi.log"
Using license file /Users/yunglong/Downloads/gurobi.lic
Academic license 2596424 - for non-commercial use only - registered to yu___@chalmers.se

Gurobi 12.0.0 (mac64[arm], gurobi_cl) logging started Fri Jun  6 23:58:39 2025

Set parameter WLSAccessID
Set parameter WLSSecret
Set parameter LicenseID to value 2596424
Set parameter LogFile to value "gurobi.log"
Using license file /Users/yunglong/Downloads/gurobi.lic
Academic license 2596424 - for non-commercial use only - registered to yu___@chalmers.se

Gurobi 12.0.0 (mac64[arm], gurobi_cl) logging started Sat Jun  7 00:14:57 2025

Set parameter WLSAccessID
Set parameter WLSSecret
Set parameter LicenseID to value 2596424
Set parameter LogFile to value "gurobi.log"
Using license file /Users/yunglong/Downloads/gurobi.lic
Academic license 2596424 - for non-commercial use only - registered to yu___@chalmers.se

Gurobi 12.0.0 (mac64[arm], gurobi_cl) logging started Sat Jun  7 00:15:18 2025

Set parameter WLSAccessID
Set parameter WLSSecret
Set parameter LicenseID to value 2596424
Set parameter LogFile to value "gurobi.log"
Using license file /Users/yunglong/Downloads/gurobi.lic
Academic license 2596424 - for non-commercial use only - registered to yu___@chalmers.se

Gurobi 12.0.0 (mac64[arm], gurobi_cl) logging started Sat Jun  7 00:19:12 2025

Set parameter WLSAccessID
Set parameter WLSSecret
Set parameter LicenseID to value 2596424
Set parameter LogFile to value "gurobi.log"
Using license file /Users/yunglong/Downloads/gurobi.lic
Academic license 2596424 - for non-commercial use only - registered to yu___@chalmers.se

Gurobi 12.0.0 (mac64[arm], gurobi_cl) logging started Sat Jun  7 00:24:16 2025

Set parameter WLSAccessID
Set parameter WLSSecret
Set parameter LicenseID to value 2596424
Set parameter LogFile to value "gurobi.log"
Using license file /Users/yunglong/Downloads/gurobi.lic
Academic license 2596424 - for non-commercial use only - registered to yu___@chalmers.se

Gurobi 12.0.0 (mac64[arm], gurobi_cl) logging started Sat Jun  7 00:24:34 2025

Set parameter WLSAccessID
Set parameter WLSSecret
Set parameter LicenseID to value 2596424
Set parameter LogFile to value "gurobi.log"
Using license file /Users/yunglong/Downloads/gurobi.lic
Academic license 2596424 - for non-commercial use only - registered to yu___@chalmers.se

Gurobi 12.0.0 (mac64[arm], gurobi_cl) logging started Sat Jun  7 00:30:32 2025

Set parameter WLSAccessID
Set parameter WLSSecret
Set parameter LicenseID to value 2596424
Set parameter LogFile to value "gurobi.log"
Using license file /Users/yunglong/Downloads/gurobi.lic
Academic license 2596424 - for non-commercial use only - registered to yu___@chalmers.se

Gurobi 12.0.0 (mac64[arm], gurobi_cl) logging started Sat Jun  7 00:30:50 2025

Set parameter WLSAccessID
Set parameter WLSSecret
Set parameter LicenseID to value 2596424
Set parameter LogFile to value "gurobi.log"
Using license file /Users/yunglong/Downloads/gurobi.lic
Academic license 2596424 - for non-commercial use only - registered to yu___@chalmers.se

Gurobi 12.0.0 (mac64[arm], gurobi_cl) logging started Sat Jun  7 01:00:51 2025

Set parameter WLSAccessID
Set parameter WLSSecret
Set parameter LicenseID to value 2596424
Set parameter LogFile to value "gurobi.log"
Using license file /Users/yunglong/Downloads/gurobi.lic
Academic license 2596424 - for non-commercial use only - registered to yu___@chalmers.se

Gurobi 12.0.0 (mac64[arm], gurobi_cl) logging started Sat Jun  7 01:01:11 2025

Set parameter WLSAccessID
Set parameter WLSSecret
Set parameter LicenseID to value 2596424
Set parameter LogFile to value "gurobi.log"
Using license file /Users/yunglong/Downloads/gurobi.lic
Academic license 2596424 - for non-commercial use only - registered to yu___@chalmers.se

Gurobi 12.0.0 (mac64[arm], gurobi_cl) logging started Sat Jun  7 01:13:41 2025

Set parameter WLSAccessID
Set parameter WLSSecret
Set parameter LicenseID to value 2596424
Set parameter LogFile to value "gurobi.log"
Using license file /Users/yunglong/Downloads/gurobi.lic
Academic license 2596424 - for non-commercial use only - registered to yu___@chalmers.se

Gurobi 12.0.0 (mac64[arm], gurobi_cl) logging started Sat Jun  7 01:14:01 2025

Set parameter WLSAccessID
Set parameter WLSSecret
Set parameter LicenseID to value 2596424
Set parameter LogFile to value "gurobi.log"
Using license file /Users/yunglong/Downloads/gurobi.lic
Academic license 2596424 - for non-commercial use only - registered to yu___@chalmers.se

Gurobi 12.0.0 (mac64[arm], gurobi_cl) logging started Sat Jun  7 07:42:23 2025

Set parameter WLSAccessID
Set parameter WLSSecret
Set parameter LicenseID to value 2596424
Set parameter LogFile to value "gurobi.log"
Using license file /Users/yunglong/Downloads/gurobi.lic
Academic license 2596424 - for non-commercial use only - registered to yu___@chalmers.se

Gurobi 12.0.0 (mac64[arm], gurobi_cl) logging started Sat Jun  7 07:42:45 2025

Set parameter WLSAccessID
Set parameter WLSSecret
Set parameter LicenseID to value 2596424
Set parameter LogFile to value "gurobi.log"
Using license file /Users/yunglong/Downloads/gurobi.lic
Academic license 2596424 - for non-commercial use only - registered to yu___@chalmers.se

Gurobi 12.0.0 (mac64[arm], gurobi_cl) logging started Sat Jun  7 16:07:02 2025

Set parameter WLSAccessID
Set parameter WLSSecret
Set parameter LicenseID to value 2596424
Set parameter LogFile to value "gurobi.log"
Using license file /Users/yunglong/Downloads/gurobi.lic
Academic license 2596424 - for non-commercial use only - registered to yu___@chalmers.se

Gurobi 12.0.0 (mac64[arm], gurobi_cl) logging started Sat Jun  7 16:07:20 2025

Set parameter WLSAccessID
Set parameter WLSSecret
Set parameter LicenseID to value 2596424
Set parameter LogFile to value "gurobi.log"
Using license file /Users/yunglong/Downloads/gurobi.lic
Academic license 2596424 - for non-commercial use only - registered to yu___@chalmers.se

Gurobi 12.0.0 (mac64[arm], gurobi_cl) logging started Sat Jun  7 16:32:32 2025

Set parameter WLSAccessID
Set parameter WLSSecret
Set parameter LicenseID to value 2596424
Set parameter LogFile to value "gurobi.log"
Using license file /Users/yunglong/Downloads/gurobi.lic
Academic license 2596424 - for non-commercial use only - registered to yu___@chalmers.se

Gurobi 12.0.0 (mac64[arm], gurobi_cl) logging started Sat Jun  7 16:32:46 2025

Set parameter WLSAccessID
Set parameter WLSSecret
Set parameter LicenseID to value 2596424
Set parameter LogFile to value "gurobi.log"
Using license file /Users/yunglong/Downloads/gurobi.lic
Academic license 2596424 - for non-commercial use only - registered to yu___@chalmers.se

Gurobi 12.0.0 (mac64[arm], gurobi_cl) logging started Sat Jun  7 16:42:03 2025

Set parameter WLSAccessID
Set parameter WLSSecret
Set parameter LicenseID to value 2596424
Set parameter LogFile to value "gurobi.log"
Using license file /Users/yunglong/Downloads/gurobi.lic
Academic license 2596424 - for non-commercial use only - registered to yu___@chalmers.se

Gurobi 12.0.0 (mac64[arm], gurobi_cl) logging started Sat Jun  7 16:42:17 2025

Set parameter WLSAccessID
Set parameter WLSSecret
Set parameter LicenseID to value 2596424
Set parameter LogFile to value "gurobi.log"
Using license file /Users/yunglong/Downloads/gurobi.lic
Academic license 2596424 - for non-commercial use only - registered to yu___@chalmers.se

Gurobi 12.0.0 (mac64[arm], gurobi_cl) logging started Sat Jun  7 16:51:16 2025

Set parameter WLSAccessID
Set parameter WLSSecret
Set parameter LicenseID to value 2596424
Set parameter LogFile to value "gurobi.log"
Using license file /Users/yunglong/Downloads/gurobi.lic
Academic license 2596424 - for non-commercial use only - registered to yu___@chalmers.se

Gurobi 12.0.0 (mac64[arm], gurobi_cl) logging started Sat Jun  7 16:52:43 2025

Set parameter WLSAccessID
Set parameter WLSSecret
Set parameter LicenseID to value 2596424
Set parameter LogFile to value "gurobi.log"
Using license file /Users/yunglong/Downloads/gurobi.lic
Academic license 2596424 - for non-commercial use only - registered to yu___@chalmers.se

Gurobi 12.0.0 (mac64[arm], gurobi_cl) logging started Sat Jun  7 16:53:03 2025

Set parameter WLSAccessID
Set parameter WLSSecret
Set parameter LicenseID to value 2596424
Set parameter LogFile to value "gurobi.log"
Using license file /Users/yunglong/Downloads/gurobi.lic
Academic license 2596424 - for non-commercial use only - registered to yu___@chalmers.se

Gurobi 12.0.0 (mac64[arm], gurobi_cl) logging started Sat Jun  7 17:10:00 2025

Set parameter WLSAccessID
Set parameter WLSSecret
Set parameter LicenseID to value 2596424
Set parameter LogFile to value "gurobi.log"
Using license file /Users/yunglong/Downloads/gurobi.lic
Academic license 2596424 - for non-commercial use only - registered to yu___@chalmers.se

Gurobi 12.0.0 (mac64[arm], gurobi_cl) logging started Sat Jun  7 17:31:22 2025

Set parameter WLSAccessID
Set parameter WLSSecret
Set parameter LicenseID to value 2596424
Set parameter LogFile to value "gurobi.log"
Using license file /Users/yunglong/Downloads/gurobi.lic
Academic license 2596424 - for non-commercial use only - registered to yu___@chalmers.se

Gurobi 12.0.0 (mac64[arm], gurobi_cl) logging started Sat Jun  7 17:33:00 2025

Set parameter WLSAccessID
Set parameter WLSSecret
Set parameter LicenseID to value 2596424
Set parameter LogFile to value "gurobi.log"
Using license file /Users/yunglong/Downloads/gurobi.lic
Academic license 2596424 - for non-commercial use only - registered to yu___@chalmers.se

Gurobi 12.0.0 (mac64[arm], gurobi_cl) logging started Sat Jun  7 18:07:37 2025

Set parameter WLSAccessID
Set parameter WLSSecret
Set parameter LicenseID to value 2596424
Set parameter LogFile to value "gurobi.log"
Using license file /Users/yunglong/Downloads/gurobi.lic
Academic license 2596424 - for non-commercial use only - registered to yu___@chalmers.se

Gurobi 12.0.0 (mac64[arm], gurobi_cl) logging started Sat Jun  7 18:09:28 2025

Set parameter WLSAccessID
Set parameter WLSSecret
Set parameter LicenseID to value 2596424
Set parameter LogFile to value "gurobi.log"
Using license file /Users/yunglong/Downloads/gurobi.lic
Academic license 2596424 - for non-commercial use only - registered to yu___@chalmers.se

Gurobi 12.0.0 (mac64[arm], gurobi_cl) logging started Sat Jun  7 18:10:30 2025

Set parameter WLSAccessID
Set parameter WLSSecret
Set parameter LicenseID to value 2596424
Set parameter LogFile to value "gurobi.log"
Using license file /Users/yunglong/Downloads/gurobi.lic
Academic license 2596424 - for non-commercial use only - registered to yu___@chalmers.se

Gurobi 12.0.0 (mac64[arm], gurobi_cl) logging started Sat Jun  7 18:38:18 2025

Set parameter WLSAccessID
Set parameter WLSSecret
Set parameter LicenseID to value 2596424
Set parameter LogFile to value "gurobi.log"
Using license file /Users/yunglong/Downloads/gurobi.lic
Academic license 2596424 - for non-commercial use only - registered to yu___@chalmers.se

Gurobi 12.0.0 (mac64[arm], gurobi_cl) logging started Sat Jun  7 18:42:55 2025

Set parameter WLSAccessID
Set parameter WLSSecret
Set parameter LicenseID to value 2596424
Set parameter LogFile to value "gurobi.log"
Using license file /Users/yunglong/Downloads/gurobi.lic
Academic license 2596424 - for non-commercial use only - registered to yu___@chalmers.se

Gurobi 12.0.0 (mac64[arm], gurobi_cl) logging started Sat Jun  7 19:03:50 2025

Set parameter WLSAccessID
Set parameter WLSSecret
Set parameter LicenseID to value 2596424
Set parameter LogFile to value "gurobi.log"
Using license file /Users/yunglong/Downloads/gurobi.lic
Academic license 2596424 - for non-commercial use only - registered to yu___@chalmers.se

Gurobi 12.0.0 (mac64[arm], gurobi_cl) logging started Sat Jun  7 19:04:07 2025

Set parameter WLSAccessID
Set parameter WLSSecret
Set parameter LicenseID to value 2596424
Set parameter LogFile to value "gurobi.log"
Using license file /Users/yunglong/Downloads/gurobi.lic
Academic license 2596424 - for non-commercial use only - registered to yu___@chalmers.se

Gurobi 12.0.0 (mac64[arm], gurobi_cl) logging started Sat Jun  7 19:13:01 2025

Set parameter WLSAccessID
Set parameter WLSSecret
Set parameter LicenseID to value 2596424
Set parameter LogFile to value "gurobi.log"
Using license file /Users/yunglong/Downloads/gurobi.lic
Academic license 2596424 - for non-commercial use only - registered to yu___@chalmers.se

Gurobi 12.0.0 (mac64[arm], gurobi_cl) logging started Sat Jun  7 19:13:13 2025

Set parameter WLSAccessID
Set parameter WLSSecret
Set parameter LicenseID to value 2596424
Set parameter LogFile to value "gurobi.log"
Using license file /Users/yunglong/Downloads/gurobi.lic
Academic license 2596424 - for non-commercial use only - registered to yu___@chalmers.se

Gurobi 12.0.0 (mac64[arm], gurobi_cl) logging started Sat Jun  7 19:17:09 2025

Set parameter WLSAccessID
Set parameter WLSSecret
Set parameter LicenseID to value 2596424
Set parameter LogFile to value "gurobi.log"
Using license file /Users/yunglong/Downloads/gurobi.lic
Academic license 2596424 - for non-commercial use only - registered to yu___@chalmers.se

Gurobi 12.0.0 (mac64[arm], gurobi_cl) logging started Sat Jun  7 19:17:22 2025

Set parameter WLSAccessID
Set parameter WLSSecret
Set parameter LicenseID to value 2596424
Set parameter LogFile to value "gurobi.log"
Using license file /Users/yunglong/Downloads/gurobi.lic
Academic license 2596424 - for non-commercial use only - registered to yu___@chalmers.se

Gurobi 12.0.0 (mac64[arm], gurobi_cl) logging started Tue Jun 10 10:02:20 2025

Set parameter WLSAccessID
Set parameter WLSSecret
Set parameter LicenseID to value 2596424
Set parameter LogFile to value "gurobi.log"
Using license file /Users/yunglong/Downloads/gurobi.lic
Academic license 2596424 - for non-commercial use only - registered to yu___@chalmers.se

Gurobi 12.0.0 (mac64[arm], gurobi_cl) logging started Tue Jun 10 10:02:43 2025

Set parameter WLSAccessID
Set parameter WLSSecret
Set parameter LicenseID to value 2596424
Set parameter LogFile to value "gurobi.log"
Using license file /Users/yunglong/Downloads/gurobi.lic
Academic license 2596424 - for non-commercial use only - registered to yu___@chalmers.se

Gurobi 12.0.0 (mac64[arm], gurobi_cl) logging started Wed Jun 11 13:59:31 2025

Set parameter WLSAccessID
Set parameter WLSSecret
Set parameter LicenseID to value 2596424
Set parameter LogFile to value "gurobi.log"
Using license file /Users/yunglong/Downloads/gurobi.lic
Academic license 2596424 - for non-commercial use only - registered to yu___@chalmers.se

Gurobi 12.0.0 (mac64[arm], gurobi_cl) logging started Wed Jun 11 14:39:45 2025

Set parameter WLSAccessID
Set parameter WLSSecret
Set parameter LicenseID to value 2596424
Set parameter LogFile to value "gurobi.log"
Using license file /Users/yunglong/Downloads/gurobi.lic
Academic license 2596424 - for non-commercial use only - registered to yu___@chalmers.se

Gurobi 12.0.0 (mac64[arm], gurobi_cl) logging started Wed Jun 11 15:01:55 2025

Set parameter WLSAccessID
Set parameter WLSSecret
Set parameter LicenseID to value 2596424
Set parameter LogFile to value "gurobi.log"
Using license file /Users/yunglong/Downloads/gurobi.lic
Academic license 2596424 - for non-commercial use only - registered to yu___@chalmers.se

Gurobi 12.0.0 (mac64[arm], gurobi_cl) logging started Wed Jun 11 15:11:57 2025

Set parameter WLSAccessID
Set parameter WLSSecret
Set parameter LicenseID to value 2596424
Set parameter LogFile to value "gurobi.log"
Using license file /Users/yunglong/Downloads/gurobi.lic
Academic license 2596424 - for non-commercial use only - registered to yu___@chalmers.se

Gurobi 12.0.0 (mac64[arm], gurobi_cl) logging started Wed Jun 11 15:15:56 2025

Set parameter WLSAccessID
Set parameter WLSSecret
Set parameter LicenseID to value 2596424
Set parameter LogFile to value "gurobi.log"
Using license file /Users/yunglong/Downloads/gurobi.lic
Academic license 2596424 - for non-commercial use only - registered to yu___@chalmers.se

Gurobi 12.0.0 (mac64[arm], gurobi_cl) logging started Wed Jun 11 15:25:03 2025

Set parameter WLSAccessID
Set parameter WLSSecret
Set parameter LicenseID to value 2596424
Set parameter LogFile to value "gurobi.log"
Using license file /Users/yunglong/Downloads/gurobi.lic
Academic license 2596424 - for non-commercial use only - registered to yu___@chalmers.se

Gurobi 12.0.0 (mac64[arm], gurobi_cl) logging started Wed Jun 11 15:30:39 2025

Set parameter WLSAccessID
Set parameter WLSSecret
Set parameter LicenseID to value 2596424
Set parameter LogFile to value "gurobi.log"
Using license file /Users/yunglong/Downloads/gurobi.lic
Academic license 2596424 - for non-commercial use only - registered to yu___@chalmers.se

Gurobi 12.0.0 (mac64[arm], gurobi_cl) logging started Wed Jun 11 15:36:02 2025

Set parameter WLSAccessID
Set parameter WLSSecret
Set parameter LicenseID to value 2596424
Set parameter LogFile to value "gurobi.log"
Using license file /Users/yunglong/Downloads/gurobi.lic
Academic license 2596424 - for non-commercial use only - registered to yu___@chalmers.se

Gurobi 12.0.0 (mac64[arm], gurobi_cl) logging started Wed Jun 11 16:15:19 2025

Set parameter WLSAccessID
Set parameter WLSSecret
Set parameter LicenseID to value 2596424
Set parameter LogFile to value "gurobi.log"
Using license file /Users/yunglong/Downloads/gurobi.lic
Academic license 2596424 - for non-commercial use only - registered to yu___@chalmers.se

Gurobi 12.0.0 (mac64[arm], gurobi_cl) logging started Wed Jun 11 16:19:01 2025

Set parameter WLSAccessID
Set parameter WLSSecret
Set parameter LicenseID to value 2596424
Set parameter LogFile to value "gurobi.log"
Using license file /Users/yunglong/Downloads/gurobi.lic
Academic license 2596424 - for non-commercial use only - registered to yu___@chalmers.se

Gurobi 12.0.0 (mac64[arm], gurobi_cl) logging started Wed Jun 11 16:56:55 2025

Set parameter WLSAccessID
Set parameter WLSSecret
Set parameter LicenseID to value 2596424
Set parameter LogFile to value "gurobi.log"
Using license file /Users/yunglong/Downloads/gurobi.lic
Academic license 2596424 - for non-commercial use only - registered to yu___@chalmers.se

Gurobi 12.0.0 (mac64[arm], gurobi_cl) logging started Wed Jun 11 16:57:22 2025

Set parameter WLSAccessID
Set parameter WLSSecret
Set parameter LicenseID to value 2596424
Set parameter LogFile to value "gurobi.log"
Using license file /Users/yunglong/Downloads/gurobi.lic
Academic license 2596424 - for non-commercial use only - registered to yu___@chalmers.se

Gurobi 12.0.0 (mac64[arm], gurobi_cl) logging started Wed Jun 11 16:58:44 2025

Set parameter WLSAccessID
Set parameter WLSSecret
Set parameter LicenseID to value 2596424
Set parameter LogFile to value "gurobi.log"
Using license file /Users/yunglong/Downloads/gurobi.lic
Academic license 2596424 - for non-commercial use only - registered to yu___@chalmers.se

Gurobi 12.0.0 (mac64[arm], gurobi_cl) logging started Wed Jun 11 17:02:13 2025

Set parameter WLSAccessID
Set parameter WLSSecret
Set parameter LicenseID to value 2596424
Set parameter LogFile to value "gurobi.log"
Using license file /Users/yunglong/Downloads/gurobi.lic
Academic license 2596424 - for non-commercial use only - registered to yu___@chalmers.se

Gurobi 12.0.0 (mac64[arm], gurobi_cl) logging started Wed Jun 11 17:02:32 2025

Set parameter WLSAccessID
Set parameter WLSSecret
Set parameter LicenseID to value 2596424
Set parameter LogFile to value "gurobi.log"
Using license file /Users/yunglong/Downloads/gurobi.lic
Academic license 2596424 - for non-commercial use only - registered to yu___@chalmers.se

Gurobi 12.0.0 (mac64[arm], gurobi_cl) logging started Wed Jun 11 17:08:41 2025

Set parameter WLSAccessID
Set parameter WLSSecret
Set parameter LicenseID to value 2596424
Set parameter LogFile to value "gurobi.log"
Using license file /Users/yunglong/Downloads/gurobi.lic
Academic license 2596424 - for non-commercial use only - registered to yu___@chalmers.se

Gurobi 12.0.0 (mac64[arm], gurobi_cl) logging started Wed Jun 11 17:09:00 2025

Set parameter WLSAccessID
Set parameter WLSSecret
Set parameter LicenseID to value 2596424
Set parameter LogFile to value "gurobi.log"
Using license file /Users/yunglong/Downloads/gurobi.lic
Academic license 2596424 - for non-commercial use only - registered to yu___@chalmers.se

Gurobi 12.0.0 (mac64[arm], gurobi_cl) logging started Wed Jun 11 17:12:33 2025

Set parameter WLSAccessID
Set parameter WLSSecret
Set parameter LicenseID to value 2596424
Set parameter LogFile to value "gurobi.log"
Using license file /Users/yunglong/Downloads/gurobi.lic
Academic license 2596424 - for non-commercial use only - registered to yu___@chalmers.se

Gurobi 12.0.0 (mac64[arm], gurobi_cl) logging started Wed Jun 11 17:13:06 2025

Set parameter WLSAccessID
Set parameter WLSSecret
Set parameter LicenseID to value 2596424
Set parameter LogFile to value "gurobi.log"
Using license file /Users/yunglong/Downloads/gurobi.lic
Academic license 2596424 - for non-commercial use only - registered to yu___@chalmers.se

Gurobi 12.0.0 (mac64[arm], gurobi_cl) logging started Wed Jun 11 17:19:30 2025

Set parameter WLSAccessID
Set parameter WLSSecret
Set parameter LicenseID to value 2596424
Set parameter LogFile to value "gurobi.log"
Using license file /Users/yunglong/Downloads/gurobi.lic
Academic license 2596424 - for non-commercial use only - registered to yu___@chalmers.se

Gurobi 12.0.0 (mac64[arm], gurobi_cl) logging started Wed Jun 11 17:19:50 2025

Set parameter WLSAccessID
Set parameter WLSSecret
Set parameter LicenseID to value 2596424
Set parameter LogFile to value "gurobi.log"
Using license file /Users/yunglong/Downloads/gurobi.lic
Academic license 2596424 - for non-commercial use only - registered to yu___@chalmers.se

Gurobi 12.0.0 (mac64[arm], gurobi_cl) logging started Wed Jun 11 17:27:32 2025

Set parameter WLSAccessID
Set parameter WLSSecret
Set parameter LicenseID to value 2596424
Set parameter LogFile to value "gurobi.log"
Using license file /Users/yunglong/Downloads/gurobi.lic
Academic license 2596424 - for non-commercial use only - registered to yu___@chalmers.se

Gurobi 12.0.0 (mac64[arm], gurobi_cl) logging started Wed Jun 11 17:27:52 2025

Set parameter WLSAccessID
Set parameter WLSSecret
Set parameter LicenseID to value 2596424
Set parameter LogFile to value "gurobi.log"
Using license file /Users/yunglong/Downloads/gurobi.lic
Academic license 2596424 - for non-commercial use only - registered to yu___@chalmers.se

Gurobi 12.0.0 (mac64[arm], gurobi_cl) logging started Wed Jun 11 17:33:16 2025

Set parameter WLSAccessID
Set parameter WLSSecret
Set parameter LicenseID to value 2596424
Set parameter LogFile to value "gurobi.log"
Using license file /Users/yunglong/Downloads/gurobi.lic
Academic license 2596424 - for non-commercial use only - registered to yu___@chalmers.se

Gurobi 12.0.0 (mac64[arm], gurobi_cl) logging started Wed Jun 11 17:33:35 2025

Set parameter WLSAccessID
Set parameter WLSSecret
Set parameter LicenseID to value 2596424
Set parameter LogFile to value "gurobi.log"
Using license file /Users/yunglong/Downloads/gurobi.lic
Academic license 2596424 - for non-commercial use only - registered to yu___@chalmers.se

Gurobi 12.0.0 (mac64[arm], gurobi_cl) logging started Wed Jun 11 17:36:50 2025

Set parameter WLSAccessID
Set parameter WLSSecret
Set parameter LicenseID to value 2596424
Set parameter LogFile to value "gurobi.log"
Using license file /Users/yunglong/Downloads/gurobi.lic
Academic license 2596424 - for non-commercial use only - registered to yu___@chalmers.se

Gurobi 12.0.0 (mac64[arm], gurobi_cl) logging started Wed Jun 11 17:37:09 2025

Set parameter WLSAccessID
Set parameter WLSSecret
Set parameter LicenseID to value 2596424
Set parameter LogFile to value "gurobi.log"
Using license file /Users/yunglong/Downloads/gurobi.lic
Academic license 2596424 - for non-commercial use only - registered to yu___@chalmers.se

Gurobi 12.0.0 (mac64[arm], gurobi_cl) logging started Wed Jun 11 17:40:30 2025

Set parameter WLSAccessID
Set parameter WLSSecret
Set parameter LicenseID to value 2596424
Set parameter LogFile to value "gurobi.log"
Using license file /Users/yunglong/Downloads/gurobi.lic
Academic license 2596424 - for non-commercial use only - registered to yu___@chalmers.se

Gurobi 12.0.0 (mac64[arm], gurobi_cl) logging started Wed Jun 11 17:41:00 2025

Set parameter WLSAccessID
Set parameter WLSSecret
Set parameter LicenseID to value 2596424
Set parameter LogFile to value "gurobi.log"
Using license file /Users/yunglong/Downloads/gurobi.lic
Academic license 2596424 - for non-commercial use only - registered to yu___@chalmers.se

Gurobi 12.0.0 (mac64[arm], gurobi_cl) logging started Wed Jun 11 17:44:00 2025

Set parameter WLSAccessID
Set parameter WLSSecret
Set parameter LicenseID to value 2596424
Set parameter LogFile to value "gurobi.log"
Using license file /Users/yunglong/Downloads/gurobi.lic
Academic license 2596424 - for non-commercial use only - registered to yu___@chalmers.se

Gurobi 12.0.0 (mac64[arm], gurobi_cl) logging started Wed Jun 11 17:44:26 2025

Set parameter WLSAccessID
Set parameter WLSSecret
Set parameter LicenseID to value 2596424
Set parameter LogFile to value "gurobi.log"
Using license file /Users/yunglong/Downloads/gurobi.lic
Academic license 2596424 - for non-commercial use only - registered to yu___@chalmers.se

Gurobi 12.0.0 (mac64[arm], gurobi_cl) logging started Wed Jun 11 17:51:51 2025

Set parameter WLSAccessID
Set parameter WLSSecret
Set parameter LicenseID to value 2596424
Set parameter LogFile to value "gurobi.log"
Using license file /Users/yunglong/Downloads/gurobi.lic
Academic license 2596424 - for non-commercial use only - registered to yu___@chalmers.se

Gurobi 12.0.0 (mac64[arm], gurobi_cl) logging started Wed Jun 11 17:52:10 2025

Set parameter WLSAccessID
Set parameter WLSSecret
Set parameter LicenseID to value 2596424
Set parameter LogFile to value "gurobi.log"
Using license file /Users/yunglong/Downloads/gurobi.lic
Academic license 2596424 - for non-commercial use only - registered to yu___@chalmers.se

Gurobi 12.0.0 (mac64[arm], gurobi_cl) logging started Wed Jun 11 18:58:15 2025

Set parameter WLSAccessID
Set parameter WLSSecret
Set parameter LicenseID to value 2596424
Set parameter LogFile to value "gurobi.log"
Using license file /Users/yunglong/Downloads/gurobi.lic
Academic license 2596424 - for non-commercial use only - registered to yu___@chalmers.se

Gurobi 12.0.0 (mac64[arm], gurobi_cl) logging started Wed Jun 11 18:58:36 2025

Set parameter WLSAccessID
Set parameter WLSSecret
Set parameter LicenseID to value 2596424
Set parameter LogFile to value "gurobi.log"
Using license file /Users/yunglong/Downloads/gurobi.lic
Academic license 2596424 - for non-commercial use only - registered to yu___@chalmers.se

Gurobi 12.0.0 (mac64[arm], gurobi_cl) logging started Wed Jun 11 19:02:55 2025

Set parameter WLSAccessID
Set parameter WLSSecret
Set parameter LicenseID to value 2596424
Set parameter LogFile to value "gurobi.log"
Using license file /Users/yunglong/Downloads/gurobi.lic
Academic license 2596424 - for non-commercial use only - registered to yu___@chalmers.se

Gurobi 12.0.0 (mac64[arm], gurobi_cl) logging started Wed Jun 11 19:03:15 2025

Set parameter WLSAccessID
Set parameter WLSSecret
Set parameter LicenseID to value 2596424
Set parameter LogFile to value "gurobi.log"
Using license file /Users/yunglong/Downloads/gurobi.lic
Academic license 2596424 - for non-commercial use only - registered to yu___@chalmers.se

Gurobi 12.0.0 (mac64[arm], gurobi_cl) logging started Wed Jun 11 19:08:59 2025

Set parameter WLSAccessID
Set parameter WLSSecret
Set parameter LicenseID to value 2596424
Set parameter LogFile to value "gurobi.log"
Using license file /Users/yunglong/Downloads/gurobi.lic
Academic license 2596424 - for non-commercial use only - registered to yu___@chalmers.se

Gurobi 12.0.0 (mac64[arm], gurobi_cl) logging started Wed Jun 11 19:09:19 2025

Set parameter WLSAccessID
Set parameter WLSSecret
Set parameter LicenseID to value 2596424
Set parameter LogFile to value "gurobi.log"
Using license file /Users/yunglong/Downloads/gurobi.lic
Academic license 2596424 - for non-commercial use only - registered to yu___@chalmers.se

Gurobi 12.0.0 (mac64[arm], gurobi_cl) logging started Wed Jun 11 19:14:18 2025

Set parameter WLSAccessID
Set parameter WLSSecret
Set parameter LicenseID to value 2596424
Set parameter LogFile to value "gurobi.log"
Using license file /Users/yunglong/Downloads/gurobi.lic
Academic license 2596424 - for non-commercial use only - registered to yu___@chalmers.se

Gurobi 12.0.0 (mac64[arm], gurobi_cl) logging started Wed Jun 11 19:14:37 2025

Set parameter WLSAccessID
Set parameter WLSSecret
Set parameter LicenseID to value 2596424
Set parameter LogFile to value "gurobi.log"
Using license file /Users/yunglong/Downloads/gurobi.lic
Academic license 2596424 - for non-commercial use only - registered to yu___@chalmers.se

Gurobi 12.0.0 (mac64[arm], gurobi_cl) logging started Wed Jun 11 19:18:12 2025

Set parameter WLSAccessID
Set parameter WLSSecret
Set parameter LicenseID to value 2596424
Set parameter LogFile to value "gurobi.log"
Using license file /Users/yunglong/Downloads/gurobi.lic
Academic license 2596424 - for non-commercial use only - registered to yu___@chalmers.se

Gurobi 12.0.0 (mac64[arm], gurobi_cl) logging started Wed Jun 11 19:18:40 2025

Set parameter WLSAccessID
Set parameter WLSSecret
Set parameter LicenseID to value 2596424
Set parameter LogFile to value "gurobi.log"
Using license file /Users/yunglong/Downloads/gurobi.lic
Academic license 2596424 - for non-commercial use only - registered to yu___@chalmers.se

Gurobi 12.0.0 (mac64[arm], gurobi_cl) logging started Wed Jun 11 19:43:16 2025

Set parameter WLSAccessID
Set parameter WLSSecret
Set parameter LicenseID to value 2596424
Set parameter LogFile to value "gurobi.log"
Using license file /Users/yunglong/Downloads/gurobi.lic
Academic license 2596424 - for non-commercial use only - registered to yu___@chalmers.se

Gurobi 12.0.0 (mac64[arm], gurobi_cl) logging started Wed Jun 11 19:43:37 2025

Set parameter WLSAccessID
Set parameter WLSSecret
Set parameter LicenseID to value 2596424
Set parameter LogFile to value "gurobi.log"
Using license file /Users/yunglong/Downloads/gurobi.lic
Academic license 2596424 - for non-commercial use only - registered to yu___@chalmers.se

Gurobi 12.0.0 (mac64[arm], gurobi_cl) logging started Wed Jun 11 20:53:28 2025

Set parameter WLSAccessID
Set parameter WLSSecret
Set parameter LicenseID to value 2596424
Set parameter LogFile to value "gurobi.log"
Using license file /Users/yunglong/Downloads/gurobi.lic
Academic license 2596424 - for non-commercial use only - registered to yu___@chalmers.se

Gurobi 12.0.0 (mac64[arm], gurobi_cl) logging started Wed Jun 11 20:53:49 2025

Set parameter WLSAccessID
Set parameter WLSSecret
Set parameter LicenseID to value 2596424
Set parameter LogFile to value "gurobi.log"
Using license file /Users/yunglong/Downloads/gurobi.lic
Academic license 2596424 - for non-commercial use only - registered to yu___@chalmers.se

Gurobi 12.0.0 (mac64[arm], gurobi_cl) logging started Wed Jun 11 22:40:17 2025

Set parameter WLSAccessID
Set parameter WLSSecret
Set parameter LicenseID to value 2596424
Set parameter LogFile to value "gurobi.log"
Using license file /Users/yunglong/Downloads/gurobi.lic
Academic license 2596424 - for non-commercial use only - registered to yu___@chalmers.se

Gurobi 12.0.0 (mac64[arm], gurobi_cl) logging started Wed Jun 11 22:40:40 2025

Set parameter WLSAccessID
Set parameter WLSSecret
Set parameter LicenseID to value 2596424
Set parameter LogFile to value "gurobi.log"
Using license file /Users/yunglong/Downloads/gurobi.lic
Academic license 2596424 - for non-commercial use only - registered to yu___@chalmers.se

Gurobi 12.0.0 (mac64[arm], gurobi_cl) logging started Wed Jun 11 22:42:29 2025

Set parameter WLSAccessID
Set parameter WLSSecret
Set parameter LicenseID to value 2596424
Set parameter LogFile to value "gurobi.log"
Using license file /Users/yunglong/Downloads/gurobi.lic
Academic license 2596424 - for non-commercial use only - registered to yu___@chalmers.se

Gurobi 12.0.0 (mac64[arm], gurobi_cl) logging started Wed Jun 11 22:42:44 2025

Set parameter WLSAccessID
Set parameter WLSSecret
Set parameter LicenseID to value 2596424
Set parameter LogFile to value "gurobi.log"
Using license file /Users/yunglong/Downloads/gurobi.lic
Academic license 2596424 - for non-commercial use only - registered to yu___@chalmers.se

Gurobi 12.0.0 (mac64[arm], gurobi_cl) logging started Wed Jun 11 22:45:47 2025

Set parameter WLSAccessID
Set parameter WLSSecret
Set parameter LicenseID to value 2596424
Set parameter LogFile to value "gurobi.log"
Using license file /Users/yunglong/Downloads/gurobi.lic
Academic license 2596424 - for non-commercial use only - registered to yu___@chalmers.se

Gurobi 12.0.0 (mac64[arm], gurobi_cl) logging started Wed Jun 11 22:46:09 2025

Set parameter WLSAccessID
Set parameter WLSSecret
Set parameter LicenseID to value 2596424
Set parameter LogFile to value "gurobi.log"
Using license file /Users/yunglong/Downloads/gurobi.lic
Academic license 2596424 - for non-commercial use only - registered to yu___@chalmers.se

Gurobi 12.0.0 (mac64[arm], gurobi_cl) logging started Wed Jun 11 22:50:14 2025

Set parameter WLSAccessID
Set parameter WLSSecret
Set parameter LicenseID to value 2596424
Set parameter LogFile to value "gurobi.log"
Using license file /Users/yunglong/Downloads/gurobi.lic
Academic license 2596424 - for non-commercial use only - registered to yu___@chalmers.se

Gurobi 12.0.0 (mac64[arm], gurobi_cl) logging started Wed Jun 11 22:51:24 2025

Set parameter WLSAccessID
Set parameter WLSSecret
Set parameter LicenseID to value 2596424
Set parameter LogFile to value "gurobi.log"
Using license file /Users/yunglong/Downloads/gurobi.lic
Academic license 2596424 - for non-commercial use only - registered to yu___@chalmers.se

Gurobi 12.0.0 (mac64[arm], gurobi_cl) logging started Wed Jun 11 22:51:47 2025

Set parameter WLSAccessID
Set parameter WLSSecret
Set parameter LicenseID to value 2596424
Set parameter LogFile to value "gurobi.log"
Using license file /Users/yunglong/Downloads/gurobi.lic
Academic license 2596424 - for non-commercial use only - registered to yu___@chalmers.se

Gurobi 12.0.0 (mac64[arm], gurobi_cl) logging started Wed Jun 11 23:02:51 2025

Set parameter WLSAccessID
Set parameter WLSSecret
Set parameter LicenseID to value 2596424
Set parameter LogFile to value "gurobi.log"
Using license file /Users/yunglong/Downloads/gurobi.lic
Academic license 2596424 - for non-commercial use only - registered to yu___@chalmers.se

Gurobi 12.0.0 (mac64[arm], gurobi_cl) logging started Wed Jun 11 23:03:12 2025

Set parameter WLSAccessID
Set parameter WLSSecret
Set parameter LicenseID to value 2596424
Set parameter LogFile to value "gurobi.log"
Using license file /Users/yunglong/Downloads/gurobi.lic
Academic license 2596424 - for non-commercial use only - registered to yu___@chalmers.se

Gurobi 12.0.0 (mac64[arm], gurobi_cl) logging started Wed Jun 11 23:11:39 2025

Set parameter WLSAccessID
Set parameter WLSSecret
Set parameter LicenseID to value 2596424
Set parameter LogFile to value "gurobi.log"
Using license file /Users/yunglong/Downloads/gurobi.lic
Academic license 2596424 - for non-commercial use only - registered to yu___@chalmers.se

Gurobi 12.0.0 (mac64[arm], gurobi_cl) logging started Wed Jun 11 23:11:59 2025

Set parameter WLSAccessID
Set parameter WLSSecret
Set parameter LicenseID to value 2596424
Set parameter LogFile to value "gurobi.log"
Using license file /Users/yunglong/Downloads/gurobi.lic
Academic license 2596424 - for non-commercial use only - registered to yu___@chalmers.se

Gurobi 12.0.0 (mac64[arm], gurobi_cl) logging started Wed Jun 11 23:32:36 2025

Set parameter WLSAccessID
Set parameter WLSSecret
Set parameter LicenseID to value 2596424
Set parameter LogFile to value "gurobi.log"
Using license file /Users/yunglong/Downloads/gurobi.lic
Academic license 2596424 - for non-commercial use only - registered to yu___@chalmers.se

Gurobi 12.0.0 (mac64[arm], gurobi_cl) logging started Wed Jun 11 23:34:01 2025

Set parameter WLSAccessID
Set parameter WLSSecret
Set parameter LicenseID to value 2596424
Set parameter LogFile to value "gurobi.log"
Using license file /Users/yunglong/Downloads/gurobi.lic
Academic license 2596424 - for non-commercial use only - registered to yu___@chalmers.se

Gurobi 12.0.0 (mac64[arm], gurobi_cl) logging started Wed Jun 11 23:36:51 2025

Set parameter WLSAccessID
Set parameter WLSSecret
Set parameter LicenseID to value 2596424
Set parameter LogFile to value "gurobi.log"
Using license file /Users/yunglong/Downloads/gurobi.lic
Academic license 2596424 - for non-commercial use only - registered to yu___@chalmers.se

Gurobi 12.0.0 (mac64[arm], gurobi_cl) logging started Wed Jun 11 23:37:11 2025

Set parameter WLSAccessID
Set parameter WLSSecret
Set parameter LicenseID to value 2596424
Set parameter LogFile to value "gurobi.log"
Using license file /Users/yunglong/Downloads/gurobi.lic
Academic license 2596424 - for non-commercial use only - registered to yu___@chalmers.se

Gurobi 12.0.0 (mac64[arm], gurobi_cl) logging started Wed Jun 11 23:45:35 2025

Set parameter WLSAccessID
Set parameter WLSSecret
Set parameter LicenseID to value 2596424
Set parameter LogFile to value "gurobi.log"
Using license file /Users/yunglong/Downloads/gurobi.lic
Academic license 2596424 - for non-commercial use only - registered to yu___@chalmers.se

Gurobi 12.0.0 (mac64[arm], gurobi_cl) logging started Wed Jun 11 23:45:55 2025

Set parameter WLSAccessID
Set parameter WLSSecret
Set parameter LicenseID to value 2596424
Set parameter LogFile to value "gurobi.log"
Using license file /Users/yunglong/Downloads/gurobi.lic
Academic license 2596424 - for non-commercial use only - registered to yu___@chalmers.se

Gurobi 12.0.0 (mac64[arm], gurobi_cl) logging started Wed Jun 11 23:48:04 2025

Set parameter WLSAccessID
Set parameter WLSSecret
Set parameter LicenseID to value 2596424
Set parameter LogFile to value "gurobi.log"
Using license file /Users/yunglong/Downloads/gurobi.lic
Academic license 2596424 - for non-commercial use only - registered to yu___@chalmers.se

Gurobi 12.0.0 (mac64[arm], gurobi_cl) logging started Wed Jun 11 23:48:19 2025

Set parameter WLSAccessID
Set parameter WLSSecret
Set parameter LicenseID to value 2596424
Set parameter LogFile to value "gurobi.log"
Using license file /Users/yunglong/Downloads/gurobi.lic
Academic license 2596424 - for non-commercial use only - registered to yu___@chalmers.se

Gurobi 12.0.0 (mac64[arm], gurobi_cl) logging started Thu Jun 12 00:03:59 2025

Set parameter WLSAccessID
Set parameter WLSSecret
Set parameter LicenseID to value 2596424
Set parameter LogFile to value "gurobi.log"
Using license file /Users/yunglong/Downloads/gurobi.lic
Academic license 2596424 - for non-commercial use only - registered to yu___@chalmers.se

Gurobi 12.0.0 (mac64[arm], gurobi_cl) logging started Thu Jun 12 00:04:20 2025

Set parameter WLSAccessID
Set parameter WLSSecret
Set parameter LicenseID to value 2596424
Set parameter LogFile to value "gurobi.log"
Using license file /Users/yunglong/Downloads/gurobi.lic
Academic license 2596424 - for non-commercial use only - registered to yu___@chalmers.se

Gurobi 12.0.0 (mac64[arm], gurobi_cl) logging started Thu Jun 12 00:08:32 2025

Set parameter WLSAccessID
Set parameter WLSSecret
Set parameter LicenseID to value 2596424
Set parameter LogFile to value "gurobi.log"
Using license file /Users/yunglong/Downloads/gurobi.lic
Academic license 2596424 - for non-commercial use only - registered to yu___@chalmers.se

Gurobi 12.0.0 (mac64[arm], gurobi_cl) logging started Thu Jun 12 00:08:59 2025

Set parameter WLSAccessID
Set parameter WLSSecret
Set parameter LicenseID to value 2596424
Set parameter LogFile to value "gurobi.log"
Using license file /Users/yunglong/Downloads/gurobi.lic
Academic license 2596424 - for non-commercial use only - registered to yu___@chalmers.se

Gurobi 12.0.0 (mac64[arm], gurobi_cl) logging started Thu Jun 12 09:13:59 2025

Set parameter WLSAccessID
Set parameter WLSSecret
Set parameter LicenseID to value 2596424
Set parameter LogFile to value "gurobi.log"
Using license file /Users/yunglong/Downloads/gurobi.lic
Academic license 2596424 - for non-commercial use only - registered to yu___@chalmers.se

Gurobi 12.0.0 (mac64[arm], gurobi_cl) logging started Thu Jun 12 09:17:39 2025

Set parameter WLSAccessID
Set parameter WLSSecret
Set parameter LicenseID to value 2596424
Set parameter LogFile to value "gurobi.log"
Using license file /Users/yunglong/Downloads/gurobi.lic
Academic license 2596424 - for non-commercial use only - registered to yu___@chalmers.se

Gurobi 12.0.0 (mac64[arm], gurobi_cl) logging started Thu Jun 12 09:17:59 2025

Set parameter WLSAccessID
Set parameter WLSSecret
Set parameter LicenseID to value 2596424
Set parameter LogFile to value "gurobi.log"
Using license file /Users/yunglong/Downloads/gurobi.lic
Academic license 2596424 - for non-commercial use only - registered to yu___@chalmers.se

Gurobi 12.0.0 (mac64[arm], gurobi_cl) logging started Thu Jun 12 09:47:13 2025

Set parameter WLSAccessID
Set parameter WLSSecret
Set parameter LicenseID to value 2596424
Set parameter LogFile to value "gurobi.log"
Using license file /Users/yunglong/Downloads/gurobi.lic
Academic license 2596424 - for non-commercial use only - registered to yu___@chalmers.se

Gurobi 12.0.0 (mac64[arm], gurobi_cl) logging started Thu Jun 12 09:47:32 2025

Set parameter WLSAccessID
Set parameter WLSSecret
Set parameter LicenseID to value 2596424
Set parameter LogFile to value "gurobi.log"
Using license file /Users/yunglong/Downloads/gurobi.lic
Academic license 2596424 - for non-commercial use only - registered to yu___@chalmers.se

Gurobi 12.0.0 (mac64[arm], gurobi_cl) logging started Thu Jun 12 09:48:19 2025

Set parameter WLSAccessID
Set parameter WLSSecret
Set parameter LicenseID to value 2596424
Set parameter LogFile to value "gurobi.log"
Using license file /Users/yunglong/Downloads/gurobi.lic
Academic license 2596424 - for non-commercial use only - registered to yu___@chalmers.se

Gurobi 12.0.0 (mac64[arm], gurobi_cl) logging started Thu Jun 12 09:48:33 2025

Set parameter WLSAccessID
Set parameter WLSSecret
Set parameter LicenseID to value 2596424
Set parameter LogFile to value "gurobi.log"
Using license file /Users/yunglong/Downloads/gurobi.lic
Academic license 2596424 - for non-commercial use only - registered to yu___@chalmers.se

Gurobi 12.0.0 (mac64[arm], gurobi_cl) logging started Thu Jun 12 09:49:16 2025

Set parameter WLSAccessID
Set parameter WLSSecret
Set parameter LicenseID to value 2596424
Set parameter LogFile to value "gurobi.log"
Using license file /Users/yunglong/Downloads/gurobi.lic
Academic license 2596424 - for non-commercial use only - registered to yu___@chalmers.se

Gurobi 12.0.0 (mac64[arm], gurobi_cl) logging started Thu Jun 12 09:49:34 2025

Set parameter WLSAccessID
Set parameter WLSSecret
Set parameter LicenseID to value 2596424
Set parameter LogFile to value "gurobi.log"
Using license file /Users/yunglong/Downloads/gurobi.lic
Academic license 2596424 - for non-commercial use only - registered to yu___@chalmers.se

Gurobi 12.0.0 (mac64[arm], gurobi_cl) logging started Thu Jun 12 09:50:31 2025

Set parameter WLSAccessID
Set parameter WLSSecret
Set parameter LicenseID to value 2596424
Set parameter LogFile to value "gurobi.log"
Using license file /Users/yunglong/Downloads/gurobi.lic
Academic license 2596424 - for non-commercial use only - registered to yu___@chalmers.se

Gurobi 12.0.0 (mac64[arm], gurobi_cl) logging started Thu Jun 12 09:50:50 2025

Set parameter WLSAccessID
Set parameter WLSSecret
Set parameter LicenseID to value 2596424
Set parameter LogFile to value "gurobi.log"
Using license file /Users/yunglong/Downloads/gurobi.lic
Academic license 2596424 - for non-commercial use only - registered to yu___@chalmers.se

Gurobi 12.0.0 (mac64[arm], gurobi_cl) logging started Thu Jun 12 09:53:55 2025

Set parameter WLSAccessID
Set parameter WLSSecret
Set parameter LicenseID to value 2596424
Set parameter LogFile to value "gurobi.log"
Using license file /Users/yunglong/Downloads/gurobi.lic
Academic license 2596424 - for non-commercial use only - registered to yu___@chalmers.se

Gurobi 12.0.0 (mac64[arm], gurobi_cl) logging started Thu Jun 12 09:54:13 2025

Set parameter WLSAccessID
Set parameter WLSSecret
Set parameter LicenseID to value 2596424
Set parameter LogFile to value "gurobi.log"
Using license file /Users/yunglong/Downloads/gurobi.lic
Academic license 2596424 - for non-commercial use only - registered to yu___@chalmers.se

Gurobi 12.0.0 (mac64[arm], gurobi_cl) logging started Thu Jun 12 09:57:08 2025

Set parameter WLSAccessID
Set parameter WLSSecret
Set parameter LicenseID to value 2596424
Set parameter LogFile to value "gurobi.log"
Using license file /Users/yunglong/Downloads/gurobi.lic
Academic license 2596424 - for non-commercial use only - registered to yu___@chalmers.se

Gurobi 12.0.0 (mac64[arm], gurobi_cl) logging started Thu Jun 12 09:57:28 2025

Set parameter WLSAccessID
Set parameter WLSSecret
Set parameter LicenseID to value 2596424
Set parameter LogFile to value "gurobi.log"
Using license file /Users/yunglong/Downloads/gurobi.lic
Academic license 2596424 - for non-commercial use only - registered to yu___@chalmers.se

Gurobi 12.0.0 (mac64[arm], gurobi_cl) logging started Thu Jun 12 10:03:39 2025

Set parameter WLSAccessID
Set parameter WLSSecret
Set parameter LicenseID to value 2596424
Set parameter LogFile to value "gurobi.log"
Using license file /Users/yunglong/Downloads/gurobi.lic
Academic license 2596424 - for non-commercial use only - registered to yu___@chalmers.se

Gurobi 12.0.0 (mac64[arm], gurobi_cl) logging started Thu Jun 12 10:04:01 2025

Set parameter WLSAccessID
Set parameter WLSSecret
Set parameter LicenseID to value 2596424
Set parameter LogFile to value "gurobi.log"
Using license file /Users/yunglong/Downloads/gurobi.lic
Academic license 2596424 - for non-commercial use only - registered to yu___@chalmers.se

Gurobi 12.0.0 (mac64[arm], gurobi_cl) logging started Thu Jun 12 10:11:27 2025

Set parameter WLSAccessID
Set parameter WLSSecret
Set parameter LicenseID to value 2596424
Set parameter LogFile to value "gurobi.log"
Using license file /Users/yunglong/Downloads/gurobi.lic
Academic license 2596424 - for non-commercial use only - registered to yu___@chalmers.se

Gurobi 12.0.0 (mac64[arm], gurobi_cl) logging started Thu Jun 12 10:11:51 2025

Set parameter WLSAccessID
Set parameter WLSSecret
Set parameter LicenseID to value 2596424
Set parameter LogFile to value "gurobi.log"
Using license file /Users/yunglong/Downloads/gurobi.lic
Academic license 2596424 - for non-commercial use only - registered to yu___@chalmers.se

Gurobi 12.0.0 (mac64[arm], gurobi_cl) logging started Thu Jun 12 10:12:10 2025

Set parameter WLSAccessID
Set parameter WLSSecret
Set parameter LicenseID to value 2596424
Set parameter LogFile to value "gurobi.log"
Using license file /Users/yunglong/Downloads/gurobi.lic
Academic license 2596424 - for non-commercial use only - registered to yu___@chalmers.se

Gurobi 12.0.0 (mac64[arm], gurobi_cl) logging started Thu Jun 12 10:22:31 2025

Set parameter WLSAccessID
Set parameter WLSSecret
Set parameter LicenseID to value 2596424
Set parameter LogFile to value "gurobi.log"
Using license file /Users/yunglong/Downloads/gurobi.lic
Academic license 2596424 - for non-commercial use only - registered to yu___@chalmers.se

Gurobi 12.0.0 (mac64[arm], gurobi_cl) logging started Thu Jun 12 10:22:50 2025

Set parameter WLSAccessID
Set parameter WLSSecret
Set parameter LicenseID to value 2596424
Set parameter LogFile to value "gurobi.log"
Using license file /Users/yunglong/Downloads/gurobi.lic
Academic license 2596424 - for non-commercial use only - registered to yu___@chalmers.se

Gurobi 12.0.0 (mac64[arm], gurobi_cl) logging started Thu Jun 12 11:19:19 2025

Set parameter WLSAccessID
Set parameter WLSSecret
Set parameter LicenseID to value 2596424
Set parameter LogFile to value "gurobi.log"
Using license file /Users/yunglong/Downloads/gurobi.lic
Academic license 2596424 - for non-commercial use only - registered to yu___@chalmers.se

Gurobi 12.0.0 (mac64[arm], gurobi_cl) logging started Thu Jun 12 11:20:29 2025

Set parameter WLSAccessID
Set parameter WLSSecret
Set parameter LicenseID to value 2596424
Set parameter LogFile to value "gurobi.log"
Using license file /Users/yunglong/Downloads/gurobi.lic
Academic license 2596424 - for non-commercial use only - registered to yu___@chalmers.se

Gurobi 12.0.0 (mac64[arm], gurobi_cl) logging started Thu Jun 12 11:20:48 2025

Set parameter WLSAccessID
Set parameter WLSSecret
Set parameter LicenseID to value 2596424
Set parameter LogFile to value "gurobi.log"
Using license file /Users/yunglong/Downloads/gurobi.lic
Academic license 2596424 - for non-commercial use only - registered to yu___@chalmers.se

Gurobi 12.0.0 (mac64[arm], gurobi_cl) logging started Thu Jun 12 11:28:25 2025

Set parameter WLSAccessID
Set parameter WLSSecret
Set parameter LicenseID to value 2596424
Set parameter LogFile to value "gurobi.log"
Using license file /Users/yunglong/Downloads/gurobi.lic
Academic license 2596424 - for non-commercial use only - registered to yu___@chalmers.se

Gurobi 12.0.0 (mac64[arm], gurobi_cl) logging started Thu Jun 12 11:28:46 2025

Set parameter WLSAccessID
Set parameter WLSSecret
Set parameter LicenseID to value 2596424
Set parameter LogFile to value "gurobi.log"
Using license file /Users/yunglong/Downloads/gurobi.lic
Academic license 2596424 - for non-commercial use only - registered to yu___@chalmers.se

Gurobi 12.0.0 (mac64[arm], gurobi_cl) logging started Thu Jun 12 13:50:29 2025

Set parameter WLSAccessID
Set parameter WLSSecret
Set parameter LicenseID to value 2596424
Set parameter LogFile to value "gurobi.log"
Using license file /Users/yunglong/Downloads/gurobi.lic
Academic license 2596424 - for non-commercial use only - registered to yu___@chalmers.se

Gurobi 12.0.0 (mac64[arm], gurobi_cl) logging started Thu Jun 12 13:50:49 2025

Set parameter WLSAccessID
Set parameter WLSSecret
Set parameter LicenseID to value 2596424
Set parameter LogFile to value "gurobi.log"
Using license file /Users/yunglong/Downloads/gurobi.lic
Academic license 2596424 - for non-commercial use only - registered to yu___@chalmers.se

Gurobi 12.0.0 (mac64[arm], gurobi_cl) logging started Thu Jun 12 14:02:13 2025

Set parameter WLSAccessID
Set parameter WLSSecret
Set parameter LicenseID to value 2596424
Set parameter LogFile to value "gurobi.log"
Using license file /Users/yunglong/Downloads/gurobi.lic
Academic license 2596424 - for non-commercial use only - registered to yu___@chalmers.se

Gurobi 12.0.0 (mac64[arm], gurobi_cl) logging started Thu Jun 12 14:02:27 2025

Set parameter WLSAccessID
Set parameter WLSSecret
Set parameter LicenseID to value 2596424
Set parameter LogFile to value "gurobi.log"
Using license file /Users/yunglong/Downloads/gurobi.lic
Academic license 2596424 - for non-commercial use only - registered to yu___@chalmers.se

Gurobi 12.0.0 (mac64[arm], gurobi_cl) logging started Thu Jun 12 14:36:40 2025

Set parameter WLSAccessID
Set parameter WLSSecret
Set parameter LicenseID to value 2596424
Set parameter LogFile to value "gurobi.log"
Using license file /Users/yunglong/Downloads/gurobi.lic
Academic license 2596424 - for non-commercial use only - registered to yu___@chalmers.se

Gurobi 12.0.0 (mac64[arm], gurobi_cl) logging started Thu Jun 12 14:36:48 2025

Set parameter WLSAccessID
Set parameter WLSSecret
Set parameter LicenseID to value 2596424
Set parameter LogFile to value "gurobi.log"
Using license file /Users/yunglong/Downloads/gurobi.lic
Academic license 2596424 - for non-commercial use only - registered to yu___@chalmers.se

Gurobi 12.0.0 (mac64[arm], gurobi_cl) logging started Thu Jun 12 16:34:49 2025

Set parameter WLSAccessID
Set parameter WLSSecret
Set parameter LicenseID to value 2596424
Set parameter LogFile to value "gurobi.log"
Using license file /Users/yunglong/Downloads/gurobi.lic
Academic license 2596424 - for non-commercial use only - registered to yu___@chalmers.se

Gurobi 12.0.0 (mac64[arm], gurobi_cl) logging started Thu Jun 12 16:35:04 2025

Set parameter WLSAccessID
Set parameter WLSSecret
Set parameter LicenseID to value 2596424
Set parameter LogFile to value "gurobi.log"
Using license file /Users/yunglong/Downloads/gurobi.lic
Academic license 2596424 - for non-commercial use only - registered to yu___@chalmers.se

Gurobi 12.0.0 (mac64[arm], gurobi_cl) logging started Thu Jun 12 16:43:14 2025

Set parameter WLSAccessID
Set parameter WLSSecret
Set parameter LicenseID to value 2596424
Set parameter LogFile to value "gurobi.log"
Using license file /Users/yunglong/Downloads/gurobi.lic
Academic license 2596424 - for non-commercial use only - registered to yu___@chalmers.se

Gurobi 12.0.0 (mac64[arm], gurobi_cl) logging started Thu Jun 12 16:44:15 2025

Set parameter WLSAccessID
Set parameter WLSSecret
Set parameter LicenseID to value 2596424
Set parameter LogFile to value "gurobi.log"
Using license file /Users/yunglong/Downloads/gurobi.lic
Academic license 2596424 - for non-commercial use only - registered to yu___@chalmers.se

Gurobi 12.0.0 (mac64[arm], gurobi_cl) logging started Thu Jun 12 16:45:25 2025

Set parameter WLSAccessID
Set parameter WLSSecret
Set parameter LicenseID to value 2596424
Set parameter LogFile to value "gurobi.log"
Using license file /Users/yunglong/Downloads/gurobi.lic
Academic license 2596424 - for non-commercial use only - registered to yu___@chalmers.se

Gurobi 12.0.0 (mac64[arm], gurobi_cl) logging started Thu Jun 12 16:50:17 2025

Set parameter WLSAccessID
Set parameter WLSSecret
Set parameter LicenseID to value 2596424
Set parameter LogFile to value "gurobi.log"
Using license file /Users/yunglong/Downloads/gurobi.lic
Academic license 2596424 - for non-commercial use only - registered to yu___@chalmers.se

Gurobi 12.0.0 (mac64[arm], gurobi_cl) logging started Thu Jun 12 16:50:32 2025

Set parameter WLSAccessID
Set parameter WLSSecret
Set parameter LicenseID to value 2596424
Set parameter LogFile to value "gurobi.log"
Using license file /Users/yunglong/Downloads/gurobi.lic
Academic license 2596424 - for non-commercial use only - registered to yu___@chalmers.se

Gurobi 12.0.0 (mac64[arm], gurobi_cl) logging started Thu Jun 12 16:55:02 2025

Set parameter WLSAccessID
Set parameter WLSSecret
Set parameter LicenseID to value 2596424
Set parameter LogFile to value "gurobi.log"
Using license file /Users/yunglong/Downloads/gurobi.lic
Academic license 2596424 - for non-commercial use only - registered to yu___@chalmers.se

Gurobi 12.0.0 (mac64[arm], gurobi_cl) logging started Thu Jun 12 16:55:16 2025

Set parameter WLSAccessID
Set parameter WLSSecret
Set parameter LicenseID to value 2596424
Set parameter LogFile to value "gurobi.log"
Using license file /Users/yunglong/Downloads/gurobi.lic
Academic license 2596424 - for non-commercial use only - registered to yu___@chalmers.se

Gurobi 12.0.0 (mac64[arm], gurobi_cl) logging started Thu Jun 12 17:00:46 2025

Set parameter WLSAccessID
Set parameter WLSSecret
Set parameter LicenseID to value 2596424
Set parameter LogFile to value "gurobi.log"
Using license file /Users/yunglong/Downloads/gurobi.lic
Academic license 2596424 - for non-commercial use only - registered to yu___@chalmers.se

Gurobi 12.0.0 (mac64[arm], gurobi_cl) logging started Thu Jun 12 17:01:04 2025

Set parameter WLSAccessID
Set parameter WLSSecret
Set parameter LicenseID to value 2596424
Set parameter LogFile to value "gurobi.log"
Using license file /Users/yunglong/Downloads/gurobi.lic
Academic license 2596424 - for non-commercial use only - registered to yu___@chalmers.se

Gurobi 12.0.0 (mac64[arm], gurobi_cl) logging started Thu Jun 12 17:27:18 2025

Set parameter WLSAccessID
Set parameter WLSSecret
Set parameter LicenseID to value 2596424
Set parameter LogFile to value "gurobi.log"
Using license file /Users/yunglong/Downloads/gurobi.lic
Academic license 2596424 - for non-commercial use only - registered to yu___@chalmers.se

Gurobi 12.0.0 (mac64[arm], gurobi_cl) logging started Thu Jun 12 17:27:32 2025

Set parameter WLSAccessID
Set parameter WLSSecret
Set parameter LicenseID to value 2596424
Set parameter LogFile to value "gurobi.log"
Using license file /Users/yunglong/Downloads/gurobi.lic
Academic license 2596424 - for non-commercial use only - registered to yu___@chalmers.se

Gurobi 12.0.0 (mac64[arm], gurobi_cl) logging started Thu Jun 12 17:31:22 2025

Set parameter WLSAccessID
Set parameter WLSSecret
Set parameter LicenseID to value 2596424
Set parameter LogFile to value "gurobi.log"
Using license file /Users/yunglong/Downloads/gurobi.lic
Academic license 2596424 - for non-commercial use only - registered to yu___@chalmers.se

Gurobi 12.0.0 (mac64[arm], gurobi_cl) logging started Thu Jun 12 17:31:35 2025

Set parameter WLSAccessID
Set parameter WLSSecret
Set parameter LicenseID to value 2596424
Set parameter LogFile to value "gurobi.log"
Using license file /Users/yunglong/Downloads/gurobi.lic
Academic license 2596424 - for non-commercial use only - registered to yu___@chalmers.se

Gurobi 12.0.0 (mac64[arm], gurobi_cl) logging started Thu Jun 12 17:31:42 2025

Set parameter WLSAccessID
Set parameter WLSSecret
Set parameter LicenseID to value 2596424
Set parameter LogFile to value "gurobi.log"
Using license file /Users/yunglong/Downloads/gurobi.lic
Academic license 2596424 - for non-commercial use only - registered to yu___@chalmers.se

Gurobi 12.0.0 (mac64[arm], gurobi_cl) logging started Thu Jun 12 17:43:07 2025

Set parameter WLSAccessID
Set parameter WLSSecret
Set parameter LicenseID to value 2596424
Set parameter LogFile to value "gurobi.log"
Using license file /Users/yunglong/Downloads/gurobi.lic
Academic license 2596424 - for non-commercial use only - registered to yu___@chalmers.se

Gurobi 12.0.0 (mac64[arm], gurobi_cl) logging started Thu Jun 12 17:43:22 2025

Set parameter WLSAccessID
Set parameter WLSSecret
Set parameter LicenseID to value 2596424
Set parameter LogFile to value "gurobi.log"
Using license file /Users/yunglong/Downloads/gurobi.lic
Academic license 2596424 - for non-commercial use only - registered to yu___@chalmers.se

Gurobi 12.0.0 (mac64[arm], gurobi_cl) logging started Fri Jun 13 08:55:05 2025

Set parameter WLSAccessID
Set parameter WLSSecret
Set parameter LicenseID to value 2596424
Set parameter LogFile to value "gurobi.log"
Using license file /Users/yunglong/Downloads/gurobi.lic
Academic license 2596424 - for non-commercial use only - registered to yu___@chalmers.se

Gurobi 12.0.0 (mac64[arm], gurobi_cl) logging started Fri Jun 13 08:55:26 2025

Set parameter WLSAccessID
Set parameter WLSSecret
Set parameter LicenseID to value 2596424
Set parameter LogFile to value "gurobi.log"
Using license file /Users/yunglong/Downloads/gurobi.lic
Academic license 2596424 - for non-commercial use only - registered to yu___@chalmers.se

Gurobi 12.0.0 (mac64[arm], gurobi_cl) logging started Fri Jun 13 09:03:18 2025

Set parameter WLSAccessID
Set parameter WLSSecret
Set parameter LicenseID to value 2596424
Set parameter LogFile to value "gurobi.log"
Using license file /Users/yunglong/Downloads/gurobi.lic
Academic license 2596424 - for non-commercial use only - registered to yu___@chalmers.se

Gurobi 12.0.0 (mac64[arm], gurobi_cl) logging started Fri Jun 13 09:03:33 2025

Set parameter WLSAccessID
Set parameter WLSSecret
Set parameter LicenseID to value 2596424
Set parameter LogFile to value "gurobi.log"
Using license file /Users/yunglong/Downloads/gurobi.lic
Academic license 2596424 - for non-commercial use only - registered to yu___@chalmers.se

Gurobi 12.0.0 (mac64[arm], gurobi_cl) logging started Fri Jun 13 09:10:47 2025

Set parameter WLSAccessID
Set parameter WLSSecret
Set parameter LicenseID to value 2596424
Set parameter LogFile to value "gurobi.log"
Using license file /Users/yunglong/Downloads/gurobi.lic
Academic license 2596424 - for non-commercial use only - registered to yu___@chalmers.se

Gurobi 12.0.0 (mac64[arm], gurobi_cl) logging started Fri Jun 13 09:11:56 2025

Set parameter WLSAccessID
Set parameter WLSSecret
Set parameter LicenseID to value 2596424
Set parameter LogFile to value "gurobi.log"
Using license file /Users/yunglong/Downloads/gurobi.lic
Academic license 2596424 - for non-commercial use only - registered to yu___@chalmers.se

Gurobi 12.0.0 (mac64[arm], gurobi_cl) logging started Fri Jun 13 09:12:14 2025

Set parameter WLSAccessID
Set parameter WLSSecret
Set parameter LicenseID to value 2596424
Set parameter LogFile to value "gurobi.log"
Using license file /Users/yunglong/Downloads/gurobi.lic
Academic license 2596424 - for non-commercial use only - registered to yu___@chalmers.se

Gurobi 12.0.0 (mac64[arm], gurobi_cl) logging started Fri Jun 13 09:17:01 2025

Set parameter WLSAccessID
Set parameter WLSSecret
Set parameter LicenseID to value 2596424
Set parameter LogFile to value "gurobi.log"
Using license file /Users/yunglong/Downloads/gurobi.lic
Academic license 2596424 - for non-commercial use only - registered to yu___@chalmers.se

Gurobi 12.0.0 (mac64[arm], gurobi_cl) logging started Fri Jun 13 09:17:14 2025

Set parameter WLSAccessID
Set parameter WLSSecret
Set parameter LicenseID to value 2596424
Set parameter LogFile to value "gurobi.log"
Using license file /Users/yunglong/Downloads/gurobi.lic
Academic license 2596424 - for non-commercial use only - registered to yu___@chalmers.se

Gurobi 12.0.0 (mac64[arm], gurobi_cl) logging started Fri Jun 13 10:01:40 2025

Set parameter WLSAccessID
Set parameter WLSSecret
Set parameter LicenseID to value 2596424
Set parameter LogFile to value "gurobi.log"
Using license file /Users/yunglong/Downloads/gurobi.lic
Academic license 2596424 - for non-commercial use only - registered to yu___@chalmers.se

Gurobi 12.0.0 (mac64[arm], gurobi_cl) logging started Fri Jun 13 10:02:01 2025

Set parameter WLSAccessID
Set parameter WLSSecret
Set parameter LicenseID to value 2596424
Set parameter LogFile to value "gurobi.log"
Using license file /Users/yunglong/Downloads/gurobi.lic
Academic license 2596424 - for non-commercial use only - registered to yu___@chalmers.se

Gurobi 12.0.0 (mac64[arm], gurobi_cl) logging started Fri Jun 13 10:25:34 2025

Set parameter WLSAccessID
Set parameter WLSSecret
Set parameter LicenseID to value 2596424
Set parameter LogFile to value "gurobi.log"
Using license file /Users/yunglong/Downloads/gurobi.lic
Academic license 2596424 - for non-commercial use only - registered to yu___@chalmers.se

Gurobi 12.0.0 (mac64[arm], gurobi_cl) logging started Fri Jun 13 10:25:55 2025

Set parameter WLSAccessID
Set parameter WLSSecret
Set parameter LicenseID to value 2596424
Set parameter LogFile to value "gurobi.log"
Using license file /Users/yunglong/Downloads/gurobi.lic
Academic license 2596424 - for non-commercial use only - registered to yu___@chalmers.se

Gurobi 12.0.0 (mac64[arm], gurobi_cl) logging started Fri Jun 13 10:40:05 2025

Set parameter WLSAccessID
Set parameter WLSSecret
Set parameter LicenseID to value 2596424
Set parameter LogFile to value "gurobi.log"
Using license file /Users/yunglong/Downloads/gurobi.lic
Academic license 2596424 - for non-commercial use only - registered to yu___@chalmers.se

Gurobi 12.0.0 (mac64[arm], gurobi_cl) logging started Fri Jun 13 10:40:26 2025

Set parameter WLSAccessID
Set parameter WLSSecret
Set parameter LicenseID to value 2596424
Set parameter LogFile to value "gurobi.log"
Using license file /Users/yunglong/Downloads/gurobi.lic
Academic license 2596424 - for non-commercial use only - registered to yu___@chalmers.se

Gurobi 12.0.0 (mac64[arm], gurobi_cl) logging started Fri Jun 13 10:48:25 2025

Set parameter WLSAccessID
Set parameter WLSSecret
Set parameter LicenseID to value 2596424
Set parameter LogFile to value "gurobi.log"
Using license file /Users/yunglong/Downloads/gurobi.lic
Academic license 2596424 - for non-commercial use only - registered to yu___@chalmers.se

Gurobi 12.0.0 (mac64[arm], gurobi_cl) logging started Fri Jun 13 10:48:44 2025

Set parameter WLSAccessID
Set parameter WLSSecret
Set parameter LicenseID to value 2596424
Set parameter LogFile to value "gurobi.log"
Using license file /Users/yunglong/Downloads/gurobi.lic
Academic license 2596424 - for non-commercial use only - registered to yu___@chalmers.se

Gurobi 12.0.0 (mac64[arm], gurobi_cl) logging started Fri Jun 13 11:01:00 2025

Set parameter WLSAccessID
Set parameter WLSSecret
Set parameter LicenseID to value 2596424
Set parameter LogFile to value "gurobi.log"
Using license file /Users/yunglong/Downloads/gurobi.lic
Academic license 2596424 - for non-commercial use only - registered to yu___@chalmers.se

Gurobi 12.0.0 (mac64[arm], gurobi_cl) logging started Fri Jun 13 11:01:22 2025

Set parameter WLSAccessID
Set parameter WLSSecret
Set parameter LicenseID to value 2596424
Set parameter LogFile to value "gurobi.log"
Using license file /Users/yunglong/Downloads/gurobi.lic
Academic license 2596424 - for non-commercial use only - registered to yu___@chalmers.se

Gurobi 12.0.0 (mac64[arm], gurobi_cl) logging started Fri Jun 13 11:07:30 2025

Set parameter WLSAccessID
Set parameter WLSSecret
Set parameter LicenseID to value 2596424
Set parameter LogFile to value "gurobi.log"
Using license file /Users/yunglong/Downloads/gurobi.lic
Academic license 2596424 - for non-commercial use only - registered to yu___@chalmers.se

Gurobi 12.0.0 (mac64[arm], gurobi_cl) logging started Fri Jun 13 11:07:46 2025

Set parameter WLSAccessID
Set parameter WLSSecret
Set parameter LicenseID to value 2596424
Set parameter LogFile to value "gurobi.log"
Using license file /Users/yunglong/Downloads/gurobi.lic
Academic license 2596424 - for non-commercial use only - registered to yu___@chalmers.se

Gurobi 12.0.0 (mac64[arm], gurobi_cl) logging started Fri Jun 13 11:16:04 2025

Set parameter WLSAccessID
Set parameter WLSSecret
Set parameter LicenseID to value 2596424
Set parameter LogFile to value "gurobi.log"
Using license file /Users/yunglong/Downloads/gurobi.lic
Academic license 2596424 - for non-commercial use only - registered to yu___@chalmers.se

Gurobi 12.0.0 (mac64[arm], gurobi_cl) logging started Fri Jun 13 11:16:24 2025

Set parameter WLSAccessID
Set parameter WLSSecret
Set parameter LicenseID to value 2596424
Set parameter LogFile to value "gurobi.log"
Using license file /Users/yunglong/Downloads/gurobi.lic
Academic license 2596424 - for non-commercial use only - registered to yu___@chalmers.se

Gurobi 12.0.0 (mac64[arm], gurobi_cl) logging started Fri Jun 13 11:42:34 2025

Set parameter WLSAccessID
Set parameter WLSSecret
Set parameter LicenseID to value 2596424
Set parameter LogFile to value "gurobi.log"
Using license file /Users/yunglong/Downloads/gurobi.lic
Academic license 2596424 - for non-commercial use only - registered to yu___@chalmers.se

Gurobi 12.0.0 (mac64[arm], gurobi_cl) logging started Fri Jun 13 11:42:50 2025

Set parameter WLSAccessID
Set parameter WLSSecret
Set parameter LicenseID to value 2596424
Set parameter LogFile to value "gurobi.log"
Using license file /Users/yunglong/Downloads/gurobi.lic
Academic license 2596424 - for non-commercial use only - registered to yu___@chalmers.se

Gurobi 12.0.0 (mac64[arm], gurobi_cl) logging started Fri Jun 13 11:48:10 2025

Set parameter WLSAccessID
Set parameter WLSSecret
Set parameter LicenseID to value 2596424
Set parameter LogFile to value "gurobi.log"
Using license file /Users/yunglong/Downloads/gurobi.lic
Academic license 2596424 - for non-commercial use only - registered to yu___@chalmers.se

Gurobi 12.0.0 (mac64[arm], gurobi_cl) logging started Fri Jun 13 11:48:29 2025

Set parameter WLSAccessID
Set parameter WLSSecret
Set parameter LicenseID to value 2596424
Set parameter LogFile to value "gurobi.log"
Using license file /Users/yunglong/Downloads/gurobi.lic
Academic license 2596424 - for non-commercial use only - registered to yu___@chalmers.se

Gurobi 12.0.0 (mac64[arm], gurobi_cl) logging started Fri Jun 13 14:01:38 2025

Set parameter WLSAccessID
Set parameter WLSSecret
Set parameter LicenseID to value 2596424
Set parameter LogFile to value "gurobi.log"
Using license file /Users/yunglong/Downloads/gurobi.lic
Academic license 2596424 - for non-commercial use only - registered to yu___@chalmers.se

Gurobi 12.0.0 (mac64[arm], gurobi_cl) logging started Fri Jun 13 14:01:53 2025

Set parameter WLSAccessID
Set parameter WLSSecret
Set parameter LicenseID to value 2596424
Set parameter LogFile to value "gurobi.log"
Using license file /Users/yunglong/Downloads/gurobi.lic
Academic license 2596424 - for non-commercial use only - registered to yu___@chalmers.se

Gurobi 12.0.0 (mac64[arm], gurobi_cl) logging started Fri Jun 13 14:09:32 2025

Set parameter WLSAccessID
Set parameter WLSSecret
Set parameter LicenseID to value 2596424
Set parameter LogFile to value "gurobi.log"
Using license file /Users/yunglong/Downloads/gurobi.lic
Academic license 2596424 - for non-commercial use only - registered to yu___@chalmers.se

Gurobi 12.0.0 (mac64[arm], gurobi_cl) logging started Fri Jun 13 14:09:57 2025

Set parameter WLSAccessID
Set parameter WLSSecret
Set parameter LicenseID to value 2596424
Set parameter LogFile to value "gurobi.log"
Using license file /Users/yunglong/Downloads/gurobi.lic
Academic license 2596424 - for non-commercial use only - registered to yu___@chalmers.se

Gurobi 12.0.0 (mac64[arm], gurobi_cl) logging started Fri Jun 13 14:10:12 2025

Set parameter WLSAccessID
Set parameter WLSSecret
Set parameter LicenseID to value 2596424
Set parameter LogFile to value "gurobi.log"
Using license file /Users/yunglong/Downloads/gurobi.lic
Academic license 2596424 - for non-commercial use only - registered to yu___@chalmers.se

Gurobi 12.0.0 (mac64[arm], gurobi_cl) logging started Fri Jun 13 14:33:10 2025

Set parameter WLSAccessID
Set parameter WLSSecret
Set parameter LicenseID to value 2596424
Set parameter LogFile to value "gurobi.log"
Using license file /Users/yunglong/Downloads/gurobi.lic
Academic license 2596424 - for non-commercial use only - registered to yu___@chalmers.se

Gurobi 12.0.0 (mac64[arm], gurobi_cl) logging started Fri Jun 13 14:36:04 2025

Set parameter WLSAccessID
Set parameter WLSSecret
Set parameter LicenseID to value 2596424
Set parameter LogFile to value "gurobi.log"
Using license file /Users/yunglong/Downloads/gurobi.lic
Academic license 2596424 - for non-commercial use only - registered to yu___@chalmers.se

Gurobi 12.0.0 (mac64[arm], gurobi_cl) logging started Fri Jun 13 14:36:18 2025

Set parameter WLSAccessID
Set parameter WLSSecret
Set parameter LicenseID to value 2596424
Set parameter LogFile to value "gurobi.log"
Using license file /Users/yunglong/Downloads/gurobi.lic
Academic license 2596424 - for non-commercial use only - registered to yu___@chalmers.se

Gurobi 12.0.0 (mac64[arm], gurobi_cl) logging started Fri Jun 13 14:50:42 2025

Set parameter WLSAccessID
Set parameter WLSSecret
Set parameter LicenseID to value 2596424
Set parameter LogFile to value "gurobi.log"
Using license file /Users/yunglong/Downloads/gurobi.lic
Academic license 2596424 - for non-commercial use only - registered to yu___@chalmers.se

Gurobi 12.0.0 (mac64[arm], gurobi_cl) logging started Fri Jun 13 14:50:56 2025

Set parameter WLSAccessID
Set parameter WLSSecret
Set parameter LicenseID to value 2596424
Set parameter LogFile to value "gurobi.log"
Using license file /Users/yunglong/Downloads/gurobi.lic
Academic license 2596424 - for non-commercial use only - registered to yu___@chalmers.se

Gurobi 12.0.0 (mac64[arm], gurobi_cl) logging started Fri Jun 13 14:58:34 2025

Set parameter WLSAccessID
Set parameter WLSSecret
Set parameter LicenseID to value 2596424
Set parameter LogFile to value "gurobi.log"
Using license file /Users/yunglong/Downloads/gurobi.lic
Academic license 2596424 - for non-commercial use only - registered to yu___@chalmers.se

Gurobi 12.0.0 (mac64[arm], gurobi_cl) logging started Fri Jun 13 14:58:48 2025

Set parameter WLSAccessID
Set parameter WLSSecret
Set parameter LicenseID to value 2596424
Set parameter LogFile to value "gurobi.log"
Using license file /Users/yunglong/Downloads/gurobi.lic
Academic license 2596424 - for non-commercial use only - registered to yu___@chalmers.se

Gurobi 12.0.0 (mac64[arm], gurobi_cl) logging started Fri Jun 13 15:04:11 2025

Set parameter WLSAccessID
Set parameter WLSSecret
Set parameter LicenseID to value 2596424
Set parameter LogFile to value "gurobi.log"
Using license file /Users/yunglong/Downloads/gurobi.lic
Academic license 2596424 - for non-commercial use only - registered to yu___@chalmers.se

Gurobi 12.0.0 (mac64[arm], gurobi_cl) logging started Fri Jun 13 15:11:30 2025

Set parameter WLSAccessID
Set parameter WLSSecret
Set parameter LicenseID to value 2596424
Set parameter LogFile to value "gurobi.log"
Using license file /Users/yunglong/Downloads/gurobi.lic
Academic license 2596424 - for non-commercial use only - registered to yu___@chalmers.se

Gurobi 12.0.0 (mac64[arm], gurobi_cl) logging started Fri Jun 13 15:11:47 2025

Set parameter WLSAccessID
Set parameter WLSSecret
Set parameter LicenseID to value 2596424
Set parameter LogFile to value "gurobi.log"
Using license file /Users/yunglong/Downloads/gurobi.lic
Academic license 2596424 - for non-commercial use only - registered to yu___@chalmers.se

Gurobi 12.0.0 (mac64[arm], gurobi_cl) logging started Fri Jun 13 15:12:31 2025

Set parameter WLSAccessID
Set parameter WLSSecret
Set parameter LicenseID to value 2596424
Set parameter LogFile to value "gurobi.log"
Using license file /Users/yunglong/Downloads/gurobi.lic
Academic license 2596424 - for non-commercial use only - registered to yu___@chalmers.se

Gurobi 12.0.0 (mac64[arm], gurobi_cl) logging started Fri Jun 13 15:12:44 2025

Set parameter WLSAccessID
Set parameter WLSSecret
Set parameter LicenseID to value 2596424
Set parameter LogFile to value "gurobi.log"
Using license file /Users/yunglong/Downloads/gurobi.lic
Academic license 2596424 - for non-commercial use only - registered to yu___@chalmers.se

Gurobi 12.0.0 (mac64[arm], gurobi_cl) logging started Fri Jun 13 15:13:13 2025

Set parameter WLSAccessID
Set parameter WLSSecret
Set parameter LicenseID to value 2596424
Set parameter LogFile to value "gurobi.log"
Using license file /Users/yunglong/Downloads/gurobi.lic
Academic license 2596424 - for non-commercial use only - registered to yu___@chalmers.se

Gurobi 12.0.0 (mac64[arm], gurobi_cl) logging started Fri Jun 13 15:13:25 2025

Set parameter WLSAccessID
Set parameter WLSSecret
Set parameter LicenseID to value 2596424
Set parameter LogFile to value "gurobi.log"
Using license file /Users/yunglong/Downloads/gurobi.lic
Academic license 2596424 - for non-commercial use only - registered to yu___@chalmers.se

Gurobi 12.0.0 (mac64[arm], gurobi_cl) logging started Fri Jun 13 15:14:05 2025

Set parameter WLSAccessID
Set parameter WLSSecret
Set parameter LicenseID to value 2596424
Set parameter LogFile to value "gurobi.log"
Using license file /Users/yunglong/Downloads/gurobi.lic
Academic license 2596424 - for non-commercial use only - registered to yu___@chalmers.se

Gurobi 12.0.0 (mac64[arm], gurobi_cl) logging started Fri Jun 13 15:14:18 2025

Set parameter WLSAccessID
Set parameter WLSSecret
Set parameter LicenseID to value 2596424
Set parameter LogFile to value "gurobi.log"
Using license file /Users/yunglong/Downloads/gurobi.lic
Academic license 2596424 - for non-commercial use only - registered to yu___@chalmers.se

Gurobi 12.0.0 (mac64[arm], gurobi_cl) logging started Fri Jun 13 15:36:16 2025

Set parameter WLSAccessID
Set parameter WLSSecret
Set parameter LicenseID to value 2596424
Set parameter LogFile to value "gurobi.log"
Using license file /Users/yunglong/Downloads/gurobi.lic
Academic license 2596424 - for non-commercial use only - registered to yu___@chalmers.se

Gurobi 12.0.0 (mac64[arm], gurobi_cl) logging started Fri Jun 13 15:36:57 2025

Set parameter WLSAccessID
Set parameter WLSSecret
Set parameter LicenseID to value 2596424
Set parameter LogFile to value "gurobi.log"
Using license file /Users/yunglong/Downloads/gurobi.lic
Academic license 2596424 - for non-commercial use only - registered to yu___@chalmers.se

Gurobi 12.0.0 (mac64[arm], gurobi_cl) logging started Fri Jun 13 15:37:10 2025

Set parameter WLSAccessID
Set parameter WLSSecret
Set parameter LicenseID to value 2596424
Set parameter LogFile to value "gurobi.log"
Using license file /Users/yunglong/Downloads/gurobi.lic
Academic license 2596424 - for non-commercial use only - registered to yu___@chalmers.se

Gurobi 12.0.0 (mac64[arm], gurobi_cl) logging started Fri Jun 13 15:40:32 2025

Set parameter WLSAccessID
Set parameter WLSSecret
Set parameter LicenseID to value 2596424
Set parameter LogFile to value "gurobi.log"
Using license file /Users/yunglong/Downloads/gurobi.lic
Academic license 2596424 - for non-commercial use only - registered to yu___@chalmers.se

Gurobi 12.0.0 (mac64[arm], gurobi_cl) logging started Fri Jun 13 15:40:46 2025

Set parameter WLSAccessID
Set parameter WLSSecret
Set parameter LicenseID to value 2596424
Set parameter LogFile to value "gurobi.log"
Using license file /Users/yunglong/Downloads/gurobi.lic
Academic license 2596424 - for non-commercial use only - registered to yu___@chalmers.se

Gurobi 12.0.0 (mac64[arm], gurobi_cl) logging started Fri Jun 13 18:18:20 2025

Set parameter WLSAccessID
Set parameter WLSSecret
Set parameter LicenseID to value 2596424
Set parameter LogFile to value "gurobi.log"
Using license file /Users/yunglong/Downloads/gurobi.lic
Academic license 2596424 - for non-commercial use only - registered to yu___@chalmers.se

Gurobi 12.0.0 (mac64[arm], gurobi_cl) logging started Fri Jun 13 18:18:40 2025

Set parameter WLSAccessID
Set parameter WLSSecret
Set parameter LicenseID to value 2596424
Set parameter LogFile to value "gurobi.log"
Using license file /Users/yunglong/Downloads/gurobi.lic
Academic license 2596424 - for non-commercial use only - registered to yu___@chalmers.se

Gurobi 12.0.0 (mac64[arm], gurobi_cl) logging started Fri Jun 13 18:20:00 2025

Set parameter WLSAccessID
Set parameter WLSSecret
Set parameter LicenseID to value 2596424
Set parameter LogFile to value "gurobi.log"
Using license file /Users/yunglong/Downloads/gurobi.lic
Academic license 2596424 - for non-commercial use only - registered to yu___@chalmers.se

Gurobi 12.0.0 (mac64[arm], gurobi_cl) logging started Fri Jun 13 18:20:20 2025

Set parameter WLSAccessID
Set parameter WLSSecret
Set parameter LicenseID to value 2596424
Set parameter LogFile to value "gurobi.log"
Using license file /Users/yunglong/Downloads/gurobi.lic
Academic license 2596424 - for non-commercial use only - registered to yu___@chalmers.se

Gurobi 12.0.0 (mac64[arm], gurobi_cl) logging started Fri Jun 13 19:56:31 2025

Set parameter WLSAccessID
Set parameter WLSSecret
Set parameter LicenseID to value 2596424
Set parameter LogFile to value "gurobi.log"
Using license file /Users/yunglong/Downloads/gurobi.lic
Academic license 2596424 - for non-commercial use only - registered to yu___@chalmers.se

Gurobi 12.0.0 (mac64[arm], gurobi_cl) logging started Fri Jun 13 19:56:52 2025

Set parameter WLSAccessID
Set parameter WLSSecret
Set parameter LicenseID to value 2596424
Set parameter LogFile to value "gurobi.log"
Using license file /Users/yunglong/Downloads/gurobi.lic
Academic license 2596424 - for non-commercial use only - registered to yu___@chalmers.se

Gurobi 12.0.0 (mac64[arm], gurobi_cl) logging started Fri Jun 13 19:59:26 2025

Set parameter WLSAccessID
Set parameter WLSSecret
Set parameter LicenseID to value 2596424
Set parameter LogFile to value "gurobi.log"
Using license file /Users/yunglong/Downloads/gurobi.lic
Academic license 2596424 - for non-commercial use only - registered to yu___@chalmers.se

Gurobi 12.0.0 (mac64[arm], gurobi_cl) logging started Fri Jun 13 19:59:45 2025

Set parameter WLSAccessID
Set parameter WLSSecret
Set parameter LicenseID to value 2596424
Set parameter LogFile to value "gurobi.log"
Using license file /Users/yunglong/Downloads/gurobi.lic
Academic license 2596424 - for non-commercial use only - registered to yu___@chalmers.se

Gurobi 12.0.0 (mac64[arm], gurobi_cl) logging started Sat Jun 14 08:35:09 2025

Set parameter WLSAccessID
Set parameter WLSSecret
Set parameter LicenseID to value 2596424
Set parameter LogFile to value "gurobi.log"
Using license file /Users/yunglong/Downloads/gurobi.lic
Academic license 2596424 - for non-commercial use only - registered to yu___@chalmers.se

Gurobi 12.0.0 (mac64[arm], gurobi_cl) logging started Sat Jun 14 08:35:29 2025

Set parameter WLSAccessID
Set parameter WLSSecret
Set parameter LicenseID to value 2596424
Set parameter LogFile to value "gurobi.log"
Using license file /Users/yunglong/Downloads/gurobi.lic
Academic license 2596424 - for non-commercial use only - registered to yu___@chalmers.se

Gurobi 12.0.0 (mac64[arm], gurobi_cl) logging started Sat Jun 14 08:39:10 2025

Set parameter WLSAccessID
Set parameter WLSSecret
Set parameter LicenseID to value 2596424
Set parameter LogFile to value "gurobi.log"
Using license file /Users/yunglong/Downloads/gurobi.lic
Academic license 2596424 - for non-commercial use only - registered to yu___@chalmers.se

Gurobi 12.0.0 (mac64[arm], gurobi_cl) logging started Sat Jun 14 08:51:04 2025

Set parameter WLSAccessID
Set parameter WLSSecret
Set parameter LicenseID to value 2596424
Set parameter LogFile to value "gurobi.log"
Using license file /Users/yunglong/Downloads/gurobi.lic
Academic license 2596424 - for non-commercial use only - registered to yu___@chalmers.se

Gurobi 12.0.0 (mac64[arm], gurobi_cl) logging started Sat Jun 14 09:04:16 2025

Set parameter WLSAccessID
Set parameter WLSSecret
Set parameter LicenseID to value 2596424
Set parameter LogFile to value "gurobi.log"
Using license file /Users/yunglong/Downloads/gurobi.lic
Academic license 2596424 - for non-commercial use only - registered to yu___@chalmers.se

Gurobi 12.0.0 (mac64[arm], gurobi_cl) logging started Sat Jun 14 09:05:07 2025

Set parameter WLSAccessID
Set parameter WLSSecret
Set parameter LicenseID to value 2596424
Set parameter LogFile to value "gurobi.log"
Using license file /Users/yunglong/Downloads/gurobi.lic
Academic license 2596424 - for non-commercial use only - registered to yu___@chalmers.se

Gurobi 12.0.0 (mac64[arm], gurobi_cl) logging started Sat Jun 14 09:06:02 2025

Set parameter WLSAccessID
Set parameter WLSSecret
Set parameter LicenseID to value 2596424
Set parameter LogFile to value "gurobi.log"
Using license file /Users/yunglong/Downloads/gurobi.lic
Academic license 2596424 - for non-commercial use only - registered to yu___@chalmers.se

Gurobi 12.0.0 (mac64[arm], gurobi_cl) logging started Sat Jun 14 09:19:32 2025

Set parameter WLSAccessID
Set parameter WLSSecret
Set parameter LicenseID to value 2596424
Set parameter LogFile to value "gurobi.log"
Using license file /Users/yunglong/Downloads/gurobi.lic
Academic license 2596424 - for non-commercial use only - registered to yu___@chalmers.se

Gurobi 12.0.0 (mac64[arm], gurobi_cl) logging started Sat Jun 14 09:25:32 2025

Set parameter WLSAccessID
Set parameter WLSSecret
Set parameter LicenseID to value 2596424
Set parameter LogFile to value "gurobi.log"
Using license file /Users/yunglong/Downloads/gurobi.lic
Academic license 2596424 - for non-commercial use only - registered to yu___@chalmers.se

Gurobi 12.0.0 (mac64[arm], gurobi_cl) logging started Sat Jun 14 09:25:44 2025

Set parameter WLSAccessID
Set parameter WLSSecret
Set parameter LicenseID to value 2596424
Set parameter LogFile to value "gurobi.log"
Using license file /Users/yunglong/Downloads/gurobi.lic
Academic license 2596424 - for non-commercial use only - registered to yu___@chalmers.se

Gurobi 12.0.0 (mac64[arm], gurobi_cl) logging started Sat Jun 14 23:20:53 2025

Set parameter WLSAccessID
Set parameter WLSSecret
Set parameter LicenseID to value 2596424
Set parameter LogFile to value "gurobi.log"
Using license file /Users/yunglong/Downloads/gurobi.lic
Academic license 2596424 - for non-commercial use only - registered to yu___@chalmers.se

Gurobi 12.0.0 (mac64[arm], gurobi_cl) logging started Sat Jun 14 23:21:30 2025

Set parameter WLSAccessID
Set parameter WLSSecret
Set parameter LicenseID to value 2596424
Set parameter LogFile to value "gurobi.log"
Using license file /Users/yunglong/Downloads/gurobi.lic
Academic license 2596424 - for non-commercial use only - registered to yu___@chalmers.se

Gurobi 12.0.0 (mac64[arm], gurobi_cl) logging started Sat Jun 14 23:26:40 2025

Set parameter WLSAccessID
Set parameter WLSSecret
Set parameter LicenseID to value 2596424
Set parameter LogFile to value "gurobi.log"
Using license file /Users/yunglong/Downloads/gurobi.lic
Academic license 2596424 - for non-commercial use only - registered to yu___@chalmers.se

Gurobi 12.0.0 (mac64[arm], gurobi_cl) logging started Sat Jun 14 23:36:07 2025

Set parameter WLSAccessID
Set parameter WLSSecret
Set parameter LicenseID to value 2596424
Set parameter LogFile to value "gurobi.log"
Using license file /Users/yunglong/Downloads/gurobi.lic
Academic license 2596424 - for non-commercial use only - registered to yu___@chalmers.se

Gurobi 12.0.0 (mac64[arm], gurobi_cl) logging started Sat Jun 14 23:45:33 2025

Set parameter WLSAccessID
Set parameter WLSSecret
Set parameter LicenseID to value 2596424
Set parameter LogFile to value "gurobi.log"
Using license file /Users/yunglong/Downloads/gurobi.lic
Academic license 2596424 - for non-commercial use only - registered to yu___@chalmers.se

Gurobi 12.0.0 (mac64[arm], gurobi_cl) logging started Sat Jun 14 23:45:53 2025

Set parameter WLSAccessID
Set parameter WLSSecret
Set parameter LicenseID to value 2596424
Set parameter LogFile to value "gurobi.log"
Using license file /Users/yunglong/Downloads/gurobi.lic
Academic license 2596424 - for non-commercial use only - registered to yu___@chalmers.se

Gurobi 12.0.0 (mac64[arm], gurobi_cl) logging started Sat Jun 14 23:51:23 2025

Set parameter WLSAccessID
Set parameter WLSSecret
Set parameter LicenseID to value 2596424
Set parameter LogFile to value "gurobi.log"
Using license file /Users/yunglong/Downloads/gurobi.lic
Academic license 2596424 - for non-commercial use only - registered to yu___@chalmers.se

Gurobi 12.0.0 (mac64[arm], gurobi_cl) logging started Sat Jun 14 23:51:43 2025

Set parameter WLSAccessID
Set parameter WLSSecret
Set parameter LicenseID to value 2596424
Set parameter LogFile to value "gurobi.log"
Using license file /Users/yunglong/Downloads/gurobi.lic
Academic license 2596424 - for non-commercial use only - registered to yu___@chalmers.se

Gurobi 12.0.0 (mac64[arm], gurobi_cl) logging started Sun Jun 15 07:43:46 2025

Set parameter WLSAccessID
Set parameter WLSSecret
Set parameter LicenseID to value 2596424
Set parameter LogFile to value "gurobi.log"
Using license file /Users/yunglong/Downloads/gurobi.lic
Academic license 2596424 - for non-commercial use only - registered to yu___@chalmers.se

Gurobi 12.0.0 (mac64[arm], gurobi_cl) logging started Sun Jun 15 07:44:00 2025

Set parameter WLSAccessID
Set parameter WLSSecret
Set parameter LicenseID to value 2596424
Set parameter LogFile to value "gurobi.log"
Using license file /Users/yunglong/Downloads/gurobi.lic
Academic license 2596424 - for non-commercial use only - registered to yu___@chalmers.se

Gurobi 12.0.0 (mac64[arm], gurobi_cl) logging started Sun Jun 15 08:01:31 2025

Set parameter WLSAccessID
Set parameter WLSSecret
Set parameter LicenseID to value 2596424
Set parameter LogFile to value "gurobi.log"
Using license file /Users/yunglong/Downloads/gurobi.lic
Academic license 2596424 - for non-commercial use only - registered to yu___@chalmers.se

Gurobi 12.0.0 (mac64[arm], gurobi_cl) logging started Sun Jun 15 08:13:48 2025

Set parameter WLSAccessID
Set parameter WLSSecret
Set parameter LicenseID to value 2596424
Set parameter LogFile to value "gurobi.log"
Using license file /Users/yunglong/Downloads/gurobi.lic
Academic license 2596424 - for non-commercial use only - registered to yu___@chalmers.se

Gurobi 12.0.0 (mac64[arm], gurobi_cl) logging started Sun Jun 15 08:14:51 2025

Set parameter WLSAccessID
Set parameter WLSSecret
Set parameter LicenseID to value 2596424
Set parameter LogFile to value "gurobi.log"
Using license file /Users/yunglong/Downloads/gurobi.lic
Academic license 2596424 - for non-commercial use only - registered to yu___@chalmers.se

Gurobi 12.0.0 (mac64[arm], gurobi_cl) logging started Sun Jun 15 08:16:44 2025

Set parameter WLSAccessID
Set parameter WLSSecret
Set parameter LicenseID to value 2596424
Set parameter LogFile to value "gurobi.log"
Using license file /Users/yunglong/Downloads/gurobi.lic
Academic license 2596424 - for non-commercial use only - registered to yu___@chalmers.se

Gurobi 12.0.0 (mac64[arm], gurobi_cl) logging started Sun Jun 15 08:17:06 2025

Set parameter WLSAccessID
Set parameter WLSSecret
Set parameter LicenseID to value 2596424
Set parameter LogFile to value "gurobi.log"
Using license file /Users/yunglong/Downloads/gurobi.lic
Academic license 2596424 - for non-commercial use only - registered to yu___@chalmers.se

Gurobi 12.0.0 (mac64[arm], gurobi_cl) logging started Sun Jun 15 09:08:20 2025

Set parameter WLSAccessID
Set parameter WLSSecret
Set parameter LicenseID to value 2596424
Set parameter LogFile to value "gurobi.log"
Using license file /Users/yunglong/Downloads/gurobi.lic
Academic license 2596424 - for non-commercial use only - registered to yu___@chalmers.se

Gurobi 12.0.0 (mac64[arm], gurobi_cl) logging started Sun Jun 15 09:08:34 2025

Set parameter WLSAccessID
Set parameter WLSSecret
Set parameter LicenseID to value 2596424
Set parameter LogFile to value "gurobi.log"
Using license file /Users/yunglong/Downloads/gurobi.lic
Academic license 2596424 - for non-commercial use only - registered to yu___@chalmers.se

Gurobi 12.0.0 (mac64[arm], gurobi_cl) logging started Sun Jun 15 10:10:37 2025

Set parameter WLSAccessID
Set parameter WLSSecret
Set parameter LicenseID to value 2596424
Set parameter LogFile to value "gurobi.log"
Using license file /Users/yunglong/Downloads/gurobi.lic
Academic license 2596424 - for non-commercial use only - registered to yu___@chalmers.se

Gurobi 12.0.0 (mac64[arm], gurobi_cl) logging started Sun Jun 15 10:10:54 2025

Set parameter WLSAccessID
Set parameter WLSSecret
Set parameter LicenseID to value 2596424
Set parameter LogFile to value "gurobi.log"
Using license file /Users/yunglong/Downloads/gurobi.lic
Academic license 2596424 - for non-commercial use only - registered to yu___@chalmers.se

Gurobi 12.0.0 (mac64[arm], gurobi_cl) logging started Sun Jun 15 10:12:54 2025

Set parameter WLSAccessID
Set parameter WLSSecret
Set parameter LicenseID to value 2596424
Set parameter LogFile to value "gurobi.log"
Using license file /Users/yunglong/Downloads/gurobi.lic
Academic license 2596424 - for non-commercial use only - registered to yu___@chalmers.se

Gurobi 12.0.0 (mac64[arm], gurobi_cl) logging started Sun Jun 15 10:15:10 2025

Set parameter WLSAccessID
Set parameter WLSSecret
Set parameter LicenseID to value 2596424
Set parameter LogFile to value "gurobi.log"
Using license file /Users/yunglong/Downloads/gurobi.lic
Academic license 2596424 - for non-commercial use only - registered to yu___@chalmers.se

Gurobi 12.0.0 (mac64[arm], gurobi_cl) logging started Sun Jun 15 10:17:20 2025

Set parameter WLSAccessID
Set parameter WLSSecret
Set parameter LicenseID to value 2596424
Set parameter LogFile to value "gurobi.log"
Using license file /Users/yunglong/Downloads/gurobi.lic
Academic license 2596424 - for non-commercial use only - registered to yu___@chalmers.se

Gurobi 12.0.0 (mac64[arm], gurobi_cl) logging started Sun Jun 15 10:21:06 2025

Set parameter WLSAccessID
Set parameter WLSSecret
Set parameter LicenseID to value 2596424
Set parameter LogFile to value "gurobi.log"
Using license file /Users/yunglong/Downloads/gurobi.lic
Academic license 2596424 - for non-commercial use only - registered to yu___@chalmers.se

Gurobi 12.0.0 (mac64[arm], gurobi_cl) logging started Sun Jun 15 11:16:06 2025

Set parameter WLSAccessID
Set parameter WLSSecret
Set parameter LicenseID to value 2596424
Set parameter LogFile to value "gurobi.log"
Using license file /Users/yunglong/Downloads/gurobi.lic

Gurobi 12.0.0 (mac64[arm], gurobi_cl) logging started Sun Jun 15 11:16:21 2025

Set parameter WLSAccessID
Set parameter WLSSecret
Set parameter LicenseID to value 2596424
Set parameter LogFile to value "gurobi.log"
Using license file /Users/yunglong/Downloads/gurobi.lic

Gurobi 12.0.0 (mac64[arm], gurobi_cl) logging started Sun Jun 15 12:54:48 2025

Set parameter WLSAccessID
Set parameter WLSSecret
Set parameter LicenseID to value 2596424
Set parameter LogFile to value "gurobi.log"
Using license file /Users/yunglong/Downloads/gurobi.lic
Academic license 2596424 - for non-commercial use only - registered to yu___@chalmers.se

Gurobi 12.0.0 (mac64[arm], gurobi_cl) logging started Sun Jun 15 12:54:57 2025

Set parameter WLSAccessID
Set parameter WLSSecret
Set parameter LicenseID to value 2596424
Set parameter LogFile to value "gurobi.log"
Using license file /Users/yunglong/Downloads/gurobi.lic
Academic license 2596424 - for non-commercial use only - registered to yu___@chalmers.se

Gurobi 12.0.0 (mac64[arm], gurobi_cl) logging started Sun Jun 15 13:06:58 2025

Set parameter WLSAccessID
Set parameter WLSSecret
Set parameter LicenseID to value 2596424
Set parameter LogFile to value "gurobi.log"
Using license file /Users/yunglong/Downloads/gurobi.lic
Academic license 2596424 - for non-commercial use only - registered to yu___@chalmers.se

Gurobi 12.0.0 (mac64[arm], gurobi_cl) logging started Sun Jun 15 13:07:07 2025

Set parameter WLSAccessID
Set parameter WLSSecret
Set parameter LicenseID to value 2596424
Set parameter LogFile to value "gurobi.log"
Using license file /Users/yunglong/Downloads/gurobi.lic
Academic license 2596424 - for non-commercial use only - registered to yu___@chalmers.se

Gurobi 12.0.0 (mac64[arm], gurobi_cl) logging started Sun Jun 15 13:12:38 2025

Set parameter WLSAccessID
Set parameter WLSSecret
Set parameter LicenseID to value 2596424
Set parameter LogFile to value "gurobi.log"
Using license file /Users/yunglong/Downloads/gurobi.lic
Academic license 2596424 - for non-commercial use only - registered to yu___@chalmers.se

Gurobi 12.0.0 (mac64[arm], gurobi_cl) logging started Sun Jun 15 13:12:51 2025

Set parameter WLSAccessID
Set parameter WLSSecret
Set parameter LicenseID to value 2596424
Set parameter LogFile to value "gurobi.log"
Using license file /Users/yunglong/Downloads/gurobi.lic
Academic license 2596424 - for non-commercial use only - registered to yu___@chalmers.se

Gurobi 12.0.0 (mac64[arm], gurobi_cl) logging started Sun Jun 15 13:18:37 2025

Set parameter WLSAccessID
Set parameter WLSSecret
Set parameter LicenseID to value 2596424
Set parameter LogFile to value "gurobi.log"
Using license file /Users/yunglong/Downloads/gurobi.lic
Academic license 2596424 - for non-commercial use only - registered to yu___@chalmers.se

Gurobi 12.0.0 (mac64[arm], gurobi_cl) logging started Sun Jun 15 13:18:50 2025

Set parameter WLSAccessID
Set parameter WLSSecret
Set parameter LicenseID to value 2596424
Set parameter LogFile to value "gurobi.log"
Using license file /Users/yunglong/Downloads/gurobi.lic
Academic license 2596424 - for non-commercial use only - registered to yu___@chalmers.se

Gurobi 12.0.0 (mac64[arm], gurobi_cl) logging started Sun Jun 15 13:24:11 2025

Set parameter WLSAccessID
Set parameter WLSSecret
Set parameter LicenseID to value 2596424
Set parameter LogFile to value "gurobi.log"
Using license file /Users/yunglong/Downloads/gurobi.lic
Academic license 2596424 - for non-commercial use only - registered to yu___@chalmers.se

Gurobi 12.0.0 (mac64[arm], gurobi_cl) logging started Sun Jun 15 13:24:24 2025

Set parameter WLSAccessID
Set parameter WLSSecret
Set parameter LicenseID to value 2596424
Set parameter LogFile to value "gurobi.log"
Using license file /Users/yunglong/Downloads/gurobi.lic
Academic license 2596424 - for non-commercial use only - registered to yu___@chalmers.se

Gurobi 12.0.0 (mac64[arm], gurobi_cl) logging started Sun Jun 15 13:49:20 2025

Set parameter WLSAccessID
Set parameter WLSSecret
Set parameter LicenseID to value 2596424
Set parameter LogFile to value "gurobi.log"
Using license file /Users/yunglong/Downloads/gurobi.lic
Academic license 2596424 - for non-commercial use only - registered to yu___@chalmers.se

Gurobi 12.0.0 (mac64[arm], gurobi_cl) logging started Sun Jun 15 13:49:28 2025

Set parameter WLSAccessID
Set parameter WLSSecret
Set parameter LicenseID to value 2596424
Set parameter LogFile to value "gurobi.log"
Using license file /Users/yunglong/Downloads/gurobi.lic
Academic license 2596424 - for non-commercial use only - registered to yu___@chalmers.se

Gurobi 12.0.0 (mac64[arm], gurobi_cl) logging started Sun Jun 15 15:39:16 2025

Set parameter WLSAccessID
Set parameter WLSSecret
Set parameter LicenseID to value 2596424
Set parameter LogFile to value "gurobi.log"
Using license file /Users/yunglong/Downloads/gurobi.lic
Academic license 2596424 - for non-commercial use only - registered to yu___@chalmers.se

Gurobi 12.0.0 (mac64[arm], gurobi_cl) logging started Sun Jun 15 15:39:24 2025

Set parameter WLSAccessID
Set parameter WLSSecret
Set parameter LicenseID to value 2596424
Set parameter LogFile to value "gurobi.log"
Using license file /Users/yunglong/Downloads/gurobi.lic
Academic license 2596424 - for non-commercial use only - registered to yu___@chalmers.se

Gurobi 12.0.0 (mac64[arm], gurobi_cl) logging started Sun Jun 15 15:41:07 2025

Set parameter WLSAccessID
Set parameter WLSSecret
Set parameter LicenseID to value 2596424
Set parameter LogFile to value "gurobi.log"
Using license file /Users/yunglong/Downloads/gurobi.lic
Academic license 2596424 - for non-commercial use only - registered to yu___@chalmers.se

Gurobi 12.0.0 (mac64[arm], gurobi_cl) logging started Sun Jun 15 15:43:01 2025

Set parameter WLSAccessID
Set parameter WLSSecret
Set parameter LicenseID to value 2596424
Set parameter LogFile to value "gurobi.log"
Using license file /Users/yunglong/Downloads/gurobi.lic
Academic license 2596424 - for non-commercial use only - registered to yu___@chalmers.se

Gurobi 12.0.0 (mac64[arm], gurobi_cl) logging started Sun Jun 15 15:45:18 2025

Set parameter WLSAccessID
Set parameter WLSSecret
Set parameter LicenseID to value 2596424
Set parameter LogFile to value "gurobi.log"
Using license file /Users/yunglong/Downloads/gurobi.lic
Academic license 2596424 - for non-commercial use only - registered to yu___@chalmers.se

Gurobi 12.0.0 (mac64[arm], gurobi_cl) logging started Sun Jun 15 15:47:25 2025

Set parameter WLSAccessID
Set parameter WLSSecret
Set parameter LicenseID to value 2596424
Set parameter LogFile to value "gurobi.log"
Using license file /Users/yunglong/Downloads/gurobi.lic
Academic license 2596424 - for non-commercial use only - registered to yu___@chalmers.se

Gurobi 12.0.0 (mac64[arm], gurobi_cl) logging started Sun Jun 15 15:50:09 2025

Set parameter WLSAccessID
Set parameter WLSSecret
Set parameter LicenseID to value 2596424
Set parameter LogFile to value "gurobi.log"
Using license file /Users/yunglong/Downloads/gurobi.lic
Academic license 2596424 - for non-commercial use only - registered to yu___@chalmers.se

Gurobi 12.0.0 (mac64[arm], gurobi_cl) logging started Sun Jun 15 16:28:24 2025

Set parameter WLSAccessID
Set parameter WLSSecret
Set parameter LicenseID to value 2596424
Set parameter LogFile to value "gurobi.log"
Using license file /Users/yunglong/Downloads/gurobi.lic
Academic license 2596424 - for non-commercial use only - registered to yu___@chalmers.se

Gurobi 12.0.0 (mac64[arm], gurobi_cl) logging started Sun Jun 15 16:28:42 2025

Set parameter WLSAccessID
Set parameter WLSSecret
Set parameter LicenseID to value 2596424
Set parameter LogFile to value "gurobi.log"
Using license file /Users/yunglong/Downloads/gurobi.lic
Academic license 2596424 - for non-commercial use only - registered to yu___@chalmers.se

Gurobi 12.0.0 (mac64[arm], gurobi_cl) logging started Sun Jun 15 16:30:25 2025

Set parameter WLSAccessID
Set parameter WLSSecret
Set parameter LicenseID to value 2596424
Set parameter LogFile to value "gurobi.log"
Using license file /Users/yunglong/Downloads/gurobi.lic
Academic license 2596424 - for non-commercial use only - registered to yu___@chalmers.se

Gurobi 12.0.0 (mac64[arm], gurobi_cl) logging started Sun Jun 15 16:32:19 2025

Set parameter WLSAccessID
Set parameter WLSSecret
Set parameter LicenseID to value 2596424
Set parameter LogFile to value "gurobi.log"
Using license file /Users/yunglong/Downloads/gurobi.lic
Academic license 2596424 - for non-commercial use only - registered to yu___@chalmers.se

Gurobi 12.0.0 (mac64[arm], gurobi_cl) logging started Sun Jun 15 16:34:27 2025

Set parameter WLSAccessID
Set parameter WLSSecret
Set parameter LicenseID to value 2596424
Set parameter LogFile to value "gurobi.log"
Using license file /Users/yunglong/Downloads/gurobi.lic
Academic license 2596424 - for non-commercial use only - registered to yu___@chalmers.se

Gurobi 12.0.0 (mac64[arm], gurobi_cl) logging started Sun Jun 15 16:36:27 2025

Set parameter WLSAccessID
Set parameter WLSSecret
Set parameter LicenseID to value 2596424
Set parameter LogFile to value "gurobi.log"
Using license file /Users/yunglong/Downloads/gurobi.lic
Academic license 2596424 - for non-commercial use only - registered to yu___@chalmers.se

Gurobi 12.0.0 (mac64[arm], gurobi_cl) logging started Sun Jun 15 16:40:39 2025

Set parameter WLSAccessID
Set parameter WLSSecret
Set parameter LicenseID to value 2596424
Set parameter LogFile to value "gurobi.log"
Using license file /Users/yunglong/Downloads/gurobi.lic
Academic license 2596424 - for non-commercial use only - registered to yu___@chalmers.se

Gurobi 12.0.0 (mac64[arm], gurobi_cl) logging started Sun Jun 15 19:41:23 2025

Set parameter WLSAccessID
Set parameter WLSSecret
Set parameter LicenseID to value 2596424
Set parameter LogFile to value "gurobi.log"
Using license file /Users/yunglong/Downloads/gurobi.lic
Academic license 2596424 - for non-commercial use only - registered to yu___@chalmers.se

Gurobi 12.0.0 (mac64[arm], gurobi_cl) logging started Sun Jun 15 19:41:43 2025

Set parameter WLSAccessID
Set parameter WLSSecret
Set parameter LicenseID to value 2596424
Set parameter LogFile to value "gurobi.log"
Using license file /Users/yunglong/Downloads/gurobi.lic
Academic license 2596424 - for non-commercial use only - registered to yu___@chalmers.se

Gurobi 12.0.0 (mac64[arm], gurobi_cl) logging started Sun Jun 15 19:43:44 2025

Set parameter WLSAccessID
Set parameter WLSSecret
Set parameter LicenseID to value 2596424
Set parameter LogFile to value "gurobi.log"
Using license file /Users/yunglong/Downloads/gurobi.lic
Academic license 2596424 - for non-commercial use only - registered to yu___@chalmers.se

Gurobi 12.0.0 (mac64[arm], gurobi_cl) logging started Sun Jun 15 19:44:04 2025

Set parameter WLSAccessID
Set parameter WLSSecret
Set parameter LicenseID to value 2596424
Set parameter LogFile to value "gurobi.log"
Using license file /Users/yunglong/Downloads/gurobi.lic
Academic license 2596424 - for non-commercial use only - registered to yu___@chalmers.se

Gurobi 12.0.0 (mac64[arm], gurobi_cl) logging started Sun Jun 15 19:48:23 2025

Set parameter WLSAccessID
Set parameter WLSSecret
Set parameter LicenseID to value 2596424
Set parameter LogFile to value "gurobi.log"
Using license file /Users/yunglong/Downloads/gurobi.lic
Academic license 2596424 - for non-commercial use only - registered to yu___@chalmers.se

Gurobi 12.0.0 (mac64[arm], gurobi_cl) logging started Sun Jun 15 19:48:42 2025

Set parameter WLSAccessID
Set parameter WLSSecret
Set parameter LicenseID to value 2596424
Set parameter LogFile to value "gurobi.log"
Using license file /Users/yunglong/Downloads/gurobi.lic
Academic license 2596424 - for non-commercial use only - registered to yu___@chalmers.se

Gurobi 12.0.0 (mac64[arm], gurobi_cl) logging started Sun Jun 15 20:14:48 2025

Set parameter WLSAccessID
Set parameter WLSSecret
Set parameter LicenseID to value 2596424
Set parameter LogFile to value "gurobi.log"
Using license file /Users/yunglong/Downloads/gurobi.lic
Academic license 2596424 - for non-commercial use only - registered to yu___@chalmers.se

Gurobi 12.0.0 (mac64[arm], gurobi_cl) logging started Sun Jun 15 20:15:08 2025

Set parameter WLSAccessID
Set parameter WLSSecret
Set parameter LicenseID to value 2596424
Set parameter LogFile to value "gurobi.log"
Using license file /Users/yunglong/Downloads/gurobi.lic
Academic license 2596424 - for non-commercial use only - registered to yu___@chalmers.se

Gurobi 12.0.0 (mac64[arm], gurobi_cl) logging started Sun Jun 15 20:30:17 2025

Set parameter WLSAccessID
Set parameter WLSSecret
Set parameter LicenseID to value 2596424
Set parameter LogFile to value "gurobi.log"
Using license file /Users/yunglong/Downloads/gurobi.lic
Academic license 2596424 - for non-commercial use only - registered to yu___@chalmers.se

Gurobi 12.0.0 (mac64[arm], gurobi_cl) logging started Sun Jun 15 20:30:38 2025

Set parameter WLSAccessID
Set parameter WLSSecret
Set parameter LicenseID to value 2596424
Set parameter LogFile to value "gurobi.log"
Using license file /Users/yunglong/Downloads/gurobi.lic
Academic license 2596424 - for non-commercial use only - registered to yu___@chalmers.se

Gurobi 12.0.0 (mac64[arm], gurobi_cl) logging started Sun Jun 15 20:31:35 2025

Set parameter WLSAccessID
Set parameter WLSSecret
Set parameter LicenseID to value 2596424
Set parameter LogFile to value "gurobi.log"
Using license file /Users/yunglong/Downloads/gurobi.lic
Academic license 2596424 - for non-commercial use only - registered to yu___@chalmers.se

Gurobi 12.0.0 (mac64[arm], gurobi_cl) logging started Sun Jun 15 20:31:56 2025

Set parameter WLSAccessID
Set parameter WLSSecret
Set parameter LicenseID to value 2596424
Set parameter LogFile to value "gurobi.log"
Using license file /Users/yunglong/Downloads/gurobi.lic
Academic license 2596424 - for non-commercial use only - registered to yu___@chalmers.se

Gurobi 12.0.0 (mac64[arm], gurobi_cl) logging started Sun Jun 15 20:33:26 2025

Set parameter WLSAccessID
Set parameter WLSSecret
Set parameter LicenseID to value 2596424
Set parameter LogFile to value "gurobi.log"
Using license file /Users/yunglong/Downloads/gurobi.lic
Academic license 2596424 - for non-commercial use only - registered to yu___@chalmers.se

Gurobi 12.0.0 (mac64[arm], gurobi_cl) logging started Sun Jun 15 20:33:45 2025

Set parameter WLSAccessID
Set parameter WLSSecret
Set parameter LicenseID to value 2596424
Set parameter LogFile to value "gurobi.log"
Using license file /Users/yunglong/Downloads/gurobi.lic
Academic license 2596424 - for non-commercial use only - registered to yu___@chalmers.se

Gurobi 12.0.0 (mac64[arm], gurobi_cl) logging started Sun Jun 15 20:51:21 2025

Set parameter WLSAccessID
Set parameter WLSSecret
Set parameter LicenseID to value 2596424
Set parameter LogFile to value "gurobi.log"
Using license file /Users/yunglong/Downloads/gurobi.lic
Academic license 2596424 - for non-commercial use only - registered to yu___@chalmers.se

Gurobi 12.0.0 (mac64[arm], gurobi_cl) logging started Sun Jun 15 20:51:43 2025

Set parameter WLSAccessID
Set parameter WLSSecret
Set parameter LicenseID to value 2596424
Set parameter LogFile to value "gurobi.log"
Using license file /Users/yunglong/Downloads/gurobi.lic
Academic license 2596424 - for non-commercial use only - registered to yu___@chalmers.se

Gurobi 12.0.0 (mac64[arm], gurobi_cl) logging started Sun Jun 15 20:52:42 2025

Set parameter WLSAccessID
Set parameter WLSSecret
Set parameter LicenseID to value 2596424
Set parameter LogFile to value "gurobi.log"
Using license file /Users/yunglong/Downloads/gurobi.lic
Academic license 2596424 - for non-commercial use only - registered to yu___@chalmers.se

Gurobi 12.0.0 (mac64[arm], gurobi_cl) logging started Sun Jun 15 20:53:02 2025

Set parameter WLSAccessID
Set parameter WLSSecret
Set parameter LicenseID to value 2596424
Set parameter LogFile to value "gurobi.log"
Using license file /Users/yunglong/Downloads/gurobi.lic
Academic license 2596424 - for non-commercial use only - registered to yu___@chalmers.se

Gurobi 12.0.0 (mac64[arm], gurobi_cl) logging started Sun Jun 15 20:53:40 2025

Set parameter WLSAccessID
Set parameter WLSSecret
Set parameter LicenseID to value 2596424
Set parameter LogFile to value "gurobi.log"
Using license file /Users/yunglong/Downloads/gurobi.lic
Academic license 2596424 - for non-commercial use only - registered to yu___@chalmers.se

Gurobi 12.0.0 (mac64[arm], gurobi_cl) logging started Sun Jun 15 20:54:02 2025

Set parameter WLSAccessID
Set parameter WLSSecret
Set parameter LicenseID to value 2596424
Set parameter LogFile to value "gurobi.log"
Using license file /Users/yunglong/Downloads/gurobi.lic
Academic license 2596424 - for non-commercial use only - registered to yu___@chalmers.se

Gurobi 12.0.0 (mac64[arm], gurobi_cl) logging started Sun Jun 15 20:54:28 2025

Set parameter WLSAccessID
Set parameter WLSSecret
Set parameter LicenseID to value 2596424
Set parameter LogFile to value "gurobi.log"
Using license file /Users/yunglong/Downloads/gurobi.lic
Academic license 2596424 - for non-commercial use only - registered to yu___@chalmers.se

Gurobi 12.0.0 (mac64[arm], gurobi_cl) logging started Sun Jun 15 20:54:47 2025

Set parameter WLSAccessID
Set parameter WLSSecret
Set parameter LicenseID to value 2596424
Set parameter LogFile to value "gurobi.log"
Using license file /Users/yunglong/Downloads/gurobi.lic
Academic license 2596424 - for non-commercial use only - registered to yu___@chalmers.se

Gurobi 12.0.0 (mac64[arm], gurobi_cl) logging started Sun Jun 15 20:55:13 2025

Set parameter WLSAccessID
Set parameter WLSSecret
Set parameter LicenseID to value 2596424
Set parameter LogFile to value "gurobi.log"
Using license file /Users/yunglong/Downloads/gurobi.lic
Academic license 2596424 - for non-commercial use only - registered to yu___@chalmers.se

Gurobi 12.0.0 (mac64[arm], gurobi_cl) logging started Sun Jun 15 20:55:32 2025

Set parameter WLSAccessID
Set parameter WLSSecret
Set parameter LicenseID to value 2596424
Set parameter LogFile to value "gurobi.log"
Using license file /Users/yunglong/Downloads/gurobi.lic
Academic license 2596424 - for non-commercial use only - registered to yu___@chalmers.se

Gurobi 12.0.0 (mac64[arm], gurobi_cl) logging started Sun Jun 15 20:56:11 2025

Set parameter WLSAccessID
Set parameter WLSSecret
Set parameter LicenseID to value 2596424
Set parameter LogFile to value "gurobi.log"
Using license file /Users/yunglong/Downloads/gurobi.lic
Academic license 2596424 - for non-commercial use only - registered to yu___@chalmers.se

Gurobi 12.0.0 (mac64[arm], gurobi_cl) logging started Sun Jun 15 20:56:30 2025

Set parameter WLSAccessID
Set parameter WLSSecret
Set parameter LicenseID to value 2596424
Set parameter LogFile to value "gurobi.log"
Using license file /Users/yunglong/Downloads/gurobi.lic
Academic license 2596424 - for non-commercial use only - registered to yu___@chalmers.se

Gurobi 12.0.0 (mac64[arm], gurobi_cl) logging started Sun Jun 15 21:01:20 2025

Set parameter WLSAccessID
Set parameter WLSSecret
Set parameter LicenseID to value 2596424
Set parameter LogFile to value "gurobi.log"
Using license file /Users/yunglong/Downloads/gurobi.lic
Academic license 2596424 - for non-commercial use only - registered to yu___@chalmers.se

Gurobi 12.0.0 (mac64[arm], gurobi_cl) logging started Sun Jun 15 21:01:39 2025

Set parameter WLSAccessID
Set parameter WLSSecret
Set parameter LicenseID to value 2596424
Set parameter LogFile to value "gurobi.log"
Using license file /Users/yunglong/Downloads/gurobi.lic
Academic license 2596424 - for non-commercial use only - registered to yu___@chalmers.se

Gurobi 12.0.0 (mac64[arm], gurobi_cl) logging started Sun Jun 15 21:04:55 2025

Set parameter WLSAccessID
Set parameter WLSSecret
Set parameter LicenseID to value 2596424
Set parameter LogFile to value "gurobi.log"
Using license file /Users/yunglong/Downloads/gurobi.lic
Academic license 2596424 - for non-commercial use only - registered to yu___@chalmers.se

Gurobi 12.0.0 (mac64[arm], gurobi_cl) logging started Sun Jun 15 21:05:15 2025

Set parameter WLSAccessID
Set parameter WLSSecret
Set parameter LicenseID to value 2596424
Set parameter LogFile to value "gurobi.log"
Using license file /Users/yunglong/Downloads/gurobi.lic
Academic license 2596424 - for non-commercial use only - registered to yu___@chalmers.se

Gurobi 12.0.0 (mac64[arm], gurobi_cl) logging started Sun Jun 15 21:08:24 2025

Set parameter WLSAccessID
Set parameter WLSSecret
Set parameter LicenseID to value 2596424
Set parameter LogFile to value "gurobi.log"
Using license file /Users/yunglong/Downloads/gurobi.lic
Academic license 2596424 - for non-commercial use only - registered to yu___@chalmers.se

Gurobi 12.0.0 (mac64[arm], gurobi_cl) logging started Sun Jun 15 21:08:44 2025

Set parameter WLSAccessID
Set parameter WLSSecret
Set parameter LicenseID to value 2596424
Set parameter LogFile to value "gurobi.log"
Using license file /Users/yunglong/Downloads/gurobi.lic
Academic license 2596424 - for non-commercial use only - registered to yu___@chalmers.se

Gurobi 12.0.0 (mac64[arm], gurobi_cl) logging started Sun Jun 15 21:11:53 2025

Set parameter WLSAccessID
Set parameter WLSSecret
Set parameter LicenseID to value 2596424
Set parameter LogFile to value "gurobi.log"
Using license file /Users/yunglong/Downloads/gurobi.lic
Academic license 2596424 - for non-commercial use only - registered to yu___@chalmers.se

Gurobi 12.0.0 (mac64[arm], gurobi_cl) logging started Sun Jun 15 21:12:14 2025

Set parameter WLSAccessID
Set parameter WLSSecret
Set parameter LicenseID to value 2596424
Set parameter LogFile to value "gurobi.log"
Using license file /Users/yunglong/Downloads/gurobi.lic
Academic license 2596424 - for non-commercial use only - registered to yu___@chalmers.se

Gurobi 12.0.0 (mac64[arm], gurobi_cl) logging started Sun Jun 15 21:15:42 2025

Set parameter WLSAccessID
Set parameter WLSSecret
Set parameter LicenseID to value 2596424
Set parameter LogFile to value "gurobi.log"
Using license file /Users/yunglong/Downloads/gurobi.lic
Academic license 2596424 - for non-commercial use only - registered to yu___@chalmers.se

Gurobi 12.0.0 (mac64[arm], gurobi_cl) logging started Sun Jun 15 21:16:02 2025

Set parameter WLSAccessID
Set parameter WLSSecret
Set parameter LicenseID to value 2596424
Set parameter LogFile to value "gurobi.log"
Using license file /Users/yunglong/Downloads/gurobi.lic
Academic license 2596424 - for non-commercial use only - registered to yu___@chalmers.se

Gurobi 12.0.0 (mac64[arm], gurobi_cl) logging started Sun Jun 15 21:21:52 2025

Set parameter WLSAccessID
Set parameter WLSSecret
Set parameter LicenseID to value 2596424
Set parameter LogFile to value "gurobi.log"
Using license file /Users/yunglong/Downloads/gurobi.lic
Academic license 2596424 - for non-commercial use only - registered to yu___@chalmers.se

Gurobi 12.0.0 (mac64[arm], gurobi_cl) logging started Sun Jun 15 21:22:12 2025

Set parameter WLSAccessID
Set parameter WLSSecret
Set parameter LicenseID to value 2596424
Set parameter LogFile to value "gurobi.log"
Using license file /Users/yunglong/Downloads/gurobi.lic
Academic license 2596424 - for non-commercial use only - registered to yu___@chalmers.se

Gurobi 12.0.0 (mac64[arm], gurobi_cl) logging started Sun Jun 15 21:26:08 2025

Set parameter WLSAccessID
Set parameter WLSSecret
Set parameter LicenseID to value 2596424
Set parameter LogFile to value "gurobi.log"
Using license file /Users/yunglong/Downloads/gurobi.lic
Academic license 2596424 - for non-commercial use only - registered to yu___@chalmers.se

Gurobi 12.0.0 (mac64[arm], gurobi_cl) logging started Sun Jun 15 21:26:30 2025

Set parameter WLSAccessID
Set parameter WLSSecret
Set parameter LicenseID to value 2596424
Set parameter LogFile to value "gurobi.log"
Using license file /Users/yunglong/Downloads/gurobi.lic
Academic license 2596424 - for non-commercial use only - registered to yu___@chalmers.se

Gurobi 12.0.0 (mac64[arm], gurobi_cl) logging started Sun Jun 15 21:31:36 2025

Set parameter WLSAccessID
Set parameter WLSSecret
Set parameter LicenseID to value 2596424
Set parameter LogFile to value "gurobi.log"
Using license file /Users/yunglong/Downloads/gurobi.lic
Academic license 2596424 - for non-commercial use only - registered to yu___@chalmers.se

Gurobi 12.0.0 (mac64[arm], gurobi_cl) logging started Sun Jun 15 21:31:57 2025

Set parameter WLSAccessID
Set parameter WLSSecret
Set parameter LicenseID to value 2596424
Set parameter LogFile to value "gurobi.log"
Using license file /Users/yunglong/Downloads/gurobi.lic
Academic license 2596424 - for non-commercial use only - registered to yu___@chalmers.se

Gurobi 12.0.0 (mac64[arm], gurobi_cl) logging started Sun Jun 15 21:34:58 2025

Set parameter WLSAccessID
Set parameter WLSSecret
Set parameter LicenseID to value 2596424
Set parameter LogFile to value "gurobi.log"
Using license file /Users/yunglong/Downloads/gurobi.lic
Academic license 2596424 - for non-commercial use only - registered to yu___@chalmers.se

Gurobi 12.0.0 (mac64[arm], gurobi_cl) logging started Sun Jun 15 21:35:18 2025

Set parameter WLSAccessID
Set parameter WLSSecret
Set parameter LicenseID to value 2596424
Set parameter LogFile to value "gurobi.log"
Using license file /Users/yunglong/Downloads/gurobi.lic
Academic license 2596424 - for non-commercial use only - registered to yu___@chalmers.se

Gurobi 12.0.0 (mac64[arm], gurobi_cl) logging started Sun Jun 15 21:37:45 2025

Set parameter WLSAccessID
Set parameter WLSSecret
Set parameter LicenseID to value 2596424
Set parameter LogFile to value "gurobi.log"
Using license file /Users/yunglong/Downloads/gurobi.lic
Academic license 2596424 - for non-commercial use only - registered to yu___@chalmers.se

Gurobi 12.0.0 (mac64[arm], gurobi_cl) logging started Sun Jun 15 21:38:05 2025

Set parameter WLSAccessID
Set parameter WLSSecret
Set parameter LicenseID to value 2596424
Set parameter LogFile to value "gurobi.log"
Using license file /Users/yunglong/Downloads/gurobi.lic
Academic license 2596424 - for non-commercial use only - registered to yu___@chalmers.se

Gurobi 12.0.0 (mac64[arm], gurobi_cl) logging started Sun Jun 15 21:43:33 2025

Set parameter WLSAccessID
Set parameter WLSSecret
Set parameter LicenseID to value 2596424
Set parameter LogFile to value "gurobi.log"
Using license file /Users/yunglong/Downloads/gurobi.lic
Academic license 2596424 - for non-commercial use only - registered to yu___@chalmers.se

Gurobi 12.0.0 (mac64[arm], gurobi_cl) logging started Sun Jun 15 21:43:52 2025

Set parameter WLSAccessID
Set parameter WLSSecret
Set parameter LicenseID to value 2596424
Set parameter LogFile to value "gurobi.log"
Using license file /Users/yunglong/Downloads/gurobi.lic
Academic license 2596424 - for non-commercial use only - registered to yu___@chalmers.se

Gurobi 12.0.0 (mac64[arm], gurobi_cl) logging started Sun Jun 15 21:57:18 2025

Set parameter WLSAccessID
Set parameter WLSSecret
Set parameter LicenseID to value 2596424
Set parameter LogFile to value "gurobi.log"
Using license file /Users/yunglong/Downloads/gurobi.lic
Academic license 2596424 - for non-commercial use only - registered to yu___@chalmers.se

Gurobi 12.0.0 (mac64[arm], gurobi_cl) logging started Sun Jun 15 21:57:40 2025

Set parameter WLSAccessID
Set parameter WLSSecret
Set parameter LicenseID to value 2596424
Set parameter LogFile to value "gurobi.log"
Using license file /Users/yunglong/Downloads/gurobi.lic
Academic license 2596424 - for non-commercial use only - registered to yu___@chalmers.se

Gurobi 12.0.0 (mac64[arm], gurobi_cl) logging started Sun Jun 15 22:06:34 2025

Set parameter WLSAccessID
Set parameter WLSSecret
Set parameter LicenseID to value 2596424
Set parameter LogFile to value "gurobi.log"
Using license file /Users/yunglong/Downloads/gurobi.lic
Academic license 2596424 - for non-commercial use only - registered to yu___@chalmers.se

Gurobi 12.0.0 (mac64[arm], gurobi_cl) logging started Sun Jun 15 22:07:44 2025

Set parameter WLSAccessID
Set parameter WLSSecret
Set parameter LicenseID to value 2596424
Set parameter LogFile to value "gurobi.log"
Using license file /Users/yunglong/Downloads/gurobi.lic
Academic license 2596424 - for non-commercial use only - registered to yu___@chalmers.se

Gurobi 12.0.0 (mac64[arm], gurobi_cl) logging started Sun Jun 15 22:09:01 2025

Set parameter WLSAccessID
Set parameter WLSSecret
Set parameter LicenseID to value 2596424
Set parameter LogFile to value "gurobi.log"
Using license file /Users/yunglong/Downloads/gurobi.lic
Academic license 2596424 - for non-commercial use only - registered to yu___@chalmers.se

Gurobi 12.0.0 (mac64[arm], gurobi_cl) logging started Sun Jun 15 22:09:25 2025

Set parameter WLSAccessID
Set parameter WLSSecret
Set parameter LicenseID to value 2596424
Set parameter LogFile to value "gurobi.log"
Using license file /Users/yunglong/Downloads/gurobi.lic
Academic license 2596424 - for non-commercial use only - registered to yu___@chalmers.se

Gurobi 12.0.0 (mac64[arm], gurobi_cl) logging started Sun Jun 15 23:13:32 2025

Set parameter WLSAccessID
Set parameter WLSSecret
Set parameter LicenseID to value 2596424
Set parameter LogFile to value "gurobi.log"
Using license file /Users/yunglong/Downloads/gurobi.lic
Academic license 2596424 - for non-commercial use only - registered to yu___@chalmers.se

Gurobi 12.0.0 (mac64[arm], gurobi_cl) logging started Sun Jun 15 23:13:52 2025

Set parameter WLSAccessID
Set parameter WLSSecret
Set parameter LicenseID to value 2596424
Set parameter LogFile to value "gurobi.log"
Using license file /Users/yunglong/Downloads/gurobi.lic
Academic license 2596424 - for non-commercial use only - registered to yu___@chalmers.se

Gurobi 12.0.0 (mac64[arm], gurobi_cl) logging started Sun Jun 15 23:26:03 2025

Set parameter WLSAccessID
Set parameter WLSSecret
Set parameter LicenseID to value 2596424
Set parameter LogFile to value "gurobi.log"
Using license file /Users/yunglong/Downloads/gurobi.lic
Academic license 2596424 - for non-commercial use only - registered to yu___@chalmers.se

Gurobi 12.0.0 (mac64[arm], gurobi_cl) logging started Sun Jun 15 23:26:23 2025

Set parameter WLSAccessID
Set parameter WLSSecret
Set parameter LicenseID to value 2596424
Set parameter LogFile to value "gurobi.log"
Using license file /Users/yunglong/Downloads/gurobi.lic
Academic license 2596424 - for non-commercial use only - registered to yu___@chalmers.se

Gurobi 12.0.0 (mac64[arm], gurobi_cl) logging started Sun Jun 15 23:30:24 2025

Set parameter WLSAccessID
Set parameter WLSSecret
Set parameter LicenseID to value 2596424
Set parameter LogFile to value "gurobi.log"
Using license file /Users/yunglong/Downloads/gurobi.lic
Academic license 2596424 - for non-commercial use only - registered to yu___@chalmers.se

Gurobi 12.0.0 (mac64[arm], gurobi_cl) logging started Sun Jun 15 23:30:44 2025

Set parameter WLSAccessID
Set parameter WLSSecret
Set parameter LicenseID to value 2596424
Set parameter LogFile to value "gurobi.log"
Using license file /Users/yunglong/Downloads/gurobi.lic
Academic license 2596424 - for non-commercial use only - registered to yu___@chalmers.se

Gurobi 12.0.0 (mac64[arm], gurobi_cl) logging started Sun Jun 15 23:53:30 2025

Set parameter WLSAccessID
Set parameter WLSSecret
Set parameter LicenseID to value 2596424
Set parameter LogFile to value "gurobi.log"
Using license file /Users/yunglong/Downloads/gurobi.lic
Academic license 2596424 - for non-commercial use only - registered to yu___@chalmers.se

Gurobi 12.0.0 (mac64[arm], gurobi_cl) logging started Sun Jun 15 23:54:17 2025

Set parameter WLSAccessID
Set parameter WLSSecret
Set parameter LicenseID to value 2596424
Set parameter LogFile to value "gurobi.log"
Using license file /Users/yunglong/Downloads/gurobi.lic
Academic license 2596424 - for non-commercial use only - registered to yu___@chalmers.se

Gurobi 12.0.0 (mac64[arm], gurobi_cl) logging started Mon Jun 16 00:06:48 2025

Set parameter WLSAccessID
Set parameter WLSSecret
Set parameter LicenseID to value 2596424
Set parameter LogFile to value "gurobi.log"
Using license file /Users/yunglong/Downloads/gurobi.lic
Academic license 2596424 - for non-commercial use only - registered to yu___@chalmers.se

Gurobi 12.0.0 (mac64[arm], gurobi_cl) logging started Mon Jun 16 00:13:40 2025

Set parameter WLSAccessID
Set parameter WLSSecret
Set parameter LicenseID to value 2596424
Set parameter LogFile to value "gurobi.log"
Using license file /Users/yunglong/Downloads/gurobi.lic
Academic license 2596424 - for non-commercial use only - registered to yu___@chalmers.se

Gurobi 12.0.0 (mac64[arm], gurobi_cl) logging started Mon Jun 16 00:15:13 2025

Set parameter WLSAccessID
Set parameter WLSSecret
Set parameter LicenseID to value 2596424
Set parameter LogFile to value "gurobi.log"
Using license file /Users/yunglong/Downloads/gurobi.lic
Academic license 2596424 - for non-commercial use only - registered to yu___@chalmers.se

Gurobi 12.0.0 (mac64[arm], gurobi_cl) logging started Mon Jun 16 00:15:33 2025

Set parameter WLSAccessID
Set parameter WLSSecret
Set parameter LicenseID to value 2596424
Set parameter LogFile to value "gurobi.log"
Using license file /Users/yunglong/Downloads/gurobi.lic
Academic license 2596424 - for non-commercial use only - registered to yu___@chalmers.se

Gurobi 12.0.0 (mac64[arm], gurobi_cl) logging started Mon Jun 16 09:38:35 2025

Set parameter WLSAccessID
Set parameter WLSSecret
Set parameter LicenseID to value 2596424
Set parameter LogFile to value "gurobi.log"
Using license file /Users/yunglong/Downloads/gurobi.lic
Academic license 2596424 - for non-commercial use only - registered to yu___@chalmers.se

Gurobi 12.0.0 (mac64[arm], gurobi_cl) logging started Mon Jun 16 09:38:58 2025

Set parameter WLSAccessID
Set parameter WLSSecret
Set parameter LicenseID to value 2596424
Set parameter LogFile to value "gurobi.log"
Using license file /Users/yunglong/Downloads/gurobi.lic
Academic license 2596424 - for non-commercial use only - registered to yu___@chalmers.se

Gurobi 12.0.0 (mac64[arm], gurobi_cl) logging started Mon Jun 16 09:42:40 2025

Set parameter WLSAccessID
Set parameter WLSSecret
Set parameter LicenseID to value 2596424
Set parameter LogFile to value "gurobi.log"
Using license file /Users/yunglong/Downloads/gurobi.lic
Academic license 2596424 - for non-commercial use only - registered to yu___@chalmers.se

Gurobi 12.0.0 (mac64[arm], gurobi_cl) logging started Mon Jun 16 09:44:23 2025

Set parameter WLSAccessID
Set parameter WLSSecret
Set parameter LicenseID to value 2596424
Set parameter LogFile to value "gurobi.log"
Using license file /Users/yunglong/Downloads/gurobi.lic
Academic license 2596424 - for non-commercial use only - registered to yu___@chalmers.se

Gurobi 12.0.0 (mac64[arm], gurobi_cl) logging started Mon Jun 16 09:44:42 2025

Set parameter WLSAccessID
Set parameter WLSSecret
Set parameter LicenseID to value 2596424
Set parameter LogFile to value "gurobi.log"
Using license file /Users/yunglong/Downloads/gurobi.lic
Academic license 2596424 - for non-commercial use only - registered to yu___@chalmers.se

Gurobi 12.0.0 (mac64[arm], gurobi_cl) logging started Mon Jun 16 09:48:53 2025

Set parameter WLSAccessID
Set parameter WLSSecret
Set parameter LicenseID to value 2596424
Set parameter LogFile to value "gurobi.log"
Using license file /Users/yunglong/Downloads/gurobi.lic
Academic license 2596424 - for non-commercial use only - registered to yu___@chalmers.se

Gurobi 12.0.0 (mac64[arm], gurobi_cl) logging started Mon Jun 16 09:49:15 2025

Set parameter WLSAccessID
Set parameter WLSSecret
Set parameter LicenseID to value 2596424
Set parameter LogFile to value "gurobi.log"
Using license file /Users/yunglong/Downloads/gurobi.lic
Academic license 2596424 - for non-commercial use only - registered to yu___@chalmers.se

Gurobi 12.0.0 (mac64[arm], gurobi_cl) logging started Mon Jun 16 09:53:48 2025

Set parameter WLSAccessID
Set parameter WLSSecret
Set parameter LicenseID to value 2596424
Set parameter LogFile to value "gurobi.log"
Using license file /Users/yunglong/Downloads/gurobi.lic
Academic license 2596424 - for non-commercial use only - registered to yu___@chalmers.se

Gurobi 12.0.0 (mac64[arm], gurobi_cl) logging started Mon Jun 16 09:54:08 2025

Set parameter WLSAccessID
Set parameter WLSSecret
Set parameter LicenseID to value 2596424
Set parameter LogFile to value "gurobi.log"
Using license file /Users/yunglong/Downloads/gurobi.lic
Academic license 2596424 - for non-commercial use only - registered to yu___@chalmers.se

Gurobi 12.0.0 (mac64[arm], gurobi_cl) logging started Mon Jun 16 09:58:01 2025

Set parameter WLSAccessID
Set parameter WLSSecret
Set parameter LicenseID to value 2596424
Set parameter LogFile to value "gurobi.log"
Using license file /Users/yunglong/Downloads/gurobi.lic
Academic license 2596424 - for non-commercial use only - registered to yu___@chalmers.se

Gurobi 12.0.0 (mac64[arm], gurobi_cl) logging started Mon Jun 16 09:58:30 2025

Set parameter WLSAccessID
Set parameter WLSSecret
Set parameter LicenseID to value 2596424
Set parameter LogFile to value "gurobi.log"
Using license file /Users/yunglong/Downloads/gurobi.lic
Academic license 2596424 - for non-commercial use only - registered to yu___@chalmers.se

Gurobi 12.0.0 (mac64[arm], gurobi_cl) logging started Mon Jun 16 10:25:19 2025

Set parameter WLSAccessID
Set parameter WLSSecret
Set parameter LicenseID to value 2596424
Set parameter LogFile to value "gurobi.log"
Using license file /Users/yunglong/Downloads/gurobi.lic
Academic license 2596424 - for non-commercial use only - registered to yu___@chalmers.se

Gurobi 12.0.0 (mac64[arm], gurobi_cl) logging started Mon Jun 16 10:25:34 2025

Set parameter WLSAccessID
Set parameter WLSSecret
Set parameter LicenseID to value 2596424
Set parameter LogFile to value "gurobi.log"
Using license file /Users/yunglong/Downloads/gurobi.lic
Academic license 2596424 - for non-commercial use only - registered to yu___@chalmers.se

Gurobi 12.0.0 (mac64[arm], gurobi_cl) logging started Mon Jun 16 10:40:57 2025

Set parameter WLSAccessID
Set parameter WLSSecret
Set parameter LicenseID to value 2596424
Set parameter LogFile to value "gurobi.log"
Using license file /Users/yunglong/Downloads/gurobi.lic
Academic license 2596424 - for non-commercial use only - registered to yu___@chalmers.se

Gurobi 12.0.0 (mac64[arm], gurobi_cl) logging started Mon Jun 16 10:41:22 2025

Set parameter WLSAccessID
Set parameter WLSSecret
Set parameter LicenseID to value 2596424
Set parameter LogFile to value "gurobi.log"
Using license file /Users/yunglong/Downloads/gurobi.lic
Academic license 2596424 - for non-commercial use only - registered to yu___@chalmers.se

Gurobi 12.0.0 (mac64[arm], gurobi_cl) logging started Mon Jun 16 10:43:32 2025

Set parameter WLSAccessID
Set parameter WLSSecret
Set parameter LicenseID to value 2596424
Set parameter LogFile to value "gurobi.log"
Using license file /Users/yunglong/Downloads/gurobi.lic
Academic license 2596424 - for non-commercial use only - registered to yu___@chalmers.se

Gurobi 12.0.0 (mac64[arm], gurobi_cl) logging started Mon Jun 16 10:45:39 2025

Set parameter WLSAccessID
Set parameter WLSSecret
Set parameter LicenseID to value 2596424
Set parameter LogFile to value "gurobi.log"
Using license file /Users/yunglong/Downloads/gurobi.lic
Academic license 2596424 - for non-commercial use only - registered to yu___@chalmers.se

Gurobi 12.0.0 (mac64[arm], gurobi_cl) logging started Mon Jun 16 10:48:08 2025

Set parameter WLSAccessID
Set parameter WLSSecret
Set parameter LicenseID to value 2596424
Set parameter LogFile to value "gurobi.log"
Using license file /Users/yunglong/Downloads/gurobi.lic
Academic license 2596424 - for non-commercial use only - registered to yu___@chalmers.se

Gurobi 12.0.0 (mac64[arm], gurobi_cl) logging started Mon Jun 16 10:50:42 2025

Set parameter WLSAccessID
Set parameter WLSSecret
Set parameter LicenseID to value 2596424
Set parameter LogFile to value "gurobi.log"
Using license file /Users/yunglong/Downloads/gurobi.lic
Academic license 2596424 - for non-commercial use only - registered to yu___@chalmers.se

Gurobi 12.0.0 (mac64[arm], gurobi_cl) logging started Mon Jun 16 10:55:34 2025

Set parameter WLSAccessID
Set parameter WLSSecret
Set parameter LicenseID to value 2596424
Set parameter LogFile to value "gurobi.log"
Using license file /Users/yunglong/Downloads/gurobi.lic
Academic license 2596424 - for non-commercial use only - registered to yu___@chalmers.se

Gurobi 12.0.0 (mac64[arm], gurobi_cl) logging started Mon Jun 16 10:57:51 2025

Set parameter WLSAccessID
Set parameter WLSSecret
Set parameter LicenseID to value 2596424
Set parameter LogFile to value "gurobi.log"
Using license file /Users/yunglong/Downloads/gurobi.lic
Academic license 2596424 - for non-commercial use only - registered to yu___@chalmers.se

Gurobi 12.0.0 (mac64[arm], gurobi_cl) logging started Mon Jun 16 11:00:17 2025

Set parameter WLSAccessID
Set parameter WLSSecret
Set parameter LicenseID to value 2596424
Set parameter LogFile to value "gurobi.log"
Using license file /Users/yunglong/Downloads/gurobi.lic
Academic license 2596424 - for non-commercial use only - registered to yu___@chalmers.se

Gurobi 12.0.0 (mac64[arm], gurobi_cl) logging started Mon Jun 16 11:07:31 2025

Set parameter WLSAccessID
Set parameter WLSSecret
Set parameter LicenseID to value 2596424
Set parameter LogFile to value "gurobi.log"
Using license file /Users/yunglong/Downloads/gurobi.lic
Academic license 2596424 - for non-commercial use only - registered to yu___@chalmers.se

Gurobi 12.0.0 (mac64[arm], gurobi_cl) logging started Mon Jun 16 11:07:55 2025

Set parameter WLSAccessID
Set parameter WLSSecret
Set parameter LicenseID to value 2596424
Set parameter LogFile to value "gurobi.log"
Using license file /Users/yunglong/Downloads/gurobi.lic
Academic license 2596424 - for non-commercial use only - registered to yu___@chalmers.se

Gurobi 12.0.0 (mac64[arm], gurobi_cl) logging started Mon Jun 16 11:09:55 2025

Set parameter WLSAccessID
Set parameter WLSSecret
Set parameter LicenseID to value 2596424
Set parameter LogFile to value "gurobi.log"
Using license file /Users/yunglong/Downloads/gurobi.lic
Academic license 2596424 - for non-commercial use only - registered to yu___@chalmers.se

Gurobi 12.0.0 (mac64[arm], gurobi_cl) logging started Mon Jun 16 11:11:47 2025

Set parameter WLSAccessID
Set parameter WLSSecret
Set parameter LicenseID to value 2596424
Set parameter LogFile to value "gurobi.log"
Using license file /Users/yunglong/Downloads/gurobi.lic
Academic license 2596424 - for non-commercial use only - registered to yu___@chalmers.se

Gurobi 12.0.0 (mac64[arm], gurobi_cl) logging started Mon Jun 16 11:14:01 2025

Set parameter WLSAccessID
Set parameter WLSSecret
Set parameter LicenseID to value 2596424
Set parameter LogFile to value "gurobi.log"
Using license file /Users/yunglong/Downloads/gurobi.lic
Academic license 2596424 - for non-commercial use only - registered to yu___@chalmers.se

Gurobi 12.0.0 (mac64[arm], gurobi_cl) logging started Mon Jun 16 11:16:19 2025

Set parameter WLSAccessID
Set parameter WLSSecret
Set parameter LicenseID to value 2596424
Set parameter LogFile to value "gurobi.log"
Using license file /Users/yunglong/Downloads/gurobi.lic
Academic license 2596424 - for non-commercial use only - registered to yu___@chalmers.se

Gurobi 12.0.0 (mac64[arm], gurobi_cl) logging started Mon Jun 16 11:18:36 2025

Set parameter WLSAccessID
Set parameter WLSSecret
Set parameter LicenseID to value 2596424
Set parameter LogFile to value "gurobi.log"
Using license file /Users/yunglong/Downloads/gurobi.lic
Academic license 2596424 - for non-commercial use only - registered to yu___@chalmers.se

Gurobi 12.0.0 (mac64[arm], gurobi_cl) logging started Mon Jun 16 11:21:05 2025

Set parameter WLSAccessID
Set parameter WLSSecret
Set parameter LicenseID to value 2596424
Set parameter LogFile to value "gurobi.log"
Using license file /Users/yunglong/Downloads/gurobi.lic
Academic license 2596424 - for non-commercial use only - registered to yu___@chalmers.se

Gurobi 12.0.0 (mac64[arm], gurobi_cl) logging started Mon Jun 16 11:23:40 2025

Set parameter WLSAccessID
Set parameter WLSSecret
Set parameter LicenseID to value 2596424
Set parameter LogFile to value "gurobi.log"
Using license file /Users/yunglong/Downloads/gurobi.lic
Academic license 2596424 - for non-commercial use only - registered to yu___@chalmers.se

Gurobi 12.0.0 (mac64[arm], gurobi_cl) logging started Mon Jun 16 11:44:51 2025

Set parameter WLSAccessID
Set parameter WLSSecret
Set parameter LicenseID to value 2596424
Set parameter LogFile to value "gurobi.log"
Using license file /Users/yunglong/Downloads/gurobi.lic
Academic license 2596424 - for non-commercial use only - registered to yu___@chalmers.se

Gurobi 12.0.0 (mac64[arm], gurobi_cl) logging started Mon Jun 16 11:45:12 2025

Set parameter WLSAccessID
Set parameter WLSSecret
Set parameter LicenseID to value 2596424
Set parameter LogFile to value "gurobi.log"
Using license file /Users/yunglong/Downloads/gurobi.lic
Academic license 2596424 - for non-commercial use only - registered to yu___@chalmers.se

Gurobi 12.0.0 (mac64[arm], gurobi_cl) logging started Mon Jun 16 11:47:20 2025

Set parameter WLSAccessID
Set parameter WLSSecret
Set parameter LicenseID to value 2596424
Set parameter LogFile to value "gurobi.log"
Using license file /Users/yunglong/Downloads/gurobi.lic
Academic license 2596424 - for non-commercial use only - registered to yu___@chalmers.se

Gurobi 12.0.0 (mac64[arm], gurobi_cl) logging started Mon Jun 16 11:49:24 2025

Set parameter WLSAccessID
Set parameter WLSSecret
Set parameter LicenseID to value 2596424
Set parameter LogFile to value "gurobi.log"
Using license file /Users/yunglong/Downloads/gurobi.lic
Academic license 2596424 - for non-commercial use only - registered to yu___@chalmers.se

Gurobi 12.0.0 (mac64[arm], gurobi_cl) logging started Mon Jun 16 11:51:37 2025

Set parameter WLSAccessID
Set parameter WLSSecret
Set parameter LicenseID to value 2596424
Set parameter LogFile to value "gurobi.log"
Using license file /Users/yunglong/Downloads/gurobi.lic
Academic license 2596424 - for non-commercial use only - registered to yu___@chalmers.se

Gurobi 12.0.0 (mac64[arm], gurobi_cl) logging started Mon Jun 16 11:54:09 2025

Set parameter WLSAccessID
Set parameter WLSSecret
Set parameter LicenseID to value 2596424
Set parameter LogFile to value "gurobi.log"
Using license file /Users/yunglong/Downloads/gurobi.lic
Academic license 2596424 - for non-commercial use only - registered to yu___@chalmers.se

Gurobi 12.0.0 (mac64[arm], gurobi_cl) logging started Mon Jun 16 11:56:20 2025

Set parameter WLSAccessID
Set parameter WLSSecret
Set parameter LicenseID to value 2596424
Set parameter LogFile to value "gurobi.log"
Using license file /Users/yunglong/Downloads/gurobi.lic
Academic license 2596424 - for non-commercial use only - registered to yu___@chalmers.se

Gurobi 12.0.0 (mac64[arm], gurobi_cl) logging started Mon Jun 16 11:58:48 2025

Set parameter WLSAccessID
Set parameter WLSSecret
Set parameter LicenseID to value 2596424
Set parameter LogFile to value "gurobi.log"
Using license file /Users/yunglong/Downloads/gurobi.lic
Academic license 2596424 - for non-commercial use only - registered to yu___@chalmers.se

Gurobi 12.0.0 (mac64[arm], gurobi_cl) logging started Mon Jun 16 12:01:33 2025

Set parameter WLSAccessID
Set parameter WLSSecret
Set parameter LicenseID to value 2596424
Set parameter LogFile to value "gurobi.log"
Using license file /Users/yunglong/Downloads/gurobi.lic
Academic license 2596424 - for non-commercial use only - registered to yu___@chalmers.se

Gurobi 12.0.0 (mac64[arm], gurobi_cl) logging started Mon Jun 16 12:20:25 2025

Set parameter WLSAccessID
Set parameter WLSSecret
Set parameter LicenseID to value 2596424
Set parameter LogFile to value "gurobi.log"
Using license file /Users/yunglong/Downloads/gurobi.lic
Academic license 2596424 - for non-commercial use only - registered to yu___@chalmers.se

Gurobi 12.0.0 (mac64[arm], gurobi_cl) logging started Mon Jun 16 12:20:49 2025

Set parameter WLSAccessID
Set parameter WLSSecret
Set parameter LicenseID to value 2596424
Set parameter LogFile to value "gurobi.log"
Using license file /Users/yunglong/Downloads/gurobi.lic
Academic license 2596424 - for non-commercial use only - registered to yu___@chalmers.se

Gurobi 12.0.0 (mac64[arm], gurobi_cl) logging started Mon Jun 16 12:23:00 2025

Set parameter WLSAccessID
Set parameter WLSSecret
Set parameter LicenseID to value 2596424
Set parameter LogFile to value "gurobi.log"
Using license file /Users/yunglong/Downloads/gurobi.lic
Academic license 2596424 - for non-commercial use only - registered to yu___@chalmers.se

Gurobi 12.0.0 (mac64[arm], gurobi_cl) logging started Mon Jun 16 12:25:00 2025

Set parameter WLSAccessID
Set parameter WLSSecret
Set parameter LicenseID to value 2596424
Set parameter LogFile to value "gurobi.log"
Using license file /Users/yunglong/Downloads/gurobi.lic
Academic license 2596424 - for non-commercial use only - registered to yu___@chalmers.se

Gurobi 12.0.0 (mac64[arm], gurobi_cl) logging started Mon Jun 16 12:27:21 2025

Set parameter WLSAccessID
Set parameter WLSSecret
Set parameter LicenseID to value 2596424
Set parameter LogFile to value "gurobi.log"
Using license file /Users/yunglong/Downloads/gurobi.lic
Academic license 2596424 - for non-commercial use only - registered to yu___@chalmers.se

Gurobi 12.0.0 (mac64[arm], gurobi_cl) logging started Mon Jun 16 12:29:48 2025

Set parameter WLSAccessID
Set parameter WLSSecret
Set parameter LicenseID to value 2596424
Set parameter LogFile to value "gurobi.log"
Using license file /Users/yunglong/Downloads/gurobi.lic
Academic license 2596424 - for non-commercial use only - registered to yu___@chalmers.se

Gurobi 12.0.0 (mac64[arm], gurobi_cl) logging started Mon Jun 16 12:34:15 2025

Set parameter WLSAccessID
Set parameter WLSSecret
Set parameter LicenseID to value 2596424
Set parameter LogFile to value "gurobi.log"
Using license file /Users/yunglong/Downloads/gurobi.lic
Academic license 2596424 - for non-commercial use only - registered to yu___@chalmers.se

Gurobi 12.0.0 (mac64[arm], gurobi_cl) logging started Mon Jun 16 12:36:35 2025

Set parameter WLSAccessID
Set parameter WLSSecret
Set parameter LicenseID to value 2596424
Set parameter LogFile to value "gurobi.log"
Using license file /Users/yunglong/Downloads/gurobi.lic
Academic license 2596424 - for non-commercial use only - registered to yu___@chalmers.se

Gurobi 12.0.0 (mac64[arm], gurobi_cl) logging started Mon Jun 16 12:39:54 2025

Set parameter WLSAccessID
Set parameter WLSSecret
Set parameter LicenseID to value 2596424
Set parameter LogFile to value "gurobi.log"
Using license file /Users/yunglong/Downloads/gurobi.lic
Academic license 2596424 - for non-commercial use only - registered to yu___@chalmers.se

Gurobi 12.0.0 (mac64[arm], gurobi_cl) logging started Tue Jun 17 11:36:27 2025

Set parameter WLSAccessID
Set parameter WLSSecret
Set parameter LicenseID to value 2596424
Set parameter LogFile to value "gurobi.log"
Using license file /Users/yunglong/Downloads/gurobi.lic
Academic license 2596424 - for non-commercial use only - registered to yu___@chalmers.se

Gurobi 12.0.0 (mac64[arm], gurobi_cl) logging started Tue Jun 17 11:36:39 2025

Set parameter WLSAccessID
Set parameter WLSSecret
Set parameter LicenseID to value 2596424
Set parameter LogFile to value "gurobi.log"
Using license file /Users/yunglong/Downloads/gurobi.lic
Academic license 2596424 - for non-commercial use only - registered to yu___@chalmers.se

Gurobi 12.0.0 (mac64[arm], gurobi_cl) logging started Wed Jun 25 22:15:26 2025

Set parameter WLSAccessID
Set parameter WLSSecret
Set parameter LicenseID to value 2596424
Set parameter LogFile to value "gurobi.log"
Using license file /Users/yunglong/Downloads/gurobi.lic
Academic license 2596424 - for non-commercial use only - registered to yu___@chalmers.se

Gurobi 12.0.0 (mac64[arm], gurobi_cl) logging started Wed Jun 25 22:15:59 2025

Set parameter WLSAccessID
Set parameter WLSSecret
Set parameter LicenseID to value 2596424
Set parameter LogFile to value "gurobi.log"
Using license file /Users/yunglong/Downloads/gurobi.lic
Academic license 2596424 - for non-commercial use only - registered to yu___@chalmers.se

Gurobi 12.0.0 (mac64[arm], gurobi_cl) logging started Wed Jun 25 22:16:19 2025

Set parameter WLSAccessID
Set parameter WLSSecret
Set parameter LicenseID to value 2596424
Set parameter LogFile to value "gurobi.log"
Using license file /Users/yunglong/Downloads/gurobi.lic
Academic license 2596424 - for non-commercial use only - registered to yu___@chalmers.se

Gurobi 12.0.0 (mac64[arm], gurobi_cl) logging started Wed Jun 25 22:17:58 2025

Set parameter WLSAccessID
Set parameter WLSSecret
Set parameter LicenseID to value 2596424
Set parameter LogFile to value "gurobi.log"
Using license file /Users/yunglong/Downloads/gurobi.lic
Academic license 2596424 - for non-commercial use only - registered to yu___@chalmers.se

Gurobi 12.0.0 (mac64[arm], gurobi_cl) logging started Wed Jun 25 22:25:31 2025

Set parameter WLSAccessID
Set parameter WLSSecret
Set parameter LicenseID to value 2596424
Set parameter LogFile to value "gurobi.log"
Using license file /Users/yunglong/Downloads/gurobi.lic
Academic license 2596424 - for non-commercial use only - registered to yu___@chalmers.se

Gurobi 12.0.0 (mac64[arm], gurobi_cl) logging started Wed Jun 25 22:25:54 2025

Set parameter WLSAccessID
Set parameter WLSSecret
Set parameter LicenseID to value 2596424
Set parameter LogFile to value "gurobi.log"
Using license file /Users/yunglong/Downloads/gurobi.lic
Academic license 2596424 - for non-commercial use only - registered to yu___@chalmers.se

Gurobi 12.0.0 (mac64[arm], gurobi_cl) logging started Wed Jun 25 22:31:21 2025

Set parameter WLSAccessID
Set parameter WLSSecret
Set parameter LicenseID to value 2596424
Set parameter LogFile to value "gurobi.log"
Using license file /Users/yunglong/Downloads/gurobi.lic
Academic license 2596424 - for non-commercial use only - registered to yu___@chalmers.se

Gurobi 12.0.0 (mac64[arm], gurobi_cl) logging started Wed Jun 25 22:31:38 2025

Set parameter WLSAccessID
Set parameter WLSSecret
Set parameter LicenseID to value 2596424
Set parameter LogFile to value "gurobi.log"
Using license file /Users/yunglong/Downloads/gurobi.lic
Academic license 2596424 - for non-commercial use only - registered to yu___@chalmers.se

Gurobi 12.0.0 (mac64[arm], gurobi_cl) logging started Wed Jun 25 22:38:36 2025

Set parameter WLSAccessID
Set parameter WLSSecret
Set parameter LicenseID to value 2596424
Set parameter LogFile to value "gurobi.log"
Using license file /Users/yunglong/Downloads/gurobi.lic
Academic license 2596424 - for non-commercial use only - registered to yu___@chalmers.se

Gurobi 12.0.0 (mac64[arm], gurobi_cl) logging started Wed Jun 25 22:39:03 2025

Set parameter WLSAccessID
Set parameter WLSSecret
Set parameter LicenseID to value 2596424
Set parameter LogFile to value "gurobi.log"
Using license file /Users/yunglong/Downloads/gurobi.lic
Academic license 2596424 - for non-commercial use only - registered to yu___@chalmers.se

Gurobi 12.0.0 (mac64[arm], gurobi_cl) logging started Wed Jun 25 22:51:37 2025

Set parameter WLSAccessID
Set parameter WLSSecret
Set parameter LicenseID to value 2596424
Set parameter LogFile to value "gurobi.log"
Using license file /Users/yunglong/Downloads/gurobi.lic
Academic license 2596424 - for non-commercial use only - registered to yu___@chalmers.se

Gurobi 12.0.0 (mac64[arm], gurobi_cl) logging started Wed Jun 25 22:52:00 2025

Set parameter WLSAccessID
Set parameter WLSSecret
Set parameter LicenseID to value 2596424
Set parameter LogFile to value "gurobi.log"
Using license file /Users/yunglong/Downloads/gurobi.lic
Academic license 2596424 - for non-commercial use only - registered to yu___@chalmers.se

Gurobi 12.0.0 (mac64[arm], gurobi_cl) logging started Thu Jun 26 08:05:43 2025

Set parameter WLSAccessID
Set parameter WLSSecret
Set parameter LicenseID to value 2596424
Set parameter LogFile to value "gurobi.log"
Using license file /Users/yunglong/Downloads/gurobi.lic
Academic license 2596424 - for non-commercial use only - registered to yu___@chalmers.se

Gurobi 12.0.0 (mac64[arm], gurobi_cl) logging started Thu Jun 26 08:05:57 2025

Set parameter WLSAccessID
Set parameter WLSSecret
Set parameter LicenseID to value 2596424
Set parameter LogFile to value "gurobi.log"
Using license file /Users/yunglong/Downloads/gurobi.lic
Academic license 2596424 - for non-commercial use only - registered to yu___@chalmers.se

Gurobi 12.0.0 (mac64[arm], gurobi_cl) logging started Thu Jun 26 08:18:14 2025

Set parameter WLSAccessID
Set parameter WLSSecret
Set parameter LicenseID to value 2596424
Set parameter LogFile to value "gurobi.log"
Using license file /Users/yunglong/Downloads/gurobi.lic
Academic license 2596424 - for non-commercial use only - registered to yu___@chalmers.se

Gurobi 12.0.0 (mac64[arm], gurobi_cl) logging started Thu Jun 26 08:18:33 2025

Set parameter WLSAccessID
Set parameter WLSSecret
Set parameter LicenseID to value 2596424
Set parameter LogFile to value "gurobi.log"
Using license file /Users/yunglong/Downloads/gurobi.lic
Academic license 2596424 - for non-commercial use only - registered to yu___@chalmers.se

Gurobi 12.0.0 (mac64[arm], gurobi_cl) logging started Thu Jun 26 10:16:51 2025

Set parameter WLSAccessID
Set parameter WLSSecret
Set parameter LicenseID to value 2596424
Set parameter LogFile to value "gurobi.log"
Using license file /Users/yunglong/Downloads/gurobi.lic
Academic license 2596424 - for non-commercial use only - registered to yu___@chalmers.se

Gurobi 12.0.0 (mac64[arm], gurobi_cl) logging started Thu Jun 26 10:17:17 2025

Set parameter WLSAccessID
Set parameter WLSSecret
Set parameter LicenseID to value 2596424
Set parameter LogFile to value "gurobi.log"
Using license file /Users/yunglong/Downloads/gurobi.lic
Academic license 2596424 - for non-commercial use only - registered to yu___@chalmers.se

Gurobi 12.0.0 (mac64[arm], gurobi_cl) logging started Thu Jun 26 10:20:14 2025

Set parameter WLSAccessID
Set parameter WLSSecret
Set parameter LicenseID to value 2596424
Set parameter LogFile to value "gurobi.log"
Using license file /Users/yunglong/Downloads/gurobi.lic
Academic license 2596424 - for non-commercial use only - registered to yu___@chalmers.se

Gurobi 12.0.0 (mac64[arm], gurobi_cl) logging started Thu Jun 26 10:39:37 2025

Set parameter WLSAccessID
Set parameter WLSSecret
Set parameter LicenseID to value 2596424
Set parameter LogFile to value "gurobi.log"
Using license file /Users/yunglong/Downloads/gurobi.lic
Academic license 2596424 - for non-commercial use only - registered to yu___@chalmers.se

Gurobi 12.0.0 (mac64[arm], gurobi_cl) logging started Thu Jun 26 10:51:25 2025

Set parameter WLSAccessID
Set parameter WLSSecret
Set parameter LicenseID to value 2596424
Set parameter LogFile to value "gurobi.log"
Using license file /Users/yunglong/Downloads/gurobi.lic
Academic license 2596424 - for non-commercial use only - registered to yu___@chalmers.se

Gurobi 12.0.0 (mac64[arm], gurobi_cl) logging started Thu Jun 26 10:52:09 2025

Set parameter WLSAccessID
Set parameter WLSSecret
Set parameter LicenseID to value 2596424
Set parameter LogFile to value "gurobi.log"
Using license file /Users/yunglong/Downloads/gurobi.lic
Academic license 2596424 - for non-commercial use only - registered to yu___@chalmers.se

Gurobi 12.0.0 (mac64[arm], gurobi_cl) logging started Thu Jun 26 10:55:47 2025

Set parameter WLSAccessID
Set parameter WLSSecret
Set parameter LicenseID to value 2596424
Set parameter LogFile to value "gurobi.log"
Using license file /Users/yunglong/Downloads/gurobi.lic
Academic license 2596424 - for non-commercial use only - registered to yu___@chalmers.se

Gurobi 12.0.0 (mac64[arm], gurobi_cl) logging started Thu Jun 26 10:59:05 2025

Set parameter WLSAccessID
Set parameter WLSSecret
Set parameter LicenseID to value 2596424
Set parameter LogFile to value "gurobi.log"
Using license file /Users/yunglong/Downloads/gurobi.lic
Academic license 2596424 - for non-commercial use only - registered to yu___@chalmers.se

Gurobi 12.0.0 (mac64[arm], gurobi_cl) logging started Thu Jun 26 11:03:42 2025

Set parameter WLSAccessID
Set parameter WLSSecret
Set parameter LicenseID to value 2596424
Set parameter LogFile to value "gurobi.log"
Using license file /Users/yunglong/Downloads/gurobi.lic
Academic license 2596424 - for non-commercial use only - registered to yu___@chalmers.se

Gurobi 12.0.0 (mac64[arm], gurobi_cl) logging started Thu Jun 26 11:07:50 2025

Set parameter WLSAccessID
Set parameter WLSSecret
Set parameter LicenseID to value 2596424
Set parameter LogFile to value "gurobi.log"
Using license file /Users/yunglong/Downloads/gurobi.lic
Academic license 2596424 - for non-commercial use only - registered to yu___@chalmers.se

Gurobi 12.0.0 (mac64[arm], gurobi_cl) logging started Thu Jun 26 11:11:34 2025

Set parameter WLSAccessID
Set parameter WLSSecret
Set parameter LicenseID to value 2596424
Set parameter LogFile to value "gurobi.log"
Using license file /Users/yunglong/Downloads/gurobi.lic
Academic license 2596424 - for non-commercial use only - registered to yu___@chalmers.se

Gurobi 12.0.0 (mac64[arm], gurobi_cl) logging started Thu Jun 26 12:04:20 2025

Set parameter WLSAccessID
Set parameter WLSSecret
Set parameter LicenseID to value 2596424
Set parameter LogFile to value "gurobi.log"
Using license file /Users/yunglong/Downloads/gurobi.lic
Academic license 2596424 - for non-commercial use only - registered to yu___@chalmers.se

Gurobi 12.0.0 (mac64[arm], gurobi_cl) logging started Thu Jun 26 12:04:49 2025

Set parameter WLSAccessID
Set parameter WLSSecret
Set parameter LicenseID to value 2596424
Set parameter LogFile to value "gurobi.log"
Using license file /Users/yunglong/Downloads/gurobi.lic
Academic license 2596424 - for non-commercial use only - registered to yu___@chalmers.se

Gurobi 12.0.0 (mac64[arm], gurobi_cl) logging started Thu Jun 26 12:07:28 2025

Set parameter WLSAccessID
Set parameter WLSSecret
Set parameter LicenseID to value 2596424
Set parameter LogFile to value "gurobi.log"
Using license file /Users/yunglong/Downloads/gurobi.lic
Academic license 2596424 - for non-commercial use only - registered to yu___@chalmers.se

Gurobi 12.0.0 (mac64[arm], gurobi_cl) logging started Thu Jun 26 12:10:00 2025

Set parameter WLSAccessID
Set parameter WLSSecret
Set parameter LicenseID to value 2596424
Set parameter LogFile to value "gurobi.log"
Using license file /Users/yunglong/Downloads/gurobi.lic
Academic license 2596424 - for non-commercial use only - registered to yu___@chalmers.se

Gurobi 12.0.0 (mac64[arm], gurobi_cl) logging started Thu Jun 26 12:14:02 2025

Set parameter WLSAccessID
Set parameter WLSSecret
Set parameter LicenseID to value 2596424
Set parameter LogFile to value "gurobi.log"
Using license file /Users/yunglong/Downloads/gurobi.lic
Academic license 2596424 - for non-commercial use only - registered to yu___@chalmers.se

Gurobi 12.0.0 (mac64[arm], gurobi_cl) logging started Thu Jun 26 12:16:57 2025

Set parameter WLSAccessID
Set parameter WLSSecret
Set parameter LicenseID to value 2596424
Set parameter LogFile to value "gurobi.log"
Using license file /Users/yunglong/Downloads/gurobi.lic
Academic license 2596424 - for non-commercial use only - registered to yu___@chalmers.se

Gurobi 12.0.0 (mac64[arm], gurobi_cl) logging started Thu Jun 26 12:20:58 2025

Set parameter WLSAccessID
Set parameter WLSSecret
Set parameter LicenseID to value 2596424
Set parameter LogFile to value "gurobi.log"
Using license file /Users/yunglong/Downloads/gurobi.lic
Academic license 2596424 - for non-commercial use only - registered to yu___@chalmers.se

Gurobi 12.0.0 (mac64[arm], gurobi_cl) logging started Thu Jun 26 12:25:10 2025

Set parameter WLSAccessID
Set parameter WLSSecret
Set parameter LicenseID to value 2596424
Set parameter LogFile to value "gurobi.log"
Using license file /Users/yunglong/Downloads/gurobi.lic
Academic license 2596424 - for non-commercial use only - registered to yu___@chalmers.se

Gurobi 12.0.0 (mac64[arm], gurobi_cl) logging started Thu Jun 26 12:29:26 2025

Set parameter WLSAccessID
Set parameter WLSSecret
Set parameter LicenseID to value 2596424
Set parameter LogFile to value "gurobi.log"
Using license file /Users/yunglong/Downloads/gurobi.lic
Academic license 2596424 - for non-commercial use only - registered to yu___@chalmers.se

Gurobi 12.0.0 (mac64[arm], gurobi_cl) logging started Thu Jun 26 15:59:03 2025

Set parameter WLSAccessID
Set parameter WLSSecret
Set parameter LicenseID to value 2596424
Set parameter LogFile to value "gurobi.log"
Using license file /Users/yunglong/Downloads/gurobi.lic
Academic license 2596424 - for non-commercial use only - registered to yu___@chalmers.se

Gurobi 12.0.0 (mac64[arm], gurobi_cl) logging started Thu Jun 26 15:59:17 2025

Set parameter WLSAccessID
Set parameter WLSSecret
Set parameter LicenseID to value 2596424
Set parameter LogFile to value "gurobi.log"
Using license file /Users/yunglong/Downloads/gurobi.lic
Academic license 2596424 - for non-commercial use only - registered to yu___@chalmers.se

Gurobi 12.0.0 (mac64[arm], gurobi_cl) logging started Thu Jun 26 16:17:37 2025

Set parameter WLSAccessID
Set parameter WLSSecret
Set parameter LicenseID to value 2596424
Set parameter LogFile to value "gurobi.log"
Using license file /Users/yunglong/Downloads/gurobi.lic
Academic license 2596424 - for non-commercial use only - registered to yu___@chalmers.se

Gurobi 12.0.0 (mac64[arm], gurobi_cl) logging started Thu Jun 26 16:18:08 2025

Set parameter WLSAccessID
Set parameter WLSSecret
Set parameter LicenseID to value 2596424
Set parameter LogFile to value "gurobi.log"
Using license file /Users/yunglong/Downloads/gurobi.lic
Academic license 2596424 - for non-commercial use only - registered to yu___@chalmers.se

Gurobi 12.0.0 (mac64[arm], gurobi_cl) logging started Sat Jun 28 10:28:56 2025

Set parameter WLSAccessID
Set parameter WLSSecret
Set parameter LicenseID to value 2596424
Set parameter LogFile to value "gurobi.log"
Using license file /Users/yunglong/Downloads/gurobi.lic
Academic license 2596424 - for non-commercial use only - registered to yu___@chalmers.se

Gurobi 12.0.0 (mac64[arm], gurobi_cl) logging started Sat Jun 28 10:29:32 2025

Set parameter WLSAccessID
Set parameter WLSSecret
Set parameter LicenseID to value 2596424
Set parameter LogFile to value "gurobi.log"
Using license file /Users/yunglong/Downloads/gurobi.lic
Academic license 2596424 - for non-commercial use only - registered to yu___@chalmers.se

Gurobi 12.0.0 (mac64[arm], gurobi_cl) logging started Sat Jun 28 10:29:54 2025

Set parameter WLSAccessID
Set parameter WLSSecret
Set parameter LicenseID to value 2596424
Set parameter LogFile to value "gurobi.log"
Using license file /Users/yunglong/Downloads/gurobi.lic
Academic license 2596424 - for non-commercial use only - registered to yu___@chalmers.se

Gurobi 12.0.0 (mac64[arm], gurobi_cl) logging started Sat Jun 28 10:32:51 2025

Set parameter WLSAccessID
Set parameter WLSSecret
Set parameter LicenseID to value 2596424
Set parameter LogFile to value "gurobi.log"
Using license file /Users/yunglong/Downloads/gurobi.lic
Academic license 2596424 - for non-commercial use only - registered to yu___@chalmers.se

Gurobi 12.0.0 (mac64[arm], gurobi_cl) logging started Sat Jun 28 10:35:47 2025

Set parameter WLSAccessID
Set parameter WLSSecret
Set parameter LicenseID to value 2596424
Set parameter LogFile to value "gurobi.log"
Using license file /Users/yunglong/Downloads/gurobi.lic
Academic license 2596424 - for non-commercial use only - registered to yu___@chalmers.se

Gurobi 12.0.0 (mac64[arm], gurobi_cl) logging started Sat Jun 28 10:39:05 2025

Set parameter WLSAccessID
Set parameter WLSSecret
Set parameter LicenseID to value 2596424
Set parameter LogFile to value "gurobi.log"
Using license file /Users/yunglong/Downloads/gurobi.lic
Academic license 2596424 - for non-commercial use only - registered to yu___@chalmers.se

Gurobi 12.0.0 (mac64[arm], gurobi_cl) logging started Sat Jun 28 10:41:19 2025

Set parameter WLSAccessID
Set parameter WLSSecret
Set parameter LicenseID to value 2596424
Set parameter LogFile to value "gurobi.log"
Using license file /Users/yunglong/Downloads/gurobi.lic
Academic license 2596424 - for non-commercial use only - registered to yu___@chalmers.se

Gurobi 12.0.0 (mac64[arm], gurobi_cl) logging started Sat Jun 28 10:43:40 2025

Set parameter WLSAccessID
Set parameter WLSSecret
Set parameter LicenseID to value 2596424
Set parameter LogFile to value "gurobi.log"
Using license file /Users/yunglong/Downloads/gurobi.lic
Academic license 2596424 - for non-commercial use only - registered to yu___@chalmers.se

Gurobi 12.0.0 (mac64[arm], gurobi_cl) logging started Sat Jun 28 10:54:43 2025

Set parameter WLSAccessID
Set parameter WLSSecret
Set parameter LicenseID to value 2596424
Set parameter LogFile to value "gurobi.log"
Using license file /Users/yunglong/Downloads/gurobi.lic
Academic license 2596424 - for non-commercial use only - registered to yu___@chalmers.se

Gurobi 12.0.0 (mac64[arm], gurobi_cl) logging started Sat Jun 28 11:02:43 2025

Set parameter WLSAccessID
Set parameter WLSSecret
Set parameter LicenseID to value 2596424
Set parameter LogFile to value "gurobi.log"
Using license file /Users/yunglong/Downloads/gurobi.lic
Academic license 2596424 - for non-commercial use only - registered to yu___@chalmers.se

Gurobi 12.0.0 (mac64[arm], gurobi_cl) logging started Sat Jun 28 11:09:04 2025

Set parameter WLSAccessID
Set parameter WLSSecret
Set parameter LicenseID to value 2596424
Set parameter LogFile to value "gurobi.log"
Using license file /Users/yunglong/Downloads/gurobi.lic
Academic license 2596424 - for non-commercial use only - registered to yu___@chalmers.se

Gurobi 12.0.0 (mac64[arm], gurobi_cl) logging started Mon Jun 30 12:39:02 2025

Set parameter WLSAccessID
Set parameter WLSSecret
Set parameter LicenseID to value 2596424
Set parameter LogFile to value "gurobi.log"
Using license file /Users/yunglong/Downloads/gurobi.lic
Academic license 2596424 - for non-commercial use only - registered to yu___@chalmers.se

Gurobi 12.0.0 (mac64[arm], gurobi_cl) logging started Mon Jun 30 12:51:20 2025

Set parameter WLSAccessID
Set parameter WLSSecret
Set parameter LicenseID to value 2596424
Set parameter LogFile to value "gurobi.log"
Using license file /Users/yunglong/Downloads/gurobi.lic
Academic license 2596424 - for non-commercial use only - registered to yu___@chalmers.se

Gurobi 12.0.0 (mac64[arm], gurobi_cl) logging started Mon Jun 30 12:51:58 2025

Set parameter WLSAccessID
Set parameter WLSSecret
Set parameter LicenseID to value 2596424
Set parameter LogFile to value "gurobi.log"
Using license file /Users/yunglong/Downloads/gurobi.lic
Academic license 2596424 - for non-commercial use only - registered to yu___@chalmers.se

Gurobi 12.0.0 (mac64[arm], gurobi_cl) logging started Mon Jun 30 13:09:00 2025

Set parameter WLSAccessID
Set parameter WLSSecret
Set parameter LicenseID to value 2596424
Set parameter LogFile to value "gurobi.log"
Using license file /Users/yunglong/Downloads/gurobi.lic
Academic license 2596424 - for non-commercial use only - registered to yu___@chalmers.se

Gurobi 12.0.0 (mac64[arm], gurobi_cl) logging started Mon Jun 30 13:11:29 2025

Set parameter WLSAccessID
Set parameter WLSSecret
Set parameter LicenseID to value 2596424
Set parameter LogFile to value "gurobi.log"
Using license file /Users/yunglong/Downloads/gurobi.lic
Academic license 2596424 - for non-commercial use only - registered to yu___@chalmers.se

Gurobi 12.0.0 (mac64[arm], gurobi_cl) logging started Mon Jun 30 13:20:51 2025

Set parameter WLSAccessID
Set parameter WLSSecret
Set parameter LicenseID to value 2596424
Set parameter LogFile to value "gurobi.log"
Using license file /Users/yunglong/Downloads/gurobi.lic
Academic license 2596424 - for non-commercial use only - registered to yu___@chalmers.se

Gurobi 12.0.0 (mac64[arm], gurobi_cl) logging started Mon Jun 30 13:27:43 2025

Set parameter WLSAccessID
Set parameter WLSSecret
Set parameter LicenseID to value 2596424
Set parameter LogFile to value "gurobi.log"
Using license file /Users/yunglong/Downloads/gurobi.lic
Academic license 2596424 - for non-commercial use only - registered to yu___@chalmers.se

Gurobi 12.0.0 (mac64[arm], gurobi_cl) logging started Mon Jun 30 13:29:56 2025

Set parameter WLSAccessID
Set parameter WLSSecret
Set parameter LicenseID to value 2596424
Set parameter LogFile to value "gurobi.log"
Using license file /Users/yunglong/Downloads/gurobi.lic
Academic license 2596424 - for non-commercial use only - registered to yu___@chalmers.se

Gurobi 12.0.0 (mac64[arm], gurobi_cl) logging started Mon Jun 30 13:31:31 2025

Set parameter WLSAccessID
Set parameter WLSSecret
Set parameter LicenseID to value 2596424
Set parameter LogFile to value "gurobi.log"
Using license file /Users/yunglong/Downloads/gurobi.lic
Academic license 2596424 - for non-commercial use only - registered to yu___@chalmers.se

Gurobi 12.0.0 (mac64[arm], gurobi_cl) logging started Mon Jun 30 13:33:40 2025

Set parameter WLSAccessID
Set parameter WLSSecret
Set parameter LicenseID to value 2596424
Set parameter LogFile to value "gurobi.log"
Using license file /Users/yunglong/Downloads/gurobi.lic
Academic license 2596424 - for non-commercial use only - registered to yu___@chalmers.se

Gurobi 12.0.0 (mac64[arm], gurobi_cl) logging started Mon Jun 30 13:56:05 2025

Set parameter WLSAccessID
Set parameter WLSSecret
Set parameter LicenseID to value 2596424
Set parameter LogFile to value "gurobi.log"
Using license file /Users/yunglong/Downloads/gurobi.lic
Academic license 2596424 - for non-commercial use only - registered to yu___@chalmers.se

Gurobi 12.0.0 (mac64[arm], gurobi_cl) logging started Mon Jun 30 13:58:28 2025

Set parameter WLSAccessID
Set parameter WLSSecret
Set parameter LicenseID to value 2596424
Set parameter LogFile to value "gurobi.log"
Using license file /Users/yunglong/Downloads/gurobi.lic
Academic license 2596424 - for non-commercial use only - registered to yu___@chalmers.se

Gurobi 12.0.0 (mac64[arm], gurobi_cl) logging started Mon Jun 30 13:59:31 2025

Set parameter WLSAccessID
Set parameter WLSSecret
Set parameter LicenseID to value 2596424
Set parameter LogFile to value "gurobi.log"
Using license file /Users/yunglong/Downloads/gurobi.lic
Academic license 2596424 - for non-commercial use only - registered to yu___@chalmers.se

Gurobi 12.0.0 (mac64[arm], gurobi_cl) logging started Mon Jun 30 14:00:28 2025

Set parameter WLSAccessID
Set parameter WLSSecret
Set parameter LicenseID to value 2596424
Set parameter LogFile to value "gurobi.log"
Using license file /Users/yunglong/Downloads/gurobi.lic
Academic license 2596424 - for non-commercial use only - registered to yu___@chalmers.se

Gurobi 12.0.0 (mac64[arm], gurobi_cl) logging started Mon Jun 30 14:10:29 2025

Set parameter WLSAccessID
Set parameter WLSSecret
Set parameter LicenseID to value 2596424
Set parameter LogFile to value "gurobi.log"
Using license file /Users/yunglong/Downloads/gurobi.lic
Academic license 2596424 - for non-commercial use only - registered to yu___@chalmers.se

Gurobi 12.0.0 (mac64[arm], gurobi_cl) logging started Mon Jun 30 14:12:03 2025

Set parameter WLSAccessID
Set parameter WLSSecret
Set parameter LicenseID to value 2596424
Set parameter LogFile to value "gurobi.log"
Using license file /Users/yunglong/Downloads/gurobi.lic
Academic license 2596424 - for non-commercial use only - registered to yu___@chalmers.se

Gurobi 12.0.0 (mac64[arm], gurobi_cl) logging started Mon Jun 30 14:48:50 2025

Set parameter WLSAccessID
Set parameter WLSSecret
Set parameter LicenseID to value 2596424
Set parameter LogFile to value "gurobi.log"
Using license file /Users/yunglong/Downloads/gurobi.lic
Academic license 2596424 - for non-commercial use only - registered to yu___@chalmers.se

Gurobi 12.0.0 (mac64[arm], gurobi_cl) logging started Mon Jun 30 14:49:31 2025

Set parameter WLSAccessID
Set parameter WLSSecret
Set parameter LicenseID to value 2596424
Set parameter LogFile to value "gurobi.log"
Using license file /Users/yunglong/Downloads/gurobi.lic
Academic license 2596424 - for non-commercial use only - registered to yu___@chalmers.se

Gurobi 12.0.0 (mac64[arm], gurobi_cl) logging started Wed Jul  9 08:20:12 2025

Set parameter WLSAccessID
Set parameter WLSSecret
Set parameter LicenseID to value 2596424
Set parameter LogFile to value "gurobi.log"
Using license file /Users/yunglong/Downloads/gurobi.lic
Academic license 2596424 - for non-commercial use only - registered to yu___@chalmers.se

Gurobi 12.0.0 (mac64[arm], gurobi_cl) logging started Wed Jul  9 08:41:40 2025

Set parameter WLSAccessID
Set parameter WLSSecret
Set parameter LicenseID to value 2596424
Set parameter LogFile to value "gurobi.log"
Using license file /Users/yunglong/Downloads/gurobi.lic
Academic license 2596424 - for non-commercial use only - registered to yu___@chalmers.se

Gurobi 12.0.0 (mac64[arm], gurobi_cl) logging started Wed Jul  9 08:42:49 2025

Set parameter WLSAccessID
Set parameter WLSSecret
Set parameter LicenseID to value 2596424
Set parameter LogFile to value "gurobi.log"
Using license file /Users/yunglong/Downloads/gurobi.lic
Academic license 2596424 - for non-commercial use only - registered to yu___@chalmers.se

Gurobi 12.0.0 (mac64[arm], gurobi_cl) logging started Wed Jul  9 08:43:28 2025

Set parameter WLSAccessID
Set parameter WLSSecret
Set parameter LicenseID to value 2596424
Set parameter LogFile to value "gurobi.log"
Using license file /Users/yunglong/Downloads/gurobi.lic
Academic license 2596424 - for non-commercial use only - registered to yu___@chalmers.se

Gurobi 12.0.0 (mac64[arm], gurobi_cl) logging started Wed Jul  9 08:43:47 2025

Set parameter WLSAccessID
Set parameter WLSSecret
Set parameter LicenseID to value 2596424
Set parameter LogFile to value "gurobi.log"
Using license file /Users/yunglong/Downloads/gurobi.lic
Academic license 2596424 - for non-commercial use only - registered to yu___@chalmers.se

Gurobi 12.0.0 (mac64[arm], gurobi_cl) logging started Wed Jul  9 09:34:57 2025

Set parameter WLSAccessID
Set parameter WLSSecret
Set parameter LicenseID to value 2596424
Set parameter LogFile to value "gurobi.log"
Using license file /Users/yunglong/Downloads/gurobi.lic
Academic license 2596424 - for non-commercial use only - registered to yu___@chalmers.se

Gurobi 12.0.0 (mac64[arm], gurobi_cl) logging started Wed Jul  9 11:06:59 2025

Set parameter WLSAccessID
Set parameter WLSSecret
Set parameter LicenseID to value 2596424
Set parameter LogFile to value "gurobi.log"
Using license file /Users/yunglong/Downloads/gurobi.lic
Academic license 2596424 - for non-commercial use only - registered to yu___@chalmers.se

Gurobi 12.0.0 (mac64[arm], gurobi_cl) logging started Wed Jul  9 12:55:32 2025

Set parameter WLSAccessID
Set parameter WLSSecret
Set parameter LicenseID to value 2596424
Set parameter LogFile to value "gurobi.log"
Using license file /Users/yunglong/Downloads/gurobi.lic
Academic license 2596424 - for non-commercial use only - registered to yu___@chalmers.se

Gurobi 12.0.0 (mac64[arm], gurobi_cl) logging started Wed Jul  9 12:56:30 2025

Set parameter WLSAccessID
Set parameter WLSSecret
Set parameter LicenseID to value 2596424
Set parameter LogFile to value "gurobi.log"
Using license file /Users/yunglong/Downloads/gurobi.lic
Academic license 2596424 - for non-commercial use only - registered to yu___@chalmers.se

Gurobi 12.0.0 (mac64[arm], gurobi_cl) logging started Wed Jul  9 13:02:49 2025

Set parameter WLSAccessID
Set parameter WLSSecret
Set parameter LicenseID to value 2596424
Set parameter LogFile to value "gurobi.log"
Using license file /Users/yunglong/Downloads/gurobi.lic
Academic license 2596424 - for non-commercial use only - registered to yu___@chalmers.se

Gurobi 12.0.0 (mac64[arm], gurobi_cl) logging started Wed Jul  9 13:13:45 2025

Set parameter WLSAccessID
Set parameter WLSSecret
Set parameter LicenseID to value 2596424
Set parameter LogFile to value "gurobi.log"
Using license file /Users/yunglong/Downloads/gurobi.lic
Academic license 2596424 - for non-commercial use only - registered to yu___@chalmers.se

Gurobi 12.0.0 (mac64[arm], gurobi_cl) logging started Wed Jul  9 13:14:10 2025

Set parameter WLSAccessID
Set parameter WLSSecret
Set parameter LicenseID to value 2596424
Set parameter LogFile to value "gurobi.log"
Using license file /Users/yunglong/Downloads/gurobi.lic
Academic license 2596424 - for non-commercial use only - registered to yu___@chalmers.se

Gurobi 12.0.0 (mac64[arm], gurobi_cl) logging started Wed Jul  9 14:25:40 2025

Set parameter WLSAccessID
Set parameter WLSSecret
Set parameter LicenseID to value 2596424
Set parameter LogFile to value "gurobi.log"
Using license file /Users/yunglong/Downloads/gurobi.lic
Academic license 2596424 - for non-commercial use only - registered to yu___@chalmers.se

Gurobi 12.0.0 (mac64[arm], gurobi_cl) logging started Wed Jul  9 14:46:51 2025

Set parameter WLSAccessID
Set parameter WLSSecret
Set parameter LicenseID to value 2596424
Set parameter LogFile to value "gurobi.log"
Using license file /Users/yunglong/Downloads/gurobi.lic
Academic license 2596424 - for non-commercial use only - registered to yu___@chalmers.se

Gurobi 12.0.0 (mac64[arm], gurobi_cl) logging started Wed Jul  9 14:52:38 2025

Set parameter WLSAccessID
Set parameter WLSSecret
Set parameter LicenseID to value 2596424
Set parameter LogFile to value "gurobi.log"
Using license file /Users/yunglong/Downloads/gurobi.lic
Academic license 2596424 - for non-commercial use only - registered to yu___@chalmers.se

Gurobi 12.0.0 (mac64[arm], gurobi_cl) logging started Wed Jul  9 15:19:50 2025

Set parameter WLSAccessID
Set parameter WLSSecret
Set parameter LicenseID to value 2596424
Set parameter LogFile to value "gurobi.log"
Using license file /Users/yunglong/Downloads/gurobi.lic
Academic license 2596424 - for non-commercial use only - registered to yu___@chalmers.se

Gurobi 12.0.0 (mac64[arm], gurobi_cl) logging started Wed Jul  9 15:27:04 2025

Set parameter WLSAccessID
Set parameter WLSSecret
Set parameter LicenseID to value 2596424
Set parameter LogFile to value "gurobi.log"
Using license file /Users/yunglong/Downloads/gurobi.lic
Academic license 2596424 - for non-commercial use only - registered to yu___@chalmers.se

Gurobi 12.0.0 (mac64[arm], gurobi_cl) logging started Wed Jul  9 15:51:07 2025

Set parameter WLSAccessID
Set parameter WLSSecret
Set parameter LicenseID to value 2596424
Set parameter LogFile to value "gurobi.log"
Using license file /Users/yunglong/Downloads/gurobi.lic
Academic license 2596424 - for non-commercial use only - registered to yu___@chalmers.se

Gurobi 12.0.0 (mac64[arm], gurobi_cl) logging started Wed Jul  9 15:51:45 2025

Set parameter WLSAccessID
Set parameter WLSSecret
Set parameter LicenseID to value 2596424
Set parameter LogFile to value "gurobi.log"
Using license file /Users/yunglong/Downloads/gurobi.lic
Academic license 2596424 - for non-commercial use only - registered to yu___@chalmers.se

Gurobi 12.0.0 (mac64[arm], gurobi_cl) logging started Wed Jul  9 16:07:16 2025

Set parameter WLSAccessID
Set parameter WLSSecret
Set parameter LicenseID to value 2596424
Set parameter LogFile to value "gurobi.log"
Using license file /Users/yunglong/Downloads/gurobi.lic
Academic license 2596424 - for non-commercial use only - registered to yu___@chalmers.se

Gurobi 12.0.0 (mac64[arm], gurobi_cl) logging started Wed Jul  9 16:24:31 2025

Set parameter WLSAccessID
Set parameter WLSSecret
Set parameter LicenseID to value 2596424
Set parameter LogFile to value "gurobi.log"
Using license file /Users/yunglong/Downloads/gurobi.lic
Academic license 2596424 - for non-commercial use only - registered to yu___@chalmers.se

Gurobi 12.0.0 (mac64[arm], gurobi_cl) logging started Wed Jul  9 16:24:53 2025

Set parameter WLSAccessID
Set parameter WLSSecret
Set parameter LicenseID to value 2596424
Set parameter LogFile to value "gurobi.log"
Using license file /Users/yunglong/Downloads/gurobi.lic
Academic license 2596424 - for non-commercial use only - registered to yu___@chalmers.se

Gurobi 12.0.0 (mac64[arm], gurobi_cl) logging started Mon Aug 18 17:14:57 2025

Set parameter WLSAccessID
Set parameter WLSSecret
Set parameter LicenseID to value 2596424
Set parameter LogFile to value "gurobi.log"
Using license file /Users/yunglong/Downloads/gurobi.lic
Academic license 2596424 - for non-commercial use only - registered to yu___@chalmers.se

Gurobi 12.0.0 (mac64[arm], gurobi_cl) logging started Mon Aug 18 17:24:22 2025

Set parameter WLSAccessID
Set parameter WLSSecret
Set parameter LicenseID to value 2596424
Set parameter LogFile to value "gurobi.log"
Using license file /Users/yunglong/Downloads/gurobi.lic
Academic license 2596424 - for non-commercial use only - registered to yu___@chalmers.se

Gurobi 12.0.0 (mac64[arm], gurobi_cl) logging started Mon Aug 18 17:26:44 2025

Set parameter WLSAccessID
Set parameter WLSSecret
Set parameter LicenseID to value 2596424
Set parameter LogFile to value "gurobi.log"
Using license file /Users/yunglong/Downloads/gurobi.lic
Academic license 2596424 - for non-commercial use only - registered to yu___@chalmers.se

Gurobi 12.0.0 (mac64[arm], gurobi_cl) logging started Mon Aug 18 17:39:57 2025

Set parameter WLSAccessID
Set parameter WLSSecret
Set parameter LicenseID to value 2596424
Set parameter LogFile to value "gurobi.log"
Using license file /Users/yunglong/Downloads/gurobi.lic
Academic license 2596424 - for non-commercial use only - registered to yu___@chalmers.se

Gurobi 12.0.0 (mac64[arm], gurobi_cl) logging started Tue Aug 19 09:18:56 2025

Set parameter WLSAccessID
Set parameter WLSSecret
Set parameter LicenseID to value 2596424
Set parameter LogFile to value "gurobi.log"
Using license file /Users/yunglong/Downloads/gurobi.lic
Academic license 2596424 - for non-commercial use only - registered to yu___@chalmers.se

Gurobi 12.0.0 (mac64[arm], gurobi_cl) logging started Tue Aug 19 09:31:08 2025

Set parameter WLSAccessID
Set parameter WLSSecret
Set parameter LicenseID to value 2596424
Set parameter LogFile to value "gurobi.log"
Using license file /Users/yunglong/Downloads/gurobi.lic
Academic license 2596424 - for non-commercial use only - registered to yu___@chalmers.se

Gurobi 12.0.0 (mac64[arm], gurobi_cl) logging started Wed Aug 20 09:11:23 2025

Set parameter WLSAccessID
Set parameter WLSSecret
Set parameter LicenseID to value 2596424
Set parameter LogFile to value "gurobi.log"
Using license file /Users/yunglong/Downloads/gurobi.lic
Academic license 2596424 - for non-commercial use only - registered to yu___@chalmers.se

Gurobi 12.0.0 (mac64[arm], gurobi_cl) logging started Wed Aug 27 22:37:54 2025

Set parameter WLSAccessID
Set parameter WLSSecret
Set parameter LicenseID to value 2596424
Set parameter LogFile to value "gurobi.log"
Using license file /Users/yunglong/Downloads/gurobi.lic
Academic license 2596424 - for non-commercial use only - registered to yu___@chalmers.se
